Date,Price,Open,High,Low,Volume,Chg%
7/27/2023,19699,19850.4,19867.15,19604.25,334.68K,-0.004
7/26/2023,19778.3,19733.35,19825.6,19716.7,244.75B,0.005
7/25/2023,19680.6,19729.35,19729.35,19615.95,369.65B,0.0004
7/24/2023,19672.35,19748.45,19782.75,19658.3,265.56B,-0.0037
7/21/2023,19745,19800.45,19887.4,19700,312.46B,-0.0117
7/20/2023,19979.15,19831.7,19991.85,19758.4,274.70B,0.0074
7/19/2023,19833.15,19802.95,19851.7,19727.45,259.66B,0.0042
7/18/2023,19749.25,19787.5,19819.45,19690.2,286.35B,0.0019
7/17/2023,19711.45,19612.15,19731.85,19562.95,268.71B,0.0075
7/14/2023,19564.5,19493.45,19595.35,19433.5,291.17B,0.0078
7/13/2023,19413.75,19495.2,19567,19385.8,310.44B,0.0015
7/12/2023,19384.3,19497.45,19507.7,19361.75,327.94B,-0.0028
7/11/2023,19439.4,19427.1,19515.1,19406.45,251.26B,0.0043
7/10/2023,19355.9,19400.35,19435.85,19327.1,268.25B,0.0012
7/7/2023,19331.8,19422.8,19523.6,19303.6,237.10B,-0.0085
7/6/2023,19497.3,19385.7,19512.2,19373,268.26B,0.0051
7/5/2023,19398.5,19405.95,19421.6,19339.6,224.42B,0.0005
7/4/2023,19389,19406.6,19434.15,19300,226.92B,0.0034
7/3/2023,19322.55,19246.5,19345.1,19234.4,226.05B,0.007
6/30/2023,19189.05,19076.85,19201.7,19024.6,247.91B,0.0114
6/28/2023,18972.1,18908.15,19011.25,18861.35,398.78B,0.0082
6/27/2023,18817.4,18748.55,18829.25,18714.25,222.46B,0.0068
6/26/2023,18691.2,18682.35,18722.05,18646.7,171.27B,0.0014
6/23/2023,18665.5,18741.85,18756.4,18647.1,210.56B,-0.0056
6/22/2023,18771.25,18853.6,18886.6,18759.5,252.70B,-0.0045
6/21/2023,18856.85,18849.4,18875.9,18794.85,217.48B,0.0021
6/20/2023,18816.7,18752.35,18839.7,18660.65,211.65B,0.0033
6/19/2023,18755.45,18873.3,18881.45,18719.15,219.82B,-0.0037
6/16/2023,18826,18723.3,18864.7,18710.5,272.77B,0.0074
6/15/2023,18688.1,18774.45,18794.1,18669.05,263.00B,-0.0036
6/14/2023,18755.9,18744.6,18769.7,18690,261.35B,0.0021
6/13/2023,18716.15,18631.8,18728.9,18631.8,233.17B,0.0062
6/12/2023,18601.5,18595.05,18633.6,18559.75,179.46B,0.0021
6/9/2023,18563.4,18655.9,18676.65,18555.4,221.76B,-0.0038
6/8/2023,18634.55,18725.35,18777.9,18615.6,286.47B,-0.0049
6/7/2023,18726.4,18665.6,18738.95,18636,260.11B,0.0068
6/6/2023,18599,18600.8,18622.75,18531.6,220.79B,0.0003
6/5/2023,18593.85,18612,18640.15,18582.8,256.11B,0.0032
6/2/2023,18534.1,18550.85,18573.7,18478.4,270.92B,0.0025
6/1/2023,18487.75,18579.4,18580.3,18464.55,265.63B,-0.0025
5/31/2023,18534.4,18594.2,18603.9,18483.85,696.50B,-0.0053
5/30/2023,18633.85,18606.65,18662.45,18575.5,234.39B,0.0019
5/29/2023,18598.65,18619.15,18641.2,18581.25,265.32B,0.0054
5/26/2023,18499.35,18368.35,18508.55,18333.15,198.67B,0.0097
5/25/2023,18321.15,18268.9,18338.1,18202.4,235.92B,0.002
5/24/2023,18285.4,18294.8,18392.6,18262.95,232.62B,-0.0034
5/23/2023,18348,18362.9,18419.75,18324.2,270.35B,0.0018
5/22/2023,18314.4,18201.1,18335.25,18178.85,262.56B,0.0061
5/19/2023,18203.4,18186.15,18218.1,18060.4,260.90B,0.0041
5/18/2023,18129.95,18287.5,18297.2,18104.85,272.10B,-0.0028
5/17/2023,18181.75,18300.45,18309,18115.35,229.90B,-0.0057
5/16/2023,18286.5,18432.35,18432.35,18264.35,219.49B,-0.0061
5/15/2023,18398.85,18339.3,18458.9,18287.9,216.09B,0.0046
5/12/2023,18314.8,18273.75,18342.75,18194.55,241.70B,0.001
5/11/2023,18297,18357.8,18389.7,18270.4,248.93B,-0.001
5/10/2023,18315.1,18313.6,18326.75,18211.95,220.45B,0.0027
5/9/2023,18265.95,18303.4,18344.2,18229.65,245.37B,0.0001
5/8/2023,18264.4,18120.6,18286.95,18100.3,228.40B,0.0108
5/5/2023,18069,18117.3,18216.95,18055.45,239.70B,-0.0102
5/4/2023,18255.8,18081,18267.45,18066.7,226.64B,0.0092
5/3/2023,18089.85,18113.8,18116.35,18042.4,226.17B,-0.0032
5/2/2023,18147.65,18124.8,18180.25,18101.75,265.22B,0.0046
4/28/2023,18065,17950.4,18089.15,17885.3,290.26B,0.0084
4/27/2023,17915.05,17813.1,17931.6,17797.9,241.43B,0.0057
4/26/2023,17813.6,17767.3,17827.75,17711.2,233.01B,0.0025
4/25/2023,17769.25,17761.55,17807.45,17716.85,297.45B,0.0015
4/24/2023,17743.4,17707.55,17754.5,17612.5,255.74B,0.0068
4/21/2023,17624.05,17639.75,17663.2,17553.95,230.16B,0
4/20/2023,17624.45,17638.6,17684.45,17584.35,215.10B,0.0003
4/19/2023,17618.75,17653.35,17666.15,17579.85,281.46B,-0.0023
4/18/2023,17660.15,17766.6,17766.6,17610.2,258.86B,-0.0026
4/17/2023,17706.85,17863,17863,17574.05,357.40B,-0.0068
4/13/2023,17828,17807.3,17842.15,17729.65,285.76B,0.0009
4/12/2023,17812.4,17759.55,17825.75,17717.25,232.82B,0.0051
4/11/2023,17722.3,17704.8,17748.75,17655.15,304.26B,0.0056
4/10/2023,17624.05,17634.9,17694.1,17597.95,254.82B,0.0014
4/6/2023,17599.15,17533.85,17638.7,17502.85,242.71B,0.0024
4/5/2023,17557.05,17422.3,17570.55,17402.7,248.35B,0.0091
4/3/2023,17398.05,17427.95,17428.05,17312.75,230.17B,0.0022
3/31/2023,17359.75,17210.35,17381.6,17204.65,263.89B,0.0163
3/29/2023,17080.7,16977.3,17126.15,16940.6,345.91B,0.0076
3/28/2023,16951.7,17031.75,17061.75,16913.75,238.84B,-0.002
3/27/2023,16985.7,16984.3,17091,16918.55,218.42B,0.0024
3/24/2023,16945.05,17076.2,17109.45,16917.35,228.04B,-0.0077
3/23/2023,17076.9,17097.4,17205.4,17045.3,219.17B,-0.0044
3/22/2023,17151.9,17177.45,17207.25,17107.85,0,0.0026
3/21/2023,17107.5,17060.4,17127.7,17016,246.74B,0.007
3/20/2023,16988.4,17066.6,17066.6,16828.35,241.78B,-0.0065
3/17/2023,17100.05,17111.8,17145.8,16958.15,408.12B,0.0067
3/16/2023,16985.6,16994.65,17062.45,16850.15,349.82B,0.0008
3/15/2023,16972.15,17166.45,17211.35,16938.9,248.19B,-0.0042
3/14/2023,17043.3,17160.55,17224.65,16987.1,290.60B,-0.0065
3/13/2023,17154.3,17421.9,17529.9,17113.45,254.91B,-0.0149
3/10/2023,17412.9,17443.8,17451.5,17324.35,235.93B,-0.01
3/9/2023,17589.6,17772.05,17772.35,17573.6,262.35B,-0.0093
3/8/2023,17754.4,17665.75,17766.5,17602.25,267.04B,0.0024
3/6/2023,17711.45,17680.35,17799.95,17671.95,362.80B,0.0067
3/3/2023,17594.35,17451.25,17644.75,17427.7,356.17B,0.0157
3/2/2023,17321.9,17421.5,17445.8,17306,310.67B,-0.0074
3/1/2023,17450.9,17360.1,17467.75,17345.25,272.88B,0.0085
2/28/2023,17303.95,17383.25,17440.45,17255.2,420.88B,-0.0051
2/27/2023,17392.7,17428.6,17451.6,17299,246.45B,-0.0042
2/24/2023,17465.8,17591.35,17599.75,17421.8,209.41B,-0.0026
2/23/2023,17511.25,17574.65,17620.05,17455.4,240.81B,-0.0025
2/22/2023,17554.3,17755.35,17772.5,17529.45,204.02B,-0.0153
2/21/2023,17826.7,17905.8,17924.9,17800.3,198.25B,-0.001
2/20/2023,17844.6,17965.55,18004.35,17818.4,174.56B,-0.0056
2/17/2023,17944.2,17974.85,18034.25,17884.6,208.05B,-0.0051
2/16/2023,18035.85,18094.75,18134.75,18000.65,230.25B,0.0011
2/15/2023,18015.85,17896.6,18034.1,17853.8,229.27B,0.0048
2/14/2023,17929.85,17840.35,17954.55,17800.05,244.51B,0.0089
2/13/2023,17770.9,17859.1,17880.7,17719.75,231.28B,-0.0048
2/10/2023,17856.5,17847.55,17876.95,17801,231.99B,-0.0021
2/9/2023,17893.45,17885.5,17916.9,17779.8,260.85B,0.0012
2/8/2023,17871.7,17750.3,17898.7,17744.15,290.99B,0.0085
2/7/2023,17721.5,17790.1,17811.15,17652.55,354.40B,-0.0024
2/6/2023,17764.6,17818.55,17823.7,17698.35,282.54B,-0.005
2/3/2023,17854.05,17721.75,17870.3,17584.2,424.12B,0.0138
2/2/2023,17610.4,17517.1,17653.9,17445.95,490.11B,-0.0003
2/1/2023,17616.3,17811.6,17972.2,17353.4,512.87B,-0.0026
1/31/2023,17662.15,17731.45,17735.7,17537.55,398.34B,0.0007
1/30/2023,17648.95,17541.95,17709.15,17405.55,432.43B,0.0025
1/27/2023,17604.35,17877.2,17884.75,17493.55,476.34B,-0.0161
1/25/2023,17891.95,18093.35,18100.6,17846.15,257.23B,-0.0125
1/24/2023,18118.3,18183.95,18201.25,18078.65,216.91B,0
1/23/2023,18118.55,18118.45,18162.6,18063.45,202.46B,0.005
1/20/2023,18027.65,18115.6,18145.45,18016.2,237.23B,-0.0044
1/19/2023,18107.85,18119.8,18155.2,18063.75,237.83B,-0.0032
1/18/2023,18165.35,18074.3,18183.75,18032.45,255.84B,0.0062
1/17/2023,18053.3,17922.8,18072.05,17886.95,219.06B,0.0089
1/16/2023,17894.85,18033.15,18049.65,17853.65,206.20B,-0.0034
1/13/2023,17956.6,17867.5,17999.35,17774.25,256.70B,0.0055
1/12/2023,17858.2,17920.85,17945.8,17761.65,227.77B,-0.0021
1/11/2023,17895.7,17924.25,17976.35,17824.35,259.85B,-0.001
1/10/2023,17914.15,18121.3,18127.6,17856,283.28B,-0.0103
1/9/2023,18101.2,17952.55,18141.4,17936.15,257.24B,0.0135
1/6/2023,17859.45,18008.05,18047.4,17795.55,238.22B,-0.0074
1/5/2023,17992.15,18101.95,18120.3,17892.6,269.95B,-0.0028
1/4/2023,18042.95,18230.65,18243,18020.6,235.16B,-0.0104
1/3/2023,18232.55,18163.2,18251.95,18149.8,208.70B,0.0019
1/2/2023,18197.45,18131.7,18215.15,18086.5,256.07B,0.0051
12/30/2022,18105.3,18259.1,18265.25,18080.3,192.01B,-0.0047
12/29/2022,18191,18045.7,18229.7,17992.8,281.05B,0.0038
12/28/2022,18122.5,18084.75,18173.1,18068.35,193.87B,-0.0005
12/27/2022,18132.3,18089.8,18149.25,17967.45,214.26B,0.0065
12/26/2022,18014.6,17830.4,18084.1,17774.25,176.65B,0.0117
12/23/2022,17806.8,17977.65,18050.45,17779.5,221.45B,-0.0177
12/22/2022,18127.35,18288.8,18318.75,18068.6,195.70B,-0.0039
12/21/2022,18199.1,18435.15,18473.35,18162.75,187.59B,-0.0101
12/20/2022,18385.3,18340.3,18404.9,18202.65,169.04B,-0.0019
12/19/2022,18420.45,18288.1,18431.65,18244.55,154.85B,0.0083
12/16/2022,18269,18319.1,18440.95,18255.15,277.65B,-0.0079
12/15/2022,18414.9,18614.4,18652.9,18387.7,183.13B,-0.0132
12/14/2022,18660.3,18671.25,18696.1,18632.9,208.03B,0.0028
12/13/2022,18608,18524.4,18617.25,18490.2,187.59B,0.006
12/12/2022,18497.15,18402.15,18521.55,18345.7,193.88B,0
12/9/2022,18496.6,18662.4,18664.7,18410.1,215.84B,-0.0061
12/8/2022,18609.35,18570.85,18625,18536.95,202.81B,0.0026
12/7/2022,18560.5,18638.85,18668.3,18528.4,200.50B,-0.0044
12/6/2022,18642.75,18600.65,18654.9,18577.9,217.78B,-0.0031
12/5/2022,18701.05,18719.55,18728.6,18591.35,288.39B,0.0003
12/2/2022,18696.1,18752.4,18781.95,18639.2,254.40B,-0.0062
12/1/2022,18812.5,18871.95,18887.6,18778.2,324.96B,0.0029
11/30/2022,18758.35,18625.7,18816.05,18616.55,345.64B,0.0075
11/29/2022,18618.05,18552.45,18678.1,18552.15,195.26B,0.003
11/28/2022,18562.75,18430.55,18614.25,18365.6,206.47B,0.0027
11/25/2022,18512.75,18528.45,18534.9,18445.1,205.88B,0.0016
11/24/2022,18484.1,18326.1,18529.7,18294.25,204.04B,0.0119
11/23/2022,18267.25,18325.2,18325.4,18246,178.79B,0.0013
11/22/2022,18244.2,18179.15,18261.85,18137.7,177.68B,0.0046
11/21/2022,18159.95,18246.4,18262.3,18133.35,213.79B,-0.0081
11/18/2022,18307.65,18382.95,18394.6,18209.8,198.79B,-0.002
11/17/2022,18343.9,18358.7,18417.6,18312.95,200.51B,-0.0036
11/16/2022,18409.65,18398.25,18442.15,18344.15,219.27B,0.0003
11/15/2022,18403.4,18362.75,18427.95,18282,250.93B,0.0041
11/14/2022,18329.15,18376.4,18399.45,18311.4,301.40B,-0.0011
11/11/2022,18349.7,18272.35,18362.3,18259.35,378.47B,0.0178
11/10/2022,18028.2,18044.35,18103.1,17969.4,256.45B,-0.0071
11/9/2022,18157,18288.25,18296.4,18117.5,307.16B,-0.0025
11/7/2022,18202.8,18211.75,18255.5,18064.75,314.76B,0.0047
11/4/2022,18117.15,18053.4,18135.1,18017.15,267.94B,0.0036
11/3/2022,18052.7,17968.35,18106.3,17959.2,212.97B,-0.0017
11/2/2022,18082.85,18177.9,18178.75,18048.65,270.88B,-0.0034
11/1/2022,18145.4,18130.7,18175.8,18060.15,349.92B,0.0074
10/31/2022,18012.2,17910.2,18022.8,17899.9,227.17B,0.0127
10/28/2022,17786.8,17756.4,17838.9,17723.7,250.03B,0.0028
10/27/2022,17736.95,17771.4,17783.9,17654.5,324.65B,0.0046
10/25/2022,17656.35,17808.3,17811.5,17637,251.36B,-0.0042
10/24/2022,17730.75,17736.35,17777.55,17707.4,45.03B,0.0088
10/21/2022,17576.3,17622.85,17670.15,17520.75,277.70B,0.0007
10/20/2022,17563.95,17423.1,17584.15,17421,249.60B,0.003
10/19/2022,17512.25,17568.15,17607.6,17472.85,210.48B,0.0014
10/18/2022,17486.95,17438.75,17527.8,17434.05,239.49B,0.0101
10/17/2022,17311.8,17144.8,17328.55,17098.55,212.22B,0.0073
10/14/2022,17185.7,17322.3,17348.55,17169.75,227.00B,0.0101
10/13/2022,17014.35,17087.35,17112.35,16956.95,266.44B,-0.0064
10/12/2022,17123.6,17025.55,17142.35,16960.05,256.04B,0.0082
10/11/2022,16983.55,17256.05,17261.8,16950.3,282.62B,-0.0149
10/10/2022,17241,17094.35,17280.15,17064.7,234.01B,-0.0043
10/7/2022,17314.65,17287.2,17337.35,17216.95,216.27B,-0.001
10/6/2022,17331.8,17379.25,17428.8,17315.65,265.45B,0.0033
10/4/2022,17274.3,17147.45,17287.3,17117.3,226.02B,0.0229
10/3/2022,16887.35,17102.1,17114.65,16855.55,278.37B,-0.0121
9/30/2022,17094.35,16798.05,17187.1,16747.7,376.11B,0.0164
9/29/2022,16818.1,16993.6,17026.05,16788.6,340.03B,-0.0024
9/28/2022,16858.6,16870.55,17037.6,16820.4,323.92B,-0.0087
9/27/2022,17007.4,17110.9,17176.45,16942.35,359.90B,-0.0005
9/26/2022,17016.3,17156.3,17196.4,16978.3,492.00B,-0.018
9/23/2022,17327.35,17593.85,17642.15,17291.65,390.75B,-0.0172
9/22/2022,17629.8,17609.65,17722.75,17532.45,284.09B,-0.005
9/21/2022,17718.35,17766.35,17838.7,17663.6,245.53B,-0.0055
9/20/2022,17816.25,17770.4,17919.3,17744.4,263.10B,0.011
9/19/2022,17622.25,17540.65,17667.2,17429.7,258.33B,0.0052
9/16/2022,17530.85,17796.8,17820.05,17497.25,468.46B,-0.0194
9/15/2022,17877.4,18046.35,18096.15,17861.5,289.64B,-0.007
9/14/2022,18003.75,17771.15,18091.55,17771.15,365.87B,-0.0037
9/13/2022,18070.05,18044.45,18088.3,18015.45,259.92B,0.0075
9/12/2022,17936.35,17890.85,17980.55,17889.15,228.24B,0.0058
9/9/2022,17833.35,17923.35,17925.95,17786,270.30B,0.0019
9/8/2022,17798.75,17748.15,17807.65,17691.95,279.85B,0.0099
9/7/2022,17624.4,17519.4,17650.75,17484.3,354.14B,-0.0018
9/6/2022,17655.6,17695.7,17764.65,17587.65,251.20B,-0.0006
9/5/2022,17665.8,17546.45,17683.15,17540.35,230.31B,0.0072
9/2/2022,17539.45,17598.4,17643.85,17476.45,256.27B,-0.0002
9/1/2022,17542.8,17485.7,17695.6,17468.45,308.53B,-0.0122
8/30/2022,17759.3,17414.95,17777.65,17401.5,324.69B,0.0258
8/29/2022,17312.9,17188.65,17380.15,17166.2,244.85B,-0.014
8/26/2022,17558.9,17619.3,17685.85,17519.35,266.64B,0.0021
8/25/2022,17522.45,17679,17726.5,17487.45,230.18B,-0.0047
8/24/2022,17604.95,17525.45,17623.65,17499.25,261.95B,0.0016
8/23/2022,17577.5,17357.35,17625.55,17345.2,285.62B,0.005
8/22/2022,17490.7,17682.9,17690.05,17467.35,287.56B,-0.0151
8/19/2022,17758.45,17966.55,17992.2,17710.75,295.63B,-0.011
8/18/2022,17956.5,17898.65,17968.45,17852.05,263.91B,0.0007
8/17/2022,17944.25,17868.15,17965.95,17833.35,262.77B,0.0067
8/16/2022,17825.25,17797.2,17839.1,17764.05,0,0.0072
8/12/2022,17698.15,17659.65,17724.65,17597.85,303.87B,0.0022
8/11/2022,17659,17711.65,17719.3,17631.95,311.25B,0.0071
8/10/2022,17534.75,17566.1,17566.1,17442.8,312.72B,0.0006
8/8/2022,17525.1,17401.5,17548.8,17359.75,256.99B,0.0073
8/5/2022,17397.5,17423.65,17474.4,17348.75,355.31B,0.0009
8/4/2022,17382,17463.1,17490.7,17161.25,324.98B,-0.0004
8/3/2022,17388.15,17349.25,17407.5,17225.85,285.41B,0.0025
8/2/2022,17345.45,17310.15,17390.15,17215.85,333.64B,0.0003
8/1/2022,17340.05,17243.2,17356.25,17154.8,381.53B,0.0106
7/29/2022,17158.25,17079.5,17172.8,17018.15,436.06B,0.0135
7/28/2022,16929.6,16774.85,16947.65,16746.25,376.26B,0.0173
7/27/2022,16641.8,16475.35,16653.45,16438.75,185.21B,0.0096
7/26/2022,16483.85,16632.9,16636.1,16463.3,208.21B,-0.0088
7/25/2022,16631,16662.55,16706.05,16564.25,211.39B,-0.0053
7/22/2022,16719.45,16661.25,16752.25,16610.9,190.91B,0.0069
7/21/2022,16605.25,16523.55,16626.95,16483.9,243.63B,0.0051
7/20/2022,16520.85,16562.8,16588,16490.95,284.36B,0.011
7/19/2022,16340.55,16187.05,16359.5,16187.05,222.63B,0.0038
7/18/2022,16278.5,16151.4,16287.95,16142.2,227.74B,0.0143
7/15/2022,16049.2,16010.8,16066.95,15927.3,205.77B,0.0069
7/14/2022,15938.65,16018.85,16070.85,15858.2,228.60B,-0.0018
7/13/2022,15966.65,16128.2,16140,15950.15,233.26B,-0.0057
7/12/2022,16058.3,16126.2,16158.75,16031.15,208.65B,-0.0097
7/11/2022,16216,16136.15,16248.55,16115.5,255.92B,-0.0003
7/8/2022,16220.6,16273.65,16275.5,16157.9,281.10B,0.0054
7/7/2022,16132.9,16113.75,16150.5,16045.95,264.62B,0.0089
7/6/2022,15989.8,15818.2,16011.35,15800.9,288.38B,0.0113
7/5/2022,15810.85,15909.15,16025.75,15785.45,254.16B,-0.0015
7/4/2022,15835.35,15710.5,15852.35,15661.8,304.33B,0.0053
7/1/2022,15752.05,15703.7,15793.95,15511.05,364.09B,-0.0018
6/30/2022,15780.25,15774.5,15890,15728.85,306.03B,-0.0012
6/29/2022,15799.1,15701.7,15861.6,15687.8,444.95B,-0.0032
6/28/2022,15850.2,15757.45,15892.1,15710.15,251.87B,0.0011
6/27/2022,15832.05,15926.2,15927.45,15815.5,210.93B,0.0085
6/24/2022,15699.25,15657.4,15749.25,15619.45,219.60B,0.0092
6/23/2022,15556.65,15451.55,15628.45,15367.5,259.17B,0.0093
6/22/2022,15413.3,15545.65,15565.4,15385.95,220.89B,-0.0144
6/21/2022,15638.8,15455.95,15707.25,15419.85,262.79B,0.0188
6/20/2022,15350.15,15334.5,15382.5,15191.1,260.02B,0.0037
6/17/2022,15293.5,15272.65,15400.4,15183.4,342.63B,-0.0044
6/16/2022,15360.6,15832.25,15863.15,15335.1,264.74B,-0.0211
6/15/2022,15692.15,15729.25,15783.65,15678.9,183.01B,-0.0025
6/14/2022,15732.1,15674.25,15858,15659.45,225.43B,-0.0027
6/13/2022,15774.4,15877.55,15886.15,15684,225.53B,-0.0264
6/10/2022,16201.8,16283.95,16324.7,16172.6,189.68B,-0.0168
6/9/2022,16478.1,16263.85,16492.8,16243.85,204.95B,0.0074
6/8/2022,16356.25,16474.95,16514.3,16293.35,243.48B,-0.0037
6/7/2022,16416.35,16469.6,16487.25,16347.1,233.81B,-0.0092
6/6/2022,16569.55,16530.7,16610.95,16444.55,233.59B,-0.0009
6/3/2022,16584.3,16761.65,16793.85,16567.9,245.51B,-0.0026
6/2/2022,16628,16481.65,16646.4,16443.05,235.96B,0.0064
6/1/2022,16522.75,16594.4,16649.2,16438.85,249.62B,-0.0037
5/31/2022,16584.55,16578.45,16690.75,16521.9,651.61B,-0.0046
5/30/2022,16661.4,16527.9,16695.5,16506.15,251.40B,0.0189
5/27/2022,16352.45,16296.6,16370.6,16221.95,274.06B,0.0113
5/26/2022,16170.15,16105,16204.45,15903.7,314.31B,0.009
5/25/2022,16025.8,16196.35,16223.35,16006.95,243.34B,-0.0062
5/24/2022,16125.15,16225.55,16262.8,16078.6,249.78B,-0.0055
5/23/2022,16214.7,16290.95,16414.7,16185.75,293.83B,-0.0032
5/20/2022,16266.15,16043.8,16283.05,16003.85,252.40B,0.0289
5/19/2022,15809.4,15917.4,15984.75,15775.2,313.88B,-0.0265
5/18/2022,16240.3,16318.15,16399.8,16211.2,290.44B,-0.0012
5/17/2022,16259.3,15912.6,16284.25,15900.8,295.69B,0.0263
5/16/2022,15842.3,15845.1,15977.95,15739.65,217.65B,0.0038
5/13/2022,15782.15,15977,16083.6,15740.85,369.14B,-0.0016
5/12/2022,15808,16021.1,16041.95,15735.75,314.92B,-0.0222
5/11/2022,16167.1,16270.05,16318.75,15992.6,284.29B,-0.0045
5/10/2022,16240.05,16248.9,16404.55,16197.3,283.06B,-0.0038
5/9/2022,16301.85,16227.7,16403.7,16142.1,288.40B,-0.0067
5/6/2022,16411.25,16415.55,16484.2,16340.9,300.53B,-0.0163
5/5/2022,16682.65,16854.75,16945.7,16651.85,265.79B,0.0003
5/4/2022,16677.6,17096.6,17132.85,16623.95,310.63B,-0.0229
5/2/2022,17069.1,16924.45,17092.25,16917.25,278.16B,-0.002
4/29/2022,17102.55,17329.25,17377.65,17053.25,336.24B,-0.0083
4/28/2022,17245.05,17189.5,17322.5,17071.05,312.91B,0.0121
4/27/2022,17038.4,17073.35,17110.7,16958.45,265.14B,-0.0094
4/26/2022,17200.8,17121.3,17223.85,17064.45,261.07B,0.0146
4/25/2022,16953.95,17009.05,17054.3,16888.7,275.69B,-0.0127
4/22/2022,17171.95,17242.75,17315.3,17149.2,262.74B,-0.0127
4/21/2022,17392.6,17234.6,17414.7,17215.5,285.20B,0.0149
4/20/2022,17136.55,17045.25,17186.9,16978.95,286.07B,0.0105
4/19/2022,16958.65,17258.95,17275.65,16824.7,401.40B,-0.0125
4/18/2022,17173.65,17183.45,17237.75,17067.85,376.13B,-0.0173
4/13/2022,17475.65,17599.9,17663.65,17457.4,245.06B,-0.0031
4/12/2022,17530.3,17584.85,17595.3,17442.35,266.03B,-0.0082
4/11/2022,17674.95,17740.9,17779.05,17650.95,251.70B,-0.0062
4/8/2022,17784.35,17698.15,17842.75,17600.55,274.45B,0.0082
4/7/2022,17639.55,17723.3,17787.5,17623.7,308.84B,-0.0094
4/6/2022,17807.65,17842.75,17901,17779.85,328.82B,-0.0083
4/5/2022,17957.4,18080.6,18095.45,17921.55,283.45B,-0.0053
4/4/2022,18053.4,17809.1,18114.65,17791.4,345.53B,0.0217
4/1/2022,17670.45,17436.9,17703.7,17422.7,291.77B,0.0118
3/31/2022,17464.75,17519.2,17559.8,17435.2,281.11B,-0.0019
3/30/2022,17498.25,17468.15,17522.5,17387.2,505.03B,0.01
3/29/2022,17325.3,17297.2,17343.65,17235.7,235.15B,0.006
3/28/2022,17222,17181.85,17235.1,17003.9,253.24B,0.004
3/25/2022,17153,17289,17294.9,17076.55,237.12B,-0.004
3/24/2022,17222.75,17094.95,17291.75,17091.15,290.28B,-0.0013
3/23/2022,17245.65,17405.05,17442.4,17199.6,292.12B,-0.004
3/22/2022,17315.5,17120.4,17334.4,17006.3,338.26B,0.0116
3/21/2022,17117.6,17329.5,17353.35,17096.4,285.45B,-0.0098
3/17/2022,17287.05,17202.9,17344.6,17175.75,448.34B,0.0184
3/16/2022,16975.35,16876.65,16987.9,16837.85,259.97B,0.0187
3/15/2022,16663,16900.65,16927.75,16555,381.63B,-0.0123
3/14/2022,16871.3,16633.7,16887.95,16606.5,314.67B,0.0145
3/11/2022,16630.45,16528.8,16694.4,16470.9,343.72B,0.0021
3/10/2022,16594.9,16757.1,16757.3,16447.9,486.45B,0.0153
3/9/2022,16345.35,16078,16418.05,15990,462.23B,0.0207
3/8/2022,16013.45,15747.75,16028.75,15671.45,543.60B,0.0095
3/7/2022,15863.15,15867.95,15944.6,15711.45,585.40B,-0.0235
3/4/2022,16245.35,16339.45,16456,16133.8,456.14B,-0.0153
3/3/2022,16498.05,16723.2,16768.95,16442.95,442.07B,-0.0065
3/2/2022,16605.95,16593.1,16678.5,16478.65,517.72B,-0.0112
2/28/2022,16793.9,16481.6,16815.9,16356.3,404.21B,0.0081
2/25/2022,16658.4,16515.65,16748.8,16478.3,329.78B,0.0253
2/24/2022,16247.95,16548.9,16705.25,16203.25,457.97B,-0.0478
2/23/2022,17063.25,17194.5,17220.7,17027.85,200.23B,-0.0017
2/22/2022,17092.2,16847.95,17148.55,16843.8,300.13B,-0.0067
2/21/2022,17206.65,17192.25,17351.05,17070.7,215.18B,-0.004
2/18/2022,17276.3,17236.05,17380.8,17219.2,189.62B,-0.0016
2/17/2022,17304.6,17396.55,17442.9,17235.85,232.14B,-0.001
2/16/2022,17322.2,17408.45,17490.6,17257.7,244.55B,-0.0017
2/15/2022,17352.45,16933.25,17375,16839.25,298.66B,0.0303
2/14/2022,16842.8,17076.15,17099.5,16809.65,305.51B,-0.0306
2/11/2022,17374.75,17451,17454.75,17303,253.14B,-0.0131
2/10/2022,17605.85,17554.1,17639.45,17427.15,273.61B,0.0081
2/9/2022,17463.8,17370.1,17477.15,17339,236.35B,0.0114
2/8/2022,17266.75,17279.85,17306.45,17043.65,268.53B,0.0031
2/7/2022,17213.6,17456.3,17536.75,17119.4,265.04B,-0.0173
2/4/2022,17516.3,17590.2,17617.8,17462.55,261.43B,-0.0025
2/3/2022,17560.2,17767.75,17781.15,17511.15,226.61B,-0.0124
2/2/2022,17780,17706.2,17794.6,17674.8,271.21B,0.0116
2/1/2022,17576.85,17529.45,17622.4,17244.55,386.39B,0.0137
1/31/2022,17339.85,17301.05,17410,17264.15,321.66B,0.0139
1/28/2022,17101.95,17208.3,17373.5,17077.1,355.28B,-0.0005
1/27/2022,17110.15,17062,17182.5,16866.75,395.60B,-0.0097
1/25/2022,17277.95,17001.55,17309.15,16836.8,326.52B,0.0075
1/24/2022,17149.1,17575.15,17599.4,16997.85,323.85B,-0.0266
1/21/2022,17617.15,17613.7,17707.6,17485.85,277.65B,-0.0079
1/20/2022,17757,17921,17943.7,17648.45,258.09B,-0.0101
1/19/2022,17938.4,18129.2,18129.2,17884.9,276.66B,-0.0096
1/18/2022,18113.05,18337.2,18350.95,18085.9,227.51B,-0.0107
1/17/2022,18308.1,18235.65,18321.55,18228.75,266.70B,0.0029
1/14/2022,18255.75,18185,18286.95,18119.65,229.45B,-0.0001
1/13/2022,18257.8,18257,18272.25,18163.8,303.70B,0.0025
1/12/2022,18212.35,18170.4,18227.95,18128.8,244.97B,0.0087
1/11/2022,18055.75,17997.75,18081.25,17964.4,220.24B,0.0029
1/10/2022,18003.3,17913.3,18017.45,17879.15,232.42B,0.0107
1/7/2022,17812.7,17797.6,17905,17704.55,239.34B,0.0038
1/6/2022,17745.9,17768.5,17797.95,17655.55,236.45B,-0.01
1/5/2022,17925.25,17820.1,17944.7,17748.85,251.46B,0.0067
1/4/2022,17805.25,17681.4,17827.6,17593.55,247.44B,0.0102
1/3/2022,17625.7,17387.15,17646.65,17383.3,200.46B,0.0157
12/31/2021,17354.05,17244.5,17400.8,17238.5,167.03B,0.0087
12/30/2021,17203.95,17201.45,17264.05,17146.35,320.83B,-0.0006
12/29/2021,17213.6,17220.1,17285.95,17176.65,161.68B,-0.0011
12/28/2021,17233.25,17177.6,17250.25,17161.15,176.03B,0.0086
12/27/2021,17086.25,16937.75,17112.05,16833.2,144.78B,0.0049
12/24/2021,17003.75,17149.5,17155.6,16909.6,182.56B,-0.004
12/23/2021,17072.6,17066.8,17118.65,17015.55,196.97B,0.0069
12/22/2021,16955.45,16865.55,16971,16819.5,207.95B,0.011
12/21/2021,16770.85,16773.15,16936.4,16688.25,241.03B,0.0094
12/20/2021,16614.2,16824.25,16840.1,16410.2,330.61B,-0.0218
12/17/2021,16985.2,17276,17298.15,16966.45,354.59B,-0.0153
12/16/2021,17248.4,17373,17379.35,17184.95,219.50B,0.0016
12/15/2021,17221.4,17323.65,17351.2,17192.2,214.97B,-0.006
12/14/2021,17324.9,17283.2,17376.2,17225.8,270.97B,-0.0025
12/13/2021,17368.25,17619.1,17639.5,17355.95,256.56B,-0.0082
12/10/2021,17511.3,17476.05,17534.35,17405.25,204.47B,-0.0003
12/9/2021,17516.85,17524.4,17543.25,17379.6,237.17B,0.0027
12/8/2021,17469.75,17315.25,17484.6,17308.95,257.79B,0.0171
12/7/2021,17176.7,17044.1,17251.65,16987.75,254.14B,0.0156
12/6/2021,16912.25,17209.05,17216.75,16891.7,231.72B,-0.0165
12/3/2021,17196.7,17424.9,17489.8,17180.8,292.53B,-0.0118
12/2/2021,17401.65,17183.2,17420.35,17149.3,279.87B,0.0137
12/1/2021,17166.9,17104.4,17213.05,17064.25,295.54B,0.0108
11/30/2021,16983.2,17051.15,17324.65,16931.4,498.00B,-0.0041
11/29/2021,17053.95,17055.8,17160.7,16782.4,348.89B,0.0016
11/26/2021,17026.45,17338.75,17355.4,16985.7,356.33B,-0.0291
11/25/2021,17536.25,17417.3,17564.35,17351.7,255.95B,0.007
11/24/2021,17415.05,17550.05,17600.6,17354,298.05B,-0.005
11/23/2021,17503.35,17281.75,17553.7,17216.1,308.84B,0.005
11/22/2021,17416.55,17796.25,17805.25,17280.45,356.40B,-0.0196
11/18/2021,17764.8,17890.55,17945.6,17688.5,278.43B,-0.0075
11/17/2021,17898.65,17939.35,18022.65,17879.25,295.72B,-0.0056
11/16/2021,17999.2,18127.05,18132.65,17958.8,267.43B,-0.0061
11/15/2021,18109.45,18140.95,18210.15,18071.3,280.43B,0.0004
11/12/2021,18102.75,17977.6,18123,17905.9,249.11B,0.0128
11/11/2021,17873.6,17967.45,17971.35,17798.2,232.12B,-0.008
11/10/2021,18017.2,17973.45,18061.25,17915,261.45B,-0.0015
11/9/2021,18044.25,18084.35,18112.6,17983.05,270.20B,-0.0013
11/8/2021,18068.55,18040.2,18087.8,17836.1,338.92B,0.0085
11/4/2021,17916.8,17935.05,17947.55,17900.6,48.52B,0.0049
11/3/2021,17829.2,17947.95,17988.75,17757.95,331.00B,-0.0033
11/2/2021,17888.95,17970.9,18012.25,17847.6,296.44B,-0.0023
11/1/2021,17929.65,17783.15,17954.1,17697.1,281.19B,0.0146
10/29/2021,17671.65,17833.05,17915.85,17613.1,336.47B,-0.0104
10/28/2021,17857.25,18187.65,18190.7,17799.45,374.21B,-0.0194
10/27/2021,18210.95,18295.85,18342.05,18167.9,335.25B,-0.0031
10/26/2021,18268.4,18154.5,18310.45,18099.3,341.38B,0.0079
10/25/2021,18125.4,18229.5,18241.4,17968.5,418.70B,0.0006
10/22/2021,18114.9,18230.7,18314.25,18034.35,324.75B,-0.0035
10/21/2021,18178.1,18382.7,18384.2,18048,365.90B,-0.0048
10/20/2021,18266.6,18439.9,18458.3,18209.35,371.28B,-0.0083
10/19/2021,18418.75,18602.35,18604.45,18377.7,368.23B,-0.0032
10/18/2021,18477.05,18500.1,18543.15,18445.3,469.88B,0.0076
10/14/2021,18338.55,18272.85,18350.75,18248.7,538.71B,0.0097
10/13/2021,18161.75,18097.85,18197.8,18050.75,506.68B,0.0094
10/12/2021,17991.95,17915.8,18008.65,17864.95,355.57B,0.0026
10/11/2021,17945.95,17867.55,18041.95,17839.1,375.76B,0.0028
10/8/2021,17895.2,17886.85,17941.85,17840.35,324.07B,0.0059
10/7/2021,17790.35,17810.55,17857.55,17763.8,419.89B,0.0082
10/6/2021,17646,17861.5,17884.6,17613.15,395.83B,-0.0099
10/5/2021,17822.3,17661.35,17833.45,17640.9,427.00B,0.0074
10/4/2021,17691.25,17615.55,17750.9,17581.35,295.76B,0.0091
10/1/2021,17532.05,17531.9,17557.15,17452.9,305.76B,-0.0049
9/30/2021,17618.15,17718.9,17742.15,17585.35,378.59B,-0.0053
9/29/2021,17711.3,17657.95,17781.75,17608.15,562.24B,-0.0021
9/28/2021,17748.6,17906.45,17912.85,17576.1,398.00B,-0.006
9/27/2021,17855.1,17932.2,17943.5,17802.9,295.71B,0.0001
9/24/2021,17853.2,17897.45,17947.65,17819.4,360.13B,0.0017
9/23/2021,17822.95,17670.85,17843.9,17646.55,320.51B,0.0157
9/22/2021,17546.65,17580.9,17610.45,17524,295.19B,-0.0009
9/21/2021,17562,17450.5,17578.35,17326.1,363.58B,0.0095
9/20/2021,17396.9,17443.85,17622.75,17361.8,339.10B,-0.0107
9/17/2021,17585.15,17709.65,17792.95,17537.65,508.29B,-0.0025
9/16/2021,17629.5,17539.2,17644.6,17510.45,503.31B,0.0063
9/15/2021,17519.45,17387.65,17532.7,17386.9,388.19B,0.008
9/14/2021,17380,17420.35,17438.55,17367.05,230.35B,0.0014
9/13/2021,17355.3,17363.55,17378.35,17269.15,241.05B,-0.0008
9/9/2021,17369.25,17312.85,17379.65,17302.7,241.51B,0.0009
9/8/2021,17353.5,17375.75,17383.4,17254.2,252.65B,-0.0005
9/7/2021,17362.1,17401.55,17436.5,17287,243.42B,-0.0009
9/6/2021,17377.8,17399.35,17429.55,17345.55,228.05B,0.0031
9/3/2021,17323.6,17262.45,17340.1,17212.2,261.37B,0.0052
9/2/2021,17234.15,17095.4,17245.5,17059.7,242.38B,0.0092
9/1/2021,17076.25,17185.6,17225.75,17055.05,301.89B,-0.0033
8/31/2021,17132.2,16947.5,17153.5,16915.85,464.39B,0.0119
8/30/2021,16931.05,16775.85,16951.5,16764.85,283.48B,0.0135
8/27/2021,16705.2,16642.55,16722.05,16565.6,217.41B,0.0041
8/26/2021,16636.9,16627.95,16683.7,16603.4,253.53B,0.0001
8/25/2021,16634.65,16654,16712.45,16617.5,265.92B,0.0006
8/24/2021,16624.6,16561.4,16647.1,16495.3,275.36B,0.0078
8/23/2021,16496.45,16592.25,16592.5,16395.7,275.60B,0.0028
8/20/2021,16450.5,16382.5,16509.55,16376.05,350.82B,-0.0071
8/18/2021,16568.85,16691.95,16701.85,16535.85,251.80B,-0.0028
8/17/2021,16614.6,16545.25,16628.55,16495.4,297.39B,0.0031
8/16/2021,16563.05,16518.4,16589.4,16480.75,254.05B,0.0021
8/13/2021,16529.1,16385.7,16543.6,16376.3,321.87B,0.0101
8/12/2021,16364.4,16303.65,16375.5,16286.9,280.18B,0.005
8/11/2021,16282.25,16327.3,16338.75,16162.55,277.90B,0.0001
8/10/2021,16280.1,16274.8,16359.25,16202.25,287.99B,0.0013
8/9/2021,16258.25,16281.35,16320.75,16179.05,240.45B,0.0012
8/6/2021,16238.2,16304.4,16336.75,16223.3,320.09B,-0.0035
8/5/2021,16294.6,16288.95,16349.45,16210.3,418.17B,0.0022
8/4/2021,16258.8,16195.25,16290.2,16176.15,427.34B,0.0079
8/3/2021,16130.75,15951.55,16146.9,15914.35,341.29B,0.0155
8/2/2021,15885.15,15874.9,15892.9,15834.65,244.85B,0.0077
7/30/2021,15763.05,15800.6,15862.8,15744.85,400.02B,-0.001
7/29/2021,15778.45,15762.7,15817.35,15737.8,401.58B,0.0044
7/28/2021,15709.4,15761.55,15767.5,15513.45,318.60B,-0.0024
7/27/2021,15746.45,15860.5,15881.55,15701,311.01B,-0.0049
7/26/2021,15824.45,15849.3,15893.35,15797,267.08B,-0.002
7/23/2021,15856.05,15856.8,15899.8,15768.4,294.10B,0.002
7/22/2021,15824.05,15736.6,15834.8,15726.4,265.25B,0.0123
7/20/2021,15632.1,15703.95,15728.45,15578.55,274.28B,-0.0076
7/19/2021,15752.4,15754.5,15836.9,15707.5,242.13B,-0.0107
7/16/2021,15923.4,15958.35,15962.25,15882.6,276.30B,-0.0001
7/15/2021,15924.2,15872.15,15952.35,15855,284.85B,0.0044
7/14/2021,15853.95,15808.7,15877.35,15764.2,239.92B,0.0026
7/13/2021,15812.35,15794,15820.8,15744.6,246.68B,0.0076
7/12/2021,15692.6,15766.8,15789.2,15644.75,216.27B,0.0002
7/9/2021,15689.8,15688.25,15730.85,15632.75,243.25B,-0.0024
7/8/2021,15727.9,15855.4,15885.75,15682.9,307.93B,-0.0096
7/7/2021,15879.65,15819.6,15893.55,15779.7,329.31B,0.0039
7/6/2021,15818.25,15813.75,15914.2,15801,391.41B,-0.001
7/5/2021,15834.35,15793.4,15845.95,15762.05,207.03B,0.0071
7/2/2021,15722.2,15705.85,15738.35,15635.95,254.81B,0.0027
7/1/2021,15680,15755.05,15755.55,15667.05,224.92B,-0.0026
6/30/2021,15721.5,15776.9,15839.1,15708.75,262.39B,-0.0017
6/29/2021,15748.45,15807.5,15835.9,15724.05,360.33B,-0.0042
6/28/2021,15814.7,15915.35,15915.65,15792.15,255.10B,-0.0029
6/25/2021,15860.35,15839.35,15870.8,15772.3,314.61B,0.0044
6/24/2021,15790.45,15737.3,15821.4,15702.7,316.66B,0.0066
6/23/2021,15686.95,15862.8,15862.95,15673.95,287.54B,-0.0054
6/22/2021,15772.75,15840.5,15895.75,15752.1,322.24B,0.0017
6/21/2021,15746.5,15525.85,15765.15,15505.65,351.53B,0.004
6/18/2021,15683.35,15756.5,15761.5,15450.9,640.82B,-0.0005
6/17/2021,15691.4,15648.3,15769.35,15616.75,357.65B,-0.0048
6/16/2021,15767.55,15847.5,15880.85,15742.6,340.19B,-0.0064
6/15/2021,15869.25,15866.95,15901.6,15842.4,323.26B,0.0036
6/14/2021,15811.85,15791.4,15823.05,15606.5,392.86B,0.0008
6/11/2021,15799.35,15796.45,15835.55,15749.8,363.01B,0.0039
6/10/2021,15737.75,15692.1,15751.25,15648.5,298.30B,0.0065
6/9/2021,15635.35,15766.3,15800.45,15566.9,457.86B,-0.0067
6/8/2021,15740.1,15773.9,15778.8,15680,378.16B,-0.0007
6/7/2021,15751.65,15725.1,15773.45,15678.1,393.97B,0.0052
6/4/2021,15670.25,15712.5,15733.6,15622.35,414.16B,-0.0013
6/3/2021,15690.35,15655.55,15705.1,15611,410.24B,0.0073
6/2/2021,15576.2,15520.35,15597.45,15459.85,428.64B,0.0001
6/1/2021,15574.85,15629.65,15660.75,15528.3,409.56B,-0.0005
5/31/2021,15582.8,15437.75,15606.35,15374,436.00B,0.0095
5/28/2021,15435.65,15421.2,15469.65,15394.75,455.58B,0.0064
5/27/2021,15337.85,15323.95,15384.55,15272.5,682.37B,0.0024
5/26/2021,15301.45,15257.05,15319.9,15194.95,377.68B,0.0061
5/25/2021,15208.45,15291.75,15293.85,15163.4,417.32B,0.0007
5/24/2021,15197.7,15211.35,15256.25,15145.45,566.72B,0.0015
5/21/2021,15175.3,14987.8,15190,14985.85,557.73B,0.0181
5/20/2021,14906.05,15042.6,15069.8,14884.9,467.46B,-0.0083
5/19/2021,15030.15,15058.6,15133.4,15008.85,563.29B,-0.0052
5/18/2021,15108.1,15067.2,15137.25,15043.7,571.92B,0.0124
5/17/2021,14923.15,14756.25,14938,14725.35,534.52B,0.0167
5/14/2021,14677.8,14749.4,14749.65,14591.9,602.74B,-0.0013
5/12/2021,14696.5,14823.55,14824.05,14649.7,620.32B,-0.0104
5/11/2021,14850.75,14789.7,14900,14771.4,616.20B,-0.0061
5/10/2021,14942.35,14928.25,14966.9,14892.5,510.60B,0.008
5/7/2021,14823.15,14816.85,14863.05,14765.5,483.68B,0.0067
5/6/2021,14724.8,14668.35,14743.9,14611.5,445.28B,0.0073
5/5/2021,14617.85,14604.15,14637.9,14506.6,437.26B,0.0084
5/4/2021,14496.5,14687.25,14723.4,14461.5,479.66B,-0.0094
5/3/2021,14634.15,14481.05,14673.85,14416.25,443.41B,0.0002
4/30/2021,14631.1,14747.35,14855.45,14601.7,594.74B,-0.0177
4/29/2021,14894.9,14979,15044.35,14814.45,511.47B,0.002
4/28/2021,14864.55,14710.5,14890.25,14694.95,453.99B,0.0144
4/27/2021,14653.05,14493.8,14667.55,14484.85,442.21B,0.0116
4/26/2021,14485,14449.45,14557.5,14421.3,448.53B,0.01
4/23/2021,14341.35,14326.35,14461.15,14273.3,476.61B,-0.0045
4/22/2021,14406.15,14219.15,14424.75,14151.4,516.99B,0.0077
4/20/2021,14296.4,14526.7,14526.95,14207.3,456.70B,-0.0044
4/19/2021,14359.45,14306.6,14382.3,14191.4,503.14B,-0.0177
4/16/2021,14617.85,14599.6,14697.7,14559,568.57B,0.0025
4/15/2021,14581.45,14522.4,14597.55,14353.2,556.85B,0.0053
4/13/2021,14504.8,14364.9,14528.9,14274.9,588.67B,0.0136
4/12/2021,14310.8,14644.65,14652.5,14248.7,638.48B,-0.0353
4/9/2021,14834.85,14882.65,14918.45,14785.65,498.35B,-0.0026
4/8/2021,14873.8,14875.65,14984.15,14821.1,503.73B,0.0037
4/7/2021,14819.05,14716.45,14879.8,14649.85,476.38B,0.0092
4/6/2021,14683.5,14737,14779.1,14573.9,474.21B,0.0031
4/5/2021,14637.8,14837.7,14849.85,14459.5,500.48B,-0.0154
4/1/2021,14867.35,14798.4,14883.2,14692.45,430.03B,0.012
3/31/2021,14690.7,14811.85,14813.75,14670.25,436.87B,-0.0104
3/30/2021,14845.1,14628.5,14876.3,14617.6,594.52B,0.0233
3/26/2021,14507.3,14506.3,14572.9,14414.25,481.00B,0.0127
3/25/2021,14324.9,14570.9,14575.6,14264.4,606.82B,-0.0154
3/24/2021,14549.4,14712.45,14752.35,14535,456.40B,-0.0179
3/23/2021,14814.75,14768.55,14878.6,14707,474.15B,0.0053
3/22/2021,14736.4,14736.3,14763.9,14597.85,459.00B,-0.0005
3/19/2021,14744,14471.15,14788.25,14350.1,919.18B,0.0128
3/18/2021,14557.85,14855.5,14875.2,14478.6,542.22B,-0.0111
3/17/2021,14721.3,14946.55,14956.55,14696.05,479.35B,-0.0127
3/16/2021,14910.45,14996.1,15051.6,14890.65,437.65B,-0.0013
3/15/2021,14929.5,15048.4,15048.4,14745.85,467.47B,-0.0067
3/12/2021,15030.95,15321.15,15336.3,14953.6,493.24B,-0.0095
3/10/2021,15174.8,15202.15,15218.45,15100.85,404.59B,0.0051
3/9/2021,15098.4,15049.9,15126.85,14925.45,675.27B,0.0095
3/8/2021,14956.2,15002.45,15111.15,14919.9,580.31B,0.0012
3/5/2021,14938.1,14977.95,15092.35,14862.1,640.70B,-0.0095
3/4/2021,15080.75,15026.75,15202.35,14980.2,534.85B,-0.0108
3/3/2021,15245.6,15064.4,15273.15,14995.8,544.21B,0.0219
3/2/2021,14919.1,14865.3,14959.1,14760.8,621.72B,0.0107
3/1/2021,14761.55,14702.5,14806.8,14638.55,507.30B,0.016
2/26/2021,14529.15,14888.6,14919.45,14467.75,"1,103.64B",-0.0376
2/25/2021,15097.35,15079.85,15176.5,15065.35,803.88B,0.0077
2/24/2021,14982,14729.15,15008.8,14723.05,403.75B,0.0186
2/23/2021,14707.8,14782.25,14854.5,14651.85,744.09B,0.0022
2/22/2021,14675.7,14999.05,15010.1,14635.05,609.90B,-0.0204
2/19/2021,14981.75,15074.8,15144.05,14898.2,712.21B,-0.0091
2/18/2021,15118.95,15238.7,15250.75,15078.05,770.63B,-0.0059
2/17/2021,15208.9,15279.9,15314.3,15170.75,504.77B,-0.0068
2/16/2021,15313.45,15371.45,15431.75,15242.2,648.55B,-0.0001
2/15/2021,15314.7,15270.3,15340.15,15243.4,455.96B,0.01
2/12/2021,15163.3,15186.2,15243.5,15081,571.81B,-0.0007
2/11/2021,15173.3,15073.25,15188.5,15065.4,500.12B,0.0044
2/10/2021,15106.5,15119.05,15168.25,14977.2,624.79B,-0.0002
2/9/2021,15109.3,15164.15,15257.1,15064.3,713.28B,-0.0004
2/8/2021,15115.8,15064.3,15159.9,15041.05,671.24B,0.0128
2/5/2021,14924.25,14952.6,15014.65,14864.75,935.63B,0.0019
2/4/2021,14895.65,14789.05,14913.7,14714.75,884.69B,0.0071
2/3/2021,14789.95,14754.9,14868.85,14574.15,869.48B,0.0097
2/2/2021,14647.85,14481.1,14731.7,14469.15,914.97B,0.0257
2/1/2021,14281.2,13758.6,14336.35,13661.75,870.53B,0.0474
1/29/2021,13634.6,13946.6,13966.85,13596.75,753.21B,-0.0132
1/28/2021,13817.55,13810.4,13898.25,13713.25,637.87B,-0.0107
1/27/2021,13967.5,14237.95,14237.95,13929.3,660.71B,-0.0191
1/25/2021,14238.9,14477.8,14491.1,14218.6,618.63B,-0.0093
1/22/2021,14371.9,14583.4,14619.9,14357.75,776.75B,-0.015
1/21/2021,14590.35,14730.95,14753.55,14517.25,704.65B,-0.0037
1/20/2021,14644.7,14538.3,14666.45,14517.55,623.07B,0.0085
1/19/2021,14521.15,14371.65,14546.05,14350.85,546.11B,0.0168
1/18/2021,14281.3,14453.3,14459.15,14222.8,762.04B,-0.0106
1/15/2021,14433.7,14594.35,14617.45,14357.85,789.56B,-0.0111
1/14/2021,14595.6,14550.05,14617.8,14471.5,620.19B,0.0021
1/13/2021,14564.85,14639.8,14653.35,14435.7,873.96B,0.0001
1/12/2021,14563.45,14473.8,14590.65,14432.85,929.57B,0.0054
1/11/2021,14484.75,14474.05,14498.2,14383.1,672.88B,0.0096
1/8/2021,14347.25,14258.4,14367.3,14221.65,613.47B,0.0148
1/7/2021,14137.35,14253.75,14256.25,14123.1,559.17B,-0.0006
1/6/2021,14146.25,14240.95,14244.15,14039.9,632.32B,-0.0038
1/5/2021,14199.5,14075.15,14215.6,14048.15,492.48B,0.0047
1/4/2021,14132.9,14104.35,14147.95,13953.75,495.00B,0.0082
1/1/2021,14018.5,13996.1,14049.85,13991.35,258.09B,0.0026
12/31/2020,13981.75,13970,14024.85,13936.45,452.41B,0
12/30/2020,13981.95,13980.9,13997,13864.95,380.68B,0.0035
12/29/2020,13932.6,13910.35,13967.6,13859.9,439.59B,0.0043
12/28/2020,13873.2,13815.15,13885.3,13811.55,403.63B,0.009
12/24/2020,13749.25,13672.15,13771.75,13626.9,471.37B,0.0109
12/23/2020,13601.1,13473.5,13619.45,13432.2,458.65B,0.01
12/22/2020,13466.3,13373.65,13492.05,13192.9,696.20B,0.0103
12/21/2020,13328.4,13741.9,13777.5,13131.45,687.25B,-0.0314
12/18/2020,13760.55,13764.4,13772.85,13658.6,519.39B,0.0014
12/17/2020,13740.7,13713.55,13773.25,13673.55,416.01B,0.0042
12/16/2020,13682.7,13663.1,13692.35,13606.45,462.15B,0.0085
12/15/2020,13567.85,13547.2,13589.65,13447.05,497.60B,0.0007
12/14/2020,13558.15,13571.45,13597.5,13472.45,558.39B,0.0033
12/11/2020,13513.85,13512.3,13579.35,13402.85,787.71B,0.0026
12/10/2020,13478.3,13488.5,13503.55,13399.3,553.40B,-0.0038
12/9/2020,13529.1,13458.1,13548.9,13449.6,502.60B,0.0102
12/8/2020,13392.95,13393.85,13435.45,13311.05,543.16B,0.0028
12/7/2020,13355.75,13264.85,13366.65,13241.95,591.72B,0.0073
12/4/2020,13258.55,13177.4,13280.05,13152.85,640.51B,0.0095
12/3/2020,13133.9,13215.3,13216.6,13107.9,713.69B,0.0015
12/2/2020,13113.75,13121.4,13128.5,12983.55,717.71B,0.0004
12/1/2020,13109.05,13062.2,13128.4,12962.8,583.63B,0.0108
11/27/2020,12968.95,13012.05,13035.3,12914.3,"1,162.36B",-0.0014
11/26/2020,12987,12906.45,13018,12790.4,549.80B,0.01
11/25/2020,12858.4,13130,13145.85,12833.65,679.01B,-0.0151
11/24/2020,13055.15,13002.6,13079.1,12978,571.86B,0.01
11/23/2020,12926.45,12960.3,12968.85,12825.7,633.12B,0.0052
11/20/2020,12859.05,12813.4,12892.45,12730.25,664.00B,0.0068
11/19/2020,12771.7,12839.5,12963,12745.75,768.75B,-0.0129
11/18/2020,12938.25,12860.1,12948.85,12819.35,731.32B,0.005
11/17/2020,12874.2,12932.5,12934.05,12797.1,707.68B,0.0074
11/14/2020,12780.25,12823.35,12828.7,12749.45,107.87B,0.0047
11/13/2020,12719.95,12659.7,12735.95,12607.7,513.95B,0.0023
11/12/2020,12690.8,12702.15,12741.15,12624.85,622.02B,-0.0046
11/11/2020,12749.15,12680.6,12769.75,12571.1,880.47B,0.0093
11/10/2020,12631.1,12556.4,12643.9,12475.25,847.45B,0.0136
11/9/2020,12461.05,12399.4,12474.05,12367.35,553.45B,0.0161
11/6/2020,12263.55,12156.65,12280.4,12131.85,576.84B,0.0118
11/5/2020,12120.3,12062.4,12131.1,12027.6,632.45B,0.0178
11/4/2020,11908.5,11783.35,11929.65,11756.4,667.29B,0.008
11/3/2020,11813.5,11734.45,11836.2,11723.3,674.30B,0.0124
11/2/2020,11669.15,11697.35,11725.65,11557.4,568.43B,0.0023
10/30/2020,11642.4,11678.45,11748.95,11535.45,553.67B,-0.0024
10/29/2020,11670.8,11633.3,11744.15,11606.45,554.96B,-0.005
10/28/2020,11729.6,11922.6,11929.4,11684.85,704.02B,-0.0134
10/27/2020,11889.4,11807.1,11899.05,11723,616.32B,0.0103
10/26/2020,11767.75,11937.4,11942.85,11711.7,519.82B,-0.0136
10/23/2020,11930.35,11957.9,11974.55,11908.75,502.34B,0.0028
10/22/2020,11896.45,11890,11939.55,11823.45,544.90B,-0.0035
10/21/2020,11937.65,11958.55,12018.65,11775.75,623.66B,0.0034
10/20/2020,11896.8,11861,11949.25,11837.25,453.56B,0.002
10/19/2020,11873.05,11879.2,11898.25,11820.4,541.42B,0.0094
10/16/2020,11762.45,11727.4,11789.75,11667.85,555.77B,0.007
10/15/2020,11680.35,12023.45,12025.45,11661.3,608.87B,-0.0243
10/14/2020,11971.05,11917.4,11997.2,11822.15,569.24B,0.0031
10/13/2020,11934.5,11934.65,11988.2,11888.9,458.31B,0.0003
10/12/2020,11930.95,11973.55,12022.05,11867.2,522.63B,0.0014
10/9/2020,11914.2,11852.05,11938.6,11805.2,611.08B,0.0067
10/8/2020,11834.6,11835.4,11905.7,11791.15,608.77B,0.0082
10/7/2020,11738.85,11679.25,11763.05,11629.35,513.37B,0.0066
10/6/2020,11662.4,11603.45,11680.3,11564.3,561.45B,0.0138
10/5/2020,11503.35,11487.8,11578.05,11452.3,530.60B,0.0076
10/1/2020,11416.95,11364.45,11428.6,11347.05,447.74B,0.0151
9/30/2020,11247.55,11244.45,11295.4,11184.55,499.34B,0.0022
9/29/2020,11222.4,11288.6,11305.4,11181,498.30B,-0.0005
9/28/2020,11227.55,11140.85,11239.35,11099.85,472.78B,0.016
9/25/2020,11050.25,10910.4,11072.6,10854.85,559.60B,0.0226
9/24/2020,10805.55,11011,11015.3,10790.2,706.14B,-0.0293
9/23/2020,11131.85,11258.75,11259.55,11024.4,714.93B,-0.002
9/22/2020,11153.65,11301.75,11302.2,11084.65,672.25B,-0.0086
9/21/2020,11250.55,11503.8,11535.25,11218.5,602.85B,-0.0221
9/18/2020,11504.95,11584.1,11584.1,11446.1,764.15B,-0.001
9/17/2020,11516.1,11539.4,11587.2,11498.5,517.73B,-0.0076
9/16/2020,11604.55,11538.45,11618.1,11516.75,527.80B,0.0072
9/15/2020,11521.8,11487.2,11535.95,11442.25,506.67B,0.0071
9/14/2020,11440.05,11540.15,11568.9,11383.55,642.27B,-0.0021
9/11/2020,11464.45,11447.8,11493.5,11419.9,554.79B,0.0013
9/10/2020,11449.25,11363.3,11464.05,11327.4,679.42B,0.0152
9/9/2020,11278,11218.6,11298.15,11185.15,728.88B,-0.0035
9/8/2020,11317.35,11378.55,11437.25,11290.45,572.24B,-0.0033
9/7/2020,11355.05,11359.6,11381.15,11251.7,560.32B,0.0019
9/4/2020,11333.85,11354.4,11452.05,11303.65,681.34B,-0.0168
9/3/2020,11527.45,11566.2,11584.95,11507.65,607.12B,-0.0007
9/2/2020,11535,11478.55,11554.75,11430.4,593.49B,0.0056
9/1/2020,11470.25,11464.3,11553.55,11366.9,783.77B,0.0073
8/31/2020,11387.5,11777.55,11794.25,11325.85,"1,371.79B",-0.0223
8/28/2020,11647.6,11602.95,11686.05,11589.4,807.00B,0.0076
8/27/2020,11559.25,11609.3,11617.35,11540.6,719.78B,0.0008
8/26/2020,11549.6,11512.85,11561.75,11461.85,743.44B,0.0067
8/25/2020,11472.25,11513.1,11525.9,11423.35,638.15B,0.0005
8/24/2020,11466.45,11412,11497.25,11410.65,532.90B,0.0083
8/21/2020,11371.6,11409.65,11418.5,11362.2,668.72B,0.0053
8/20/2020,11312.2,11317.45,11361.45,11289.8,791.59B,-0.0084
8/19/2020,11408.4,11452.15,11460.35,11394.1,626.22B,0.002
8/18/2020,11385.35,11259.8,11401.7,11253.15,579.24B,0.0123
8/17/2020,11247.1,11248.9,11267.1,11144.5,633.96B,0.0061
8/14/2020,11178.4,11353.3,11366.25,11111.45,645.11B,-0.0108
8/13/2020,11300.45,11334.85,11359.3,11269.95,562.35B,-0.0007
8/12/2020,11308.4,11289,11322,11242.65,609.86B,-0.0012
8/11/2020,11322.5,11322.25,11373.6,11299.15,586.08B,0.0046
8/10/2020,11270.15,11270.25,11337.3,11238,492.00B,0.005
8/7/2020,11214.05,11186.65,11231.9,11142.05,452.63B,0.0012
8/6/2020,11200.15,11185.7,11256.8,11127.3,600.37B,0.0089
8/5/2020,11101.65,11155.75,11225.65,11064.05,667.64B,0.0006
8/4/2020,11095.25,10946.65,11112.25,10908.1,625.74B,0.0187
8/3/2020,10891.6,11057.55,11058.05,10882.25,680.93B,-0.0164
7/31/2020,11073.45,11139.5,11150.4,11026.65,642.56B,-0.0026
7/30/2020,11102.15,11254.3,11299.95,11084.95,677.76B,-0.009
7/29/2020,11202.85,11276.9,11341.4,11149.75,600.73B,-0.0086
7/28/2020,11300.55,11154.1,11317.75,11151.4,683.89B,0.0152
7/27/2020,11131.8,11225,11225,11087.85,588.15B,-0.0056
7/24/2020,11194.15,11149.95,11225.4,11090.3,678.94B,-0.0019
7/23/2020,11215.45,11135,11239.8,11103.15,621.58B,0.0074
7/22/2020,11132.6,11231.2,11238.1,11056.55,765.07B,-0.0027
7/21/2020,11162.25,11126.1,11179.55,11113.25,772.00B,0.0127
7/20/2020,11022.2,10999.45,11037.9,10953,554.31B,0.0111
7/17/2020,10901.7,10752,10933.45,10749.65,676.88B,0.0151
7/16/2020,10739.95,10706.2,10755.3,10595.2,694.40B,0.0115
7/15/2020,10618.2,10701,10827.45,10577.75,715.90B,0.001
7/14/2020,10607.35,10750.85,10755.65,10562.9,532.37B,-0.0181
7/13/2020,10802.7,10851.85,10894.05,10756.05,554.05B,0.0032
7/10/2020,10768.05,10764.1,10819.4,10713,590.71B,-0.0042
7/9/2020,10813.45,10755.55,10836.85,10733,618.65B,0.0101
7/8/2020,10705.75,10818.65,10847.85,10676.55,767.94B,-0.0087
7/7/2020,10799.65,10802.85,10813.8,10689.7,636.77B,0.0033
7/6/2020,10763.65,10723.85,10811.4,10695.1,571.21B,0.0147
7/3/2020,10607.35,10614.95,10631.3,10562.65,525.19B,0.0053
7/2/2020,10551.7,10493.05,10598.2,10485.55,597.42B,0.0117
7/1/2020,10430.05,10323.8,10447.05,10299.6,573.55B,0.0124
6/30/2020,10302.1,10382.6,10401.05,10267.35,556.24B,-0.001
6/29/2020,10312.4,10311.95,10337.95,10223.6,574.54B,-0.0068
6/26/2020,10383,10378.9,10409.85,10311.25,671.91B,0.0091
6/25/2020,10288.9,10235.55,10361.8,10194.5,994.19B,-0.0016
6/24/2020,10305.3,10529.25,10553.15,10281.95,854.80B,-0.0158
6/23/2020,10471,10347.95,10484.7,10301.75,669.19B,0.0155
6/22/2020,10311.2,10318.75,10393.65,10277.6,685.38B,0.0065
6/19/2020,10244.4,10119,10272.4,10072.65,892.10B,0.0151
6/18/2020,10091.65,9863.25,10111.2,9845.05,622.90B,0.0213
6/17/2020,9881.15,9876.7,10003.6,9833.8,685.42B,-0.0033
6/16/2020,9914,10014.8,10046.15,9728.5,899.90B,0.0102
6/15/2020,9813.7,9919.35,9943.35,9726.35,716.05B,-0.016
6/12/2020,9972.9,9544.95,9996.05,9544.35,796.31B,0.0072
6/11/2020,9902,10094.1,10112.05,9885.05,715.45B,-0.0212
6/10/2020,10116.15,10072.6,10148.75,10036.85,632.38B,0.0069
6/9/2020,10046.65,10181.15,10291.15,10021.45,754.22B,-0.0119
6/8/2020,10167.45,10326.75,10328.5,10120.25,936.49B,0.0025
6/5/2020,10142.15,10093.8,10177.8,10040.75,987.12B,0.0113
6/4/2020,10029.1,10054.25,10123.85,9944.25,775.11B,-0.0032
6/3/2020,10061.55,10108.3,10176.2,10035.55,794.66B,0.0083
6/2/2020,9979.1,9880.85,9995.6,9824.05,770.19B,0.0156
6/1/2020,9826.15,9726.85,9931.6,9706.95,794.18B,0.0257
5/29/2020,9580.3,9422.2,9598.85,9376.9,967.00B,0.0095
5/28/2020,9490.1,9364.95,9511.25,9336.5,837.91B,0.0188
5/27/2020,9314.95,9082.2,9334,9004.25,763.49B,0.0317
5/26/2020,9029.05,9099.75,9161.65,8996.65,654.96B,-0.0011
5/22/2020,9039.25,9067.9,9149.6,8968.55,675.76B,-0.0074
5/21/2020,9106.25,9079.45,9178.55,9056.1,631.54B,0.0044
5/20/2020,9066.55,8889.15,9093.8,8875.35,622.31B,0.0211
5/19/2020,8879.1,8961.7,9030.35,8855.3,762.15B,0.0063
5/18/2020,8823.25,9158.3,9158.3,8806.75,772.98B,-0.0343
5/15/2020,9136.85,9182.4,9182.4,9050,575.86B,-0.0006
5/14/2020,9142.75,9213.95,9281.1,9119.75,602.56B,-0.0257
5/13/2020,9383.55,9584.2,9584.5,9351.1,846.40B,0.0203
5/12/2020,9196.55,9168.85,9240.85,9043.95,805.46B,-0.0046
5/11/2020,9239.2,9348.15,9439.9,9219.95,704.65B,-0.0013
5/8/2020,9251.5,9376.95,9382.65,9238.2,609.05B,0.0057
5/7/2020,9199.05,9234.05,9277.85,9175.9,708.74B,-0.0078
5/6/2020,9270.9,9226.8,9346.9,9116.5,722.19B,0.0071
5/5/2020,9205.6,9429.4,9450.9,9190.75,725.20B,-0.0095
5/4/2020,9293.5,9533.5,9533.5,9266.95,687.49B,-0.0574
4/30/2020,9859.9,9753.5,9889.05,9731.5,931.17B,0.0321
4/29/2020,9553.35,9408.6,9599.85,9392.35,653.03B,0.0184
4/28/2020,9380.9,9389.8,9404.4,9260,614.55B,0.0106
4/27/2020,9282.3,9259.7,9377.1,9250.35,512.79B,0.014
4/24/2020,9154.4,9163.9,9296.9,9141.3,659.44B,-0.0171
4/23/2020,9313.9,9232.35,9343.6,9170.15,666.65B,0.0138
4/22/2020,9187.3,9026.75,9209.75,8946.25,734.38B,0.0229
4/21/2020,8981.45,9016.95,9044.4,8909.4,655.12B,-0.0303
4/20/2020,9261.85,9390.2,9390.85,9230.8,726.36B,-0.0005
4/17/2020,9266.75,9323.45,9324,9091.35,684.21B,0.0305
4/16/2020,8992.8,8851.25,9053.75,8821.9,719.44B,0.0076
4/15/2020,8925.3,9196.4,9261.2,8874.1,879.15B,-0.0076
4/13/2020,8993.85,9103.95,9112.05,8912.4,643.97B,-0.013
4/9/2020,9111.9,8973.05,9128.35,8904.55,742.14B,0.0415
4/8/2020,8748.75,8688.9,9131.7,8653.9,896.53B,-0.0049
4/7/2020,8792.2,8446.3,8819.4,8360.95,814.18B,0.0876
4/3/2020,8083.8,8356.55,8356.55,8055.8,697.03B,-0.0206
4/1/2020,8253.8,8584.1,8588.1,8198.35,506.34B,-0.04
3/31/2020,8597.75,8529.35,8678.3,8358,712.66B,0.0382
3/30/2020,8281.1,8385.95,8576,8244,593.25B,-0.0438
3/27/2020,8660.25,8949.1,9038.9,8522.9,801.45B,0.0022
3/26/2020,8641.45,8451,8749.05,8304.9,865.59B,0.0389
3/25/2020,8317.85,7735.15,8376.75,7714.75,736.87B,0.0662
3/24/2020,7801.05,7848.3,8036.95,7511.1,738.42B,0.0251
3/23/2020,7610.25,7945.7,8159.25,7583.6,653.54B,-0.1298
3/20/2020,8745.45,8284.45,8883,8178.2,"1,071.52B",0.0583
3/19/2020,8263.45,8063.3,8575.45,7832.55,925.72B,-0.0242
3/18/2020,8468.8,9088.45,9127.55,8407.05,"1,516.63B",-0.0556
3/17/2020,8967.05,9285.4,9403.8,8915.6,935.62B,-0.025
3/16/2020,9197.4,9587.8,9602.2,9165.1,897.73B,-0.0761
3/13/2020,9955.2,9107.6,10159.4,8555.15,"1,387.95B",0.0381
3/12/2020,9590.15,10039.95,10040.75,9508,"1,343.49B",-0.083
3/11/2020,10458.4,10334.3,10545.1,10334,"1,218.55B",0.0007
3/9/2020,10451.45,10742.05,10751.55,10294.45,"1,565.51B",-0.049
3/6/2020,10989.45,10942.65,11035.1,10827.4,"1,810.97B",-0.0248
3/5/2020,11269,11306.05,11389.5,11244.6,"1,352.49B",0.0016
3/4/2020,11251,11351.35,11356.6,11082.15,797.65B,-0.0046
3/3/2020,11303.3,11217.55,11342.25,11152.55,696.52B,0.0153
3/2/2020,11132.75,11387.35,11433,11036.25,680.80B,-0.0062
2/28/2020,11201.75,11382,11384.8,11175.05,809.90B,-0.0371
2/27/2020,11633.3,11661.25,11663.85,11536.7,608.61B,-0.0039
2/26/2020,11678.5,11738.55,11783.25,11639.6,567.62B,-0.0101
2/25/2020,11797.9,11877.5,11883.05,11779.9,461.00B,-0.0027
2/24/2020,11829.4,12012.55,12012.55,11813.4,490.80B,-0.0208
2/20/2020,12080.85,12119,12152,12071.45,502.60B,-0.0037
2/19/2020,12125.9,12090.6,12134.7,12042.1,513.57B,0.0111
2/18/2020,11992.5,12028.25,12030.75,11908.05,676.85B,-0.0044
2/17/2020,12045.8,12131.8,12159.6,12037,455.19B,-0.0056
2/14/2020,12113.45,12190.15,12246.7,12091.2,622.78B,-0.005
2/13/2020,12174.65,12219.55,12225.65,12139.8,501.19B,-0.0022
2/12/2020,12201.2,12151,12231.75,12144.3,411.73B,0.0077
2/11/2020,12107.9,12108.4,12172.3,12099,479.98B,0.0064
2/10/2020,12031.5,12102.35,12103.55,11990.75,524.71B,-0.0055
2/7/2020,12098.35,12151.15,12154.7,12073.95,473.47B,-0.0033
2/6/2020,12137.95,12120,12160.6,12084.65,565.12B,0.004
2/5/2020,12089.15,12005.85,12098.15,11953.35,758.03B,0.0091
2/4/2020,11979.65,11786.25,11986.15,11783.4,560.43B,0.0232
2/3/2020,11707.9,11627.45,11749.85,11614.5,669.82B,0.0039
2/1/2020,11661.85,11939,12017.35,11633.3,537.63B,-0.0251
1/31/2020,11962.1,12100.4,12103.55,11945.85,771.28B,-0.0061
1/30/2020,12035.8,12147.75,12150.3,12010.6,538.14B,-0.0077
1/29/2020,12129.5,12114.9,12169.6,12103.8,514.36B,0.0061
1/28/2020,12055.8,12148.1,12163.55,12024.5,478.48B,-0.0052
1/27/2020,12119,12197.1,12216.6,12107,441.16B,-0.0106
1/24/2020,12248.25,12174.55,12272.15,12149.65,593.24B,0.0056
1/23/2020,12180.35,12123.75,12189,12094.1,867.65B,0.0061
1/22/2020,12106.9,12218.35,12225.05,12087.9,526.30B,-0.0052
1/21/2020,12169.85,12195.3,12230.05,12162.3,443.98B,-0.0045
1/20/2020,12224.55,12430.5,12430.5,12216.9,491.61B,-0.0103
1/17/2020,12352.35,12328.4,12385.45,12321.4,502.06B,-0.0003
1/16/2020,12355.5,12347.1,12389.05,12315.8,395.67B,0.001
1/15/2020,12343.3,12349.4,12355.15,12278.75,684.35B,-0.0015
1/14/2020,12362.3,12333.1,12374.25,12308.7,616.26B,0.0027
1/13/2020,12329.55,12296.7,12337.75,12285.8,500.97B,0.0059
1/10/2020,12256.8,12271,12311.2,12213.2,660.63B,0.0033
1/9/2020,12215.9,12153.15,12224.05,12132.55,477.47B,0.0158
1/8/2020,12025.35,11939.1,12044.95,11929.6,445.99B,-0.0023
1/7/2020,12052.95,12079.1,12152.15,12005.35,447.82B,0.005
1/6/2020,11993.05,12170.6,12179.1,11974.2,396.50B,-0.0191
1/3/2020,12226.65,12261.1,12265.6,12191.35,428.77B,-0.0045
1/2/2020,12282.2,12198.55,12289.9,12195.25,407.70B,0.0082
1/1/2020,12182.5,12202.15,12222.2,12165.3,304.08B,0.0012
12/31/2019,12168.45,12247.1,12247.1,12151.8,426.93B,-0.0071
12/30/2019,12255.85,12274.9,12286.45,12213.8,411.09B,0.0008
12/27/2019,12245.8,12172.9,12258.45,12157.9,383.79B,0.0098
12/26/2019,12126.55,12211.85,12221.55,12118.85,520.33B,-0.0072
12/24/2019,12214.55,12269.25,12283.7,12202.1,470.29B,-0.0039
12/23/2019,12262.75,12235.45,12287.15,12213.25,604.78B,-0.0007
12/20/2019,12271.8,12266.45,12293.9,12252.75,810.68B,0.001
12/19/2019,12259.7,12223.4,12268.35,12191.15,623.05B,0.0031
12/18/2019,12221.65,12197,12237.7,12163.45,518.86B,0.0047
12/17/2019,12165,12082.45,12182.75,12070.35,499.59B,0.0092
12/16/2019,12053.95,12131.35,12134.65,12046.3,437.70B,-0.0027
12/13/2019,12086.7,12026.4,12098.85,12023.6,597.71B,0.0096
12/12/2019,11971.8,11944.3,12005.5,11934,752.62B,0.0052
12/11/2019,11910.15,11867.35,11923.2,11832.3,997.65B,0.0045
12/10/2019,11856.8,11950.5,11953.2,11844.7,650.22B,-0.0068
12/9/2019,11937.5,11939.1,11981.95,11888.05,599.12B,0.0013
12/6/2019,11921.5,12047.35,12057.05,11888.85,609.22B,-0.0081
12/5/2019,12018.4,12071.25,12081.2,11998.75,562.23B,-0.0021
12/4/2019,12043.2,11969.95,12054.7,11935.3,747.19B,0.0041
12/3/2019,11994.2,12067.65,12068.6,11956.4,605.79B,-0.0045
12/2/2019,12048.2,12137.05,12137.15,12023.7,720.95B,-0.0007
11/29/2019,12056.05,12146.2,12147.4,12017.4,804.43B,-0.0078
11/28/2019,12151.15,12132.1,12158.8,12099.95,620.48B,0.0042
11/27/2019,12100.7,12068.5,12114.9,12055.15,584.23B,0.0052
11/26/2019,12037.7,12110.2,12132.45,12006.35,"1,201.34B",-0.003
11/25/2019,12073.75,11922.45,12084.5,11919.75,534.29B,0.0134
11/22/2019,11914.4,11967.3,11968.1,11883.5,486.82B,-0.0045
11/21/2019,11968.4,12025.65,12028.2,11956.9,557.69B,-0.0026
11/20/2019,11999.1,12004.75,12038.6,11966.05,646.66B,0.0049
11/19/2019,11940.1,11919.45,11958.85,11881.75,613.91B,0.0047
11/18/2019,11884.5,11915.15,11946.2,11867.6,514.35B,-0.0009
11/15/2019,11895.45,11904.2,11973.65,11879.25,580.15B,0.002
11/14/2019,11872.1,11858.75,11895.65,11802.65,559.49B,0.0027
11/13/2019,11840.45,11908.3,11946.8,11823.2,659.04B,-0.0061
11/11/2019,11913.45,11879.2,11932.65,11853.95,548.98B,0.0004
11/8/2019,11908.15,11987.15,12034.15,11888.75,789.25B,-0.0086
11/7/2019,12012.05,12021.1,12021.4,11946.85,562.96B,0.0038
11/6/2019,11966.05,11911.5,12002.9,11850.25,603.35B,0.0041
11/5/2019,11917.2,11974.6,11978.95,11861.9,631.95B,-0.002
11/4/2019,11941.3,11928.9,11989.15,11905.35,823.05B,0.0043
11/1/2019,11890.6,11886.6,11918.3,11843.35,855.34B,0.0011
10/31/2019,11877.45,11890.45,11945,11855.1,"1,414.84B",0.0028
10/30/2019,11844.1,11883.9,11883.95,11784.45,725.22B,0.0049
10/29/2019,11786.85,11643.95,11809.4,11627.35,951.72B,0.0137
10/27/2019,11627.15,11662.25,11672.4,11604.6,161.78B,0.0037
10/25/2019,11583.9,11646.15,11646.9,11490.75,812.03B,0.0001
10/24/2019,11582.6,11661.65,11679.6,11534.65,700.48B,-0.0019
10/23/2019,11604.1,11596.2,11651.6,11554.4,664.16B,0.0014
10/22/2019,11588.35,11657.15,11714.35,11573.65,867.60B,-0.0063
10/18/2019,11661.85,11580.3,11684.7,11553.15,853.44B,0.0065
10/17/2019,11586.35,11466.3,11599.1,11439.65,797.57B,0.0107
10/16/2019,11464,11464.95,11481.05,11411.1,533.47B,0.0031
10/15/2019,11428.3,11360.85,11462.35,11342.1,527.40B,0.0077
10/14/2019,11341.15,11335.9,11420.45,11290.05,587.58B,0.0032
10/11/2019,11305.05,11257.7,11362.9,11189.4,737.79B,0.0063
10/10/2019,11234.55,11280.5,11293.35,11208.55,562.02B,-0.007
10/9/2019,11313.3,11152.95,11321.6,11090.15,741.15B,0.0168
10/7/2019,11126.4,11196.2,11233.85,11112.65,733.20B,-0.0043
10/4/2019,11174.75,11388.45,11400.3,11158.35,928.52B,-0.0123
10/3/2019,11314,11322.25,11370.4,11257.35,"1,017.48B",-0.004
10/1/2019,11359.9,11515.4,11554.2,11247.9,"1,305.41B",-0.01
9/30/2019,11474.45,11491.15,11508.25,11390.8,756.85B,-0.0033
9/27/2019,11512.4,11556.35,11593.6,11499.75,650.02B,-0.0051
9/26/2019,11571.2,11469.85,11610.85,11466.35,844.47B,0.0115
9/25/2019,11440.2,11564.85,11564.95,11416.1,629.06B,-0.0128
9/24/2019,11588.2,11590.7,11655.05,11539.2,651.72B,-0.001
9/23/2019,11600.2,11542.7,11694.85,11471.35,882.83B,0.0289
9/20/2019,11274.2,10746.8,11381.9,10691,"1,356.77B",0.0532
9/19/2019,10704.8,10845.2,10845.2,10670.25,642.60B,-0.0125
9/18/2019,10840.65,10872.8,10885.15,10804.85,519.15B,0.0021
9/17/2019,10817.6,11000.1,11000.1,10796.5,482.01B,-0.0169
9/16/2019,11003.5,10994.85,11052.7,10968.2,434.45B,-0.0065
9/13/2019,11075.9,10986.8,11084.45,10945.75,624.30B,0.0085
9/12/2019,10982.8,11058.3,11081.75,10964.95,551.44B,-0.0048
9/11/2019,11035.7,11028.5,11054.8,11011.65,687.14B,0.003
9/9/2019,11003.05,10936.7,11028.85,10889.8,412.47B,0.0052
9/6/2019,10946.2,10883.8,10957.05,10867.45,497.21B,0.0091
9/5/2019,10847.9,10860.95,10920.1,10816,595.70B,0.0003
9/4/2019,10844.65,10790.4,10858.75,10746.35,508.78B,0.0043
9/3/2019,10797.9,10960.95,10967.5,10772.7,483.04B,-0.0204
8/30/2019,11023.25,10987.8,11042.6,10874.8,628.15B,0.0068
8/29/2019,10948.3,10996.05,11021.1,10922.4,649.88B,-0.0089
8/28/2019,11046.1,11101.3,11129.65,10987.65,549.95B,-0.0053
8/27/2019,11105.35,11106.55,11141.75,11049.5,685.55B,0.0043
8/26/2019,11057.85,11000.3,11070.3,10756.55,684.14B,0.0211
8/23/2019,10829.35,10699.6,10862.55,10637.15,667.08B,0.0082
8/22/2019,10741.35,10905.3,10908.25,10718.3,668.19B,-0.0162
8/21/2019,10918.7,11018.15,11034.2,10906.65,557.87B,-0.0089
8/20/2019,11017,11063.9,11076.3,10985.3,444.72B,-0.0033
8/19/2019,11053.9,11094.8,11146.9,11037.85,369.49B,0.0006
8/16/2019,11047.8,11043.65,11068.65,10924.3,470.91B,0.0017
8/14/2019,11029.4,11003.25,11078.15,10935.6,511.54B,0.0095
8/13/2019,10925.85,11139.4,11145.9,10901.6,624.64B,-0.0165
8/9/2019,11109.65,11087.9,11181.45,11062.8,538.06B,0.007
8/8/2019,11032.45,10899.2,11058.05,10842.95,482.47B,0.0163
8/7/2019,10855.5,10958.1,10975.65,10835.9,548.47B,-0.0085
8/6/2019,10948.25,10815.4,11018.55,10813.8,517.89B,0.0079
8/5/2019,10862.6,10895.8,10895.8,10782.6,506.56B,-0.0123
8/2/2019,10997.35,10930.3,11080.15,10848.95,547.42B,0.0016
8/1/2019,10980,11060.2,11076.75,10881,499.92B,-0.0124
7/31/2019,11118,11034.05,11145.3,10999.4,536.69B,0.0029
7/30/2019,11085.4,11213.7,11267.45,11072.65,479.06B,-0.0093
7/29/2019,11189.2,11307.5,11310.95,11152.4,482.86B,-0.0084
7/26/2019,11284.3,11247.45,11307.6,11210.05,522.67B,0.0029
7/25/2019,11252.15,11290.4,11361.4,11239.35,553.68B,-0.0017
7/24/2019,11271.3,11322.45,11359.75,11229.8,413.20B,-0.0053
7/23/2019,11331.05,11372.25,11398.15,11302.8,458.93B,-0.0013
7/22/2019,11346.2,11392.85,11398.15,11301.25,516.04B,-0.0064
7/19/2019,11419.25,11627.95,11640.35,11399.3,446.05B,-0.0153
7/18/2019,11596.9,11675.6,11677.15,11582.4,498.26B,-0.0078
7/17/2019,11687.5,11670.75,11706.65,11651.15,464.83B,0.0021
7/16/2019,11662.6,11596.65,11670.05,11573.95,480.16B,0.0064
7/15/2019,11588.35,11614.75,11618.4,11532.3,368.79B,0.0031
7/12/2019,11552.5,11601.15,11639.55,11538.6,359.42B,-0.0026
7/11/2019,11582.9,11561.45,11599,11519.5,317.26B,0.0073
7/10/2019,11498.9,11536.15,11593.7,11475.65,337.57B,-0.0049
7/9/2019,11555.9,11531.6,11582.55,11461,442.52B,-0.0002
7/8/2019,11558.6,11770.4,11771.9,11523.3,464.03B,-0.0214
7/5/2019,11811.15,11964.75,11981.75,11797.9,530.72B,-0.0114
7/4/2019,11946.75,11928.8,11969.25,11923.65,333.59B,0.0025
7/3/2019,11916.75,11932.15,11945.2,11887.05,340.53B,0.0005
7/2/2019,11910.3,11890.3,11917.45,11814.7,363.20B,0.0038
7/1/2019,11865.6,11839.9,11884.65,11830.8,278.42B,0.0065
6/28/2019,11788.85,11861.15,11871.7,11775.5,303.89B,-0.0045
6/27/2019,11841.55,11860.85,11911.15,11821.05,480.17B,-0.0005
6/26/2019,11847.55,11768.15,11871.85,11757.55,327.88B,0.0043
6/25/2019,11796.45,11681,11814.4,11651,300.48B,0.0083
6/24/2019,11699.65,11725.8,11754,11670.2,277.62B,-0.0021
6/21/2019,11724.1,11827.6,11827.95,11705.1,468.43B,-0.0091
6/20/2019,11831.75,11653.65,11843.5,11635.05,442.02B,0.012
6/19/2019,11691.45,11744.45,11802.5,11625.1,446.93B,0
6/18/2019,11691.5,11677.05,11727.2,11641.15,365.53B,0.0017
6/17/2019,11672.15,11844,11844.05,11657.75,295.53B,-0.0128
6/14/2019,11823.3,11910.1,11911.85,11797.7,390.29B,-0.0076
6/13/2019,11914.05,11873.9,11931.35,11817.05,447.90B,0.0007
6/12/2019,11906.2,11962.45,11962.45,11866.35,283.72B,-0.005
6/11/2019,11965.6,11959.85,12000.35,11904.35,332.18B,0.0036
6/10/2019,11922.7,11934.9,11975.05,11871.75,303.33B,0.0044
6/7/2019,11870.65,11865.2,11897.5,11769.5,302.46B,0.0023
6/6/2019,11843.75,12039.8,12039.8,11830.25,415.21B,-0.0148
6/4/2019,12021.65,12052.65,12095.2,12005.85,289.22B,-0.0055
6/3/2019,12088.55,11953.75,12103.05,11920.1,315.30B,0.0139
5/31/2019,11922.8,11999.8,12039.25,11829.45,438.88B,-0.0019
5/30/2019,11945.9,11865.3,11968.55,11859.4,421.20B,0.0071
5/29/2019,11861.1,11905.8,11931.9,11836.8,318.07B,-0.0057
5/28/2019,11928.75,11958.35,11958.55,11864.9,598.31B,0.0003
5/27/2019,11924.75,11855.5,11957.15,11812.4,348.36B,0.0068
5/24/2019,11844.1,11748,11859,11658.1,374.64B,0.016
5/23/2019,11657.05,11901.3,12041.15,11614.5,569.03B,-0.0069
5/22/2019,11737.9,11727.95,11784.8,11682.4,355.87B,0.0025
5/21/2019,11709.1,11863.65,11883.55,11682.8,381.04B,-0.0101
5/20/2019,11828.25,11651.9,11845.2,11591.7,452.10B,0.0369
5/17/2019,11407.15,11261.9,11426.15,11259.85,412.11B,0.0133
5/16/2019,11257.1,11180.35,11281.55,11143.35,350.74B,0.009
5/15/2019,11157,11271.7,11286.8,11136.95,414.17B,-0.0058
5/14/2019,11222.05,11151.65,11294.75,11108.3,398.12B,0.0066
5/13/2019,11148.2,11258.7,11300.2,11125.6,357.59B,-0.0116
5/10/2019,11278.9,11314.15,11345.8,11251.05,387.32B,-0.002
5/9/2019,11301.8,11322.4,11357.6,11255.05,373.03B,-0.0051
5/8/2019,11359.45,11478.7,11479.1,11346.95,372.83B,-0.012
5/7/2019,11497.9,11651.5,11657.05,11484.45,337.50B,-0.0087
5/6/2019,11598.25,11605.8,11632.55,11571.35,299.05B,-0.0097
5/3/2019,11712.25,11722.6,11770.9,11699.35,305.52B,-0.0011
5/2/2019,11724.75,11725.55,11789.3,11699.55,380.28B,-0.002
4/30/2019,11748.15,11748.75,11756.25,11655.9,532.63B,-0.0006
4/26/2019,11754.65,11683.75,11762.9,11661.75,333.48B,0.0097
4/25/2019,11641.8,11735.7,11796.75,11624.3,604.36B,-0.0072
4/24/2019,11726.15,11601.5,11740.85,11578.85,335.20B,0.013
4/23/2019,11575.95,11612.95,11645.95,11564.8,272.54B,-0.0016
4/22/2019,11594.45,11727.05,11727.05,11583.95,260.36B,-0.0135
4/18/2019,11752.8,11856.15,11856.15,11738.5,339.65B,-0.0029
4/16/2019,11787.15,11736.2,11810.95,11731.55,354.32B,0.0083
4/15/2019,11690.35,11667,11704.6,11648.25,290.00B,0.004
4/12/2019,11643.45,11612.85,11657.35,11578.8,246.01B,0.004
4/11/2019,11596.7,11592.55,11606.7,11550.55,279.78B,0.0011
4/10/2019,11584.3,11646.85,11680.05,11571.75,359.94B,-0.0075
4/9/2019,11671.95,11612.05,11683.9,11569.7,300.47B,0.0058
4/8/2019,11604.5,11704.35,11710.3,11549.1,260.93B,-0.0053
4/5/2019,11665.95,11638.4,11689.65,11609.5,266.67B,0.0059
4/4/2019,11598,11660.2,11662.55,11559.2,349.03B,-0.0039
4/3/2019,11643.95,11735.3,11761,11629.15,365.76B,-0.0059
4/2/2019,11713.2,11711.55,11729.35,11655.85,386.13B,0.0038
4/1/2019,11669.15,11665.2,11738.1,11644.75,379.57B,0.0039
3/29/2019,11623.9,11625.45,11630.35,11570.15,416.28B,0.0047
3/28/2019,11570,11463.65,11588.5,11452.45,527.68B,0.0109
3/27/2019,11445.05,11531.45,11546.2,11413,350.45B,-0.0033
3/26/2019,11483.25,11375.2,11496.75,11352.45,282.58B,0.0114
3/25/2019,11354.25,11395.65,11395.65,11311.6,294.46B,-0.009
3/22/2019,11456.9,11549.2,11572.8,11434.55,386.19B,-0.0056
3/20/2019,11521.05,11553.35,11556.1,11503.1,366.30B,-0.001
3/19/2019,11532.4,11500.3,11543.85,11451.25,326.10B,0.0061
3/18/2019,11462.2,11473.85,11530.15,11412.5,320.25B,0.0031
3/15/2019,11426.85,11376.85,11487,11370.8,463.71B,0.0074
3/14/2019,11343.25,11382.5,11383.45,11313.75,294.48B,0.0001
3/13/2019,11341.7,11326.2,11352.3,11276.6,383.00B,0.0036
3/12/2019,11301.2,11231.35,11320.4,11227,391.31B,0.0119
3/11/2019,11168.05,11068.75,11180.9,11059.85,352.24B,0.012
3/8/2019,11035.4,11038.85,11049,11008.95,326.57B,-0.0021
3/7/2019,11058.2,11077.95,11089.05,11027.1,321.21B,0.0005
3/6/2019,11053,11024.85,11062.3,10998.85,372.55B,0.006
3/5/2019,10987.45,10864.85,10994.9,10817,373.22B,0.0114
3/1/2019,10863.5,10842.65,10877.9,10823.1,308.53B,0.0066
2/28/2019,10792.5,10865.7,10865.7,10784.85,644.16B,-0.0013
2/27/2019,10806.65,10881.2,10939.7,10751.2,381.08B,-0.0026
2/26/2019,10835.3,10775.3,10888.75,10729.3,414.95B,-0.0041
2/25/2019,10880.1,10813.25,10887.1,10788.05,385.91B,0.0082
2/22/2019,10791.65,10782.7,10801.55,10758.4,396.85B,0.0002
2/21/2019,10789.85,10744.1,10808.85,10721.5,279.58B,0.0051
2/20/2019,10735.45,10655.45,10752.7,10646.4,289.19B,0.0124
2/19/2019,10604.35,10636.7,10722.85,10585.65,291.51B,-0.0034
2/18/2019,10640.95,10738.65,10759.9,10628.4,345.44B,-0.0078
2/15/2019,10724.4,10780.25,10785.75,10620.4,521.88B,-0.002
2/14/2019,10746.05,10786.1,10792.7,10718.75,627.04B,-0.0044
2/13/2019,10793.65,10870.55,10891.65,10772.1,321.96B,-0.0035
2/12/2019,10831.4,10879.7,10910.9,10823.8,292.32B,-0.0053
2/11/2019,10888.8,10930.9,10930.9,10857.1,285.99B,-0.005
2/8/2019,10943.6,11023.5,11041.2,10925.45,352.79B,-0.0114
2/7/2019,11069.4,11070.45,11118.1,11043.6,263.54B,0.0006
2/6/2019,11062.45,10965.1,11072.6,10962.7,298.51B,0.0117
2/5/2019,10934.35,10908.65,10956.7,10886.7,268.09B,0.002
2/4/2019,10912.25,10876.75,10927.9,10814.15,318.30B,0.0017
2/1/2019,10893.65,10851.35,10983.45,10813.45,482.27B,0.0058
1/31/2019,10830.95,10690.55,10838.05,10678.55,604.82B,0.0168
1/30/2019,10651.8,10702.25,10710.2,10612.85,410.11B,0
1/29/2019,10652.2,10653.7,10690.35,10583.65,356.91B,-0.0009
1/28/2019,10661.55,10792.45,10804.45,10630.95,419.68B,-0.011
1/25/2019,10780.55,10859.75,10931.7,10756.45,463.45B,-0.0064
1/24/2019,10849.8,10844.05,10866.6,10798.65,361.08B,0.0017
1/23/2019,10831.5,10931.05,10944.8,10811.95,298.88B,-0.0084
1/22/2019,10922.75,10949.8,10949.8,10864.15,300.77B,-0.0036
1/21/2019,10961.85,10919.35,10987.45,10885.75,288.83B,0.005
1/18/2019,10906.95,10914.85,10928.2,10852.2,323.81B,0.0002
1/17/2019,10905.2,10920.85,10930.65,10844.65,271.68B,0.0014
1/16/2019,10890.3,10899.65,10928.15,10876.9,276.54B,0.0003
1/15/2019,10886.8,10777.55,10896.95,10777.55,310.74B,0.0139
1/14/2019,10737.6,10807,10808,10692.35,298.77B,-0.0053
1/11/2019,10794.95,10834.75,10850.15,10739.4,260.79B,-0.0025
1/10/2019,10821.6,10859.35,10859.35,10801.8,254.37B,-0.0031
1/9/2019,10855.15,10862.4,10870.4,10749.4,333.01B,0.0049
1/8/2019,10802.15,10786.25,10818.45,10733.25,277.70B,0.0028
1/7/2019,10771.8,10804.85,10835.95,10750.15,269.37B,0.0041
1/4/2019,10727.35,10699.7,10741.05,10628.65,296.60B,0.0052
1/3/2019,10672.25,10796.8,10814.05,10661.25,286.24B,-0.0111
1/2/2019,10792.5,10868.85,10895.35,10735.05,309.67B,-0.0108
1/1/2019,10910.1,10881.7,10923.6,10807.1,159.40B,0.0044
12/31/2018,10862.55,10913.2,10923.55,10853.2,186.49B,0.0002
12/28/2018,10859.9,10820.95,10893.6,10817.15,253.09B,0.0074
12/27/2018,10779.8,10817.9,10834.2,10764.45,470.16B,0.0047
12/26/2018,10729.85,10635.45,10747.5,10534.55,271.94B,0.0062
12/24/2018,10663.5,10780.9,10782.3,10649.25,230.29B,-0.0084
12/21/2018,10754,10944.25,10963.65,10738.65,389.24B,-0.0181
12/20/2018,10951.7,10885.2,10962.55,10880.05,328.80B,-0.0014
12/19/2018,10967.3,10930.55,10985.15,10928,321.80B,0.0054
12/18/2018,10908.7,10850.9,10915.4,10819.1,294.94B,0.0019
12/17/2018,10888.35,10853.2,10900.35,10844.85,306.15B,0.0077
12/14/2018,10805.45,10784.5,10815.75,10752.1,350.58B,0.0013
12/13/2018,10791.55,10810.75,10838.6,10749.5,387.81B,0.005
12/12/2018,10737.6,10591,10752.2,10560.8,371.70B,0.0179
12/11/2018,10549.15,10350.05,10567.15,10333.85,438.70B,0.0058
12/10/2018,10488.45,10508.7,10558.85,10474.95,393.10B,-0.0192
12/7/2018,10693.7,10644.8,10704.55,10599.35,335.85B,0.0087
12/6/2018,10601.15,10718.15,10722.65,10588.25,328.28B,-0.0169
12/5/2018,10782.9,10820.45,10821.05,10747.95,322.02B,-0.008
12/4/2018,10869.5,10877.1,10890.95,10833.35,332.14B,-0.0013
12/3/2018,10883.75,10930.7,10941.2,10845.35,422.36B,0.0006
11/30/2018,10876.75,10892.1,10922.45,10835.1,467.86B,0.0017
11/29/2018,10858.7,10808.7,10883.05,10782.35,712.65B,0.0121
11/28/2018,10728.85,10708.75,10757.8,10699.85,437.63B,0.004
11/27/2018,10685.6,10621.45,10695.15,10596.35,382.83B,0.0054
11/26/2018,10628.6,10568.3,10637.8,10489.75,332.86B,0.0097
11/22/2018,10526.75,10612.65,10646.25,10512,246.93B,-0.0069
11/21/2018,10600.05,10670.95,10671.3,10562.35,310.19B,-0.0053
11/20/2018,10656.2,10740.1,10740.85,10640.85,304.32B,-0.01
11/19/2018,10763.4,10731.25,10774.7,10688.8,280.52B,0.0076
11/16/2018,10682.2,10644,10695.15,10631.15,353.38B,0.0062
11/15/2018,10616.7,10580.6,10646.5,10557.5,306.01B,0.0038
11/14/2018,10576.3,10634.9,10651.6,10532.7,396.37B,-0.0006
11/13/2018,10582.5,10451.9,10596.25,10440.55,262.54B,0.0096
11/12/2018,10482.2,10607.8,10645.5,10464.05,267.71B,-0.0097
11/9/2018,10585.2,10614.7,10619.55,10544.85,305.82B,-0.0013
11/7/2018,10598.85,10614.45,10616.45,10591.8,2.83B,0.0065
11/6/2018,10530,10552,10600.25,10491.45,309.88B,0.0006
11/5/2018,10524,10558.75,10558.8,10477,311.18B,-0.0027
11/2/2018,10553,10462.3,10606.95,10457.7,434.18B,0.0166
11/1/2018,10380.45,10441.7,10441.9,10341.9,359.34B,-0.0006
10/31/2018,10386.6,10209.55,10396,10105.1,386.62B,0.0185
10/30/2018,10198.4,10239.4,10285.1,10175.35,298.75B,-0.0051
10/29/2018,10250.85,10078.1,10275.3,10020.35,375.75B,0.022
10/26/2018,10030,10122.35,10128.85,10004.55,375.56B,-0.0094
10/25/2018,10124.9,10135.05,10166.6,10079.3,522.42B,-0.0098
10/24/2018,10224.75,10278.15,10290.65,10126.7,362.27B,0.0077
10/23/2018,10146.8,10152.6,10222.1,10102.35,312.04B,-0.0096
10/22/2018,10245.25,10405.85,10408.55,10224,306.47B,-0.0057
10/19/2018,10303.55,10339.7,10380.1,10249.6,368.55B,-0.0143
10/17/2018,10453.05,10688.7,10710.15,10436.45,293.59B,-0.0124
10/16/2018,10584.75,10550.15,10604.9,10525.3,273.44B,0.0069
10/15/2018,10512.5,10524.2,10526.3,10410.15,267.52B,0.0038
10/12/2018,10472.5,10331.55,10492.45,10322.15,354.06B,0.0232
10/11/2018,10234.65,10169.8,10335.95,10138.6,498.51B,-0.0216
10/10/2018,10460.1,10331.85,10482.35,10318.25,373.84B,0.0154
10/9/2018,10301.05,10390.3,10397.6,10279.35,443.80B,-0.0045
10/8/2018,10348.05,10310.15,10398.35,10198.4,470.28B,0.0031
10/5/2018,10316.45,10514.1,10540.65,10261.9,625.15B,-0.0267
10/4/2018,10599.25,10754.7,10754.7,10547.25,438.20B,-0.0239
10/3/2018,10858.25,10982.7,10989.05,10843.75,398.76B,-0.0136
10/1/2018,11008.3,10930.9,11035.65,10821.55,398.99B,0.0071
9/28/2018,10930.45,11008.1,11034.1,10850.3,492.89B,-0.0043
9/27/2018,10977.55,11079.8,11089.45,10953.35,418.21B,-0.0069
9/26/2018,11053.8,11145.55,11145.55,10993.05,351.04B,-0.0012
9/25/2018,11067.45,10969.95,11080.6,10882.85,417.55B,0.0091
9/24/2018,10967.4,11164.4,11170.15,10943.6,398.82B,-0.0158
9/21/2018,11143.1,11271.3,11346.8,10866.45,741.15B,-0.0081
9/19/2018,11234.35,11326.65,11332.05,11210.9,258.42B,-0.0039
9/18/2018,11278.9,11381.55,11411.45,11268.95,248.30B,-0.0087
9/17/2018,11377.75,11464.95,11464.95,11366.9,207.62B,-0.0119
9/14/2018,11515.2,11443.5,11523.25,11430.55,285.22B,0.0128
9/12/2018,11369.9,11340.1,11380.75,11250.2,276.51B,0.0073
9/11/2018,11287.5,11476.85,11479.4,11274,318.09B,-0.0132
9/10/2018,11438.1,11570.25,11573,11427.3,295.60B,-0.013
9/7/2018,11589.1,11558.25,11603,11484.4,305.03B,0.0045
9/6/2018,11536.9,11514.15,11562.25,11436.05,255.56B,0.0052
9/5/2018,11476.95,11514.85,11542.65,11393.85,253.69B,-0.0038
9/4/2018,11520.3,11598.75,11602.55,11496.85,262.70B,-0.0054
9/3/2018,11582.35,11751.8,11751.8,11567.4,241.73B,-0.0084
8/31/2018,11680.5,11675.85,11727.65,11640.1,357.23B,0.0003
8/30/2018,11676.8,11694.75,11698.8,11639.7,323.45B,-0.0013
8/29/2018,11691.9,11744.95,11753.2,11678.85,259.35B,-0.004
8/28/2018,11738.5,11731.95,11760.2,11710.5,249.42B,0.004
8/27/2018,11691.95,11605.85,11700.95,11595.6,205.69B,0.0117
8/24/2018,11557.1,11566.6,11604.6,11532,225.60B,-0.0022
8/23/2018,11582.75,11620.7,11620.7,11546.7,256.16B,0.001
8/21/2018,11570.9,11576.2,11581.75,11539.6,231.06B,0.0017
8/20/2018,11551.75,11502.1,11565.3,11499.65,239.84B,0.0071
8/17/2018,11470.75,11437.15,11486.45,11431.8,241.99B,0.0075
8/16/2018,11385.05,11397.15,11449.85,11366.25,299.61B,-0.0044
8/14/2018,11435.1,11381.7,11452.45,11370.8,239.84B,0.007
8/13/2018,11355.75,11369.6,11406.3,11340.3,254.47B,-0.0065
8/10/2018,11429.5,11474.95,11478.75,11419.65,336.42B,-0.0036
8/9/2018,11470.7,11493.25,11495.2,11454.1,311.52B,0.0018
8/8/2018,11450,11412.5,11459.95,11379.3,217.05B,0.0053
8/7/2018,11389.45,11423.15,11428.95,11359.7,233.41B,0.0002
8/6/2018,11387.1,11401.5,11427.65,11370.6,210.00B,0.0023
8/3/2018,11360.8,11297.8,11368,11294.55,225.15B,0.0103
8/2/2018,11244.7,11328.9,11328.9,11234.95,216.53B,-0.0089
8/1/2018,11346.2,11359.8,11390.55,11313.55,278.01B,-0.0009
7/31/2018,11356.5,11311.05,11366,11267.75,264.43B,0.0033
7/30/2018,11319.55,11296.65,11328.1,11261.45,287.44B,0.0037
7/27/2018,11278.35,11232.75,11283.4,11210.25,324.34B,0.0099
7/26/2018,11167.3,11132.95,11185.85,11125.7,376.66B,0.0032
7/25/2018,11132,11148.4,11157.15,11113.25,212.33B,-0.0002
7/24/2018,11134.3,11109,11143.4,11092.5,212.25B,0.0045
7/23/2018,11084.75,11019.85,11093.4,11010.95,236.15B,0.0068
7/20/2018,11010.2,10963.5,11030.25,10946.2,193.14B,0.0048
7/19/2018,10957.1,10999.5,11006.5,10935.45,222.06B,-0.0021
7/18/2018,10980.45,11060.2,11076.2,10956.3,232.50B,-0.0025
7/17/2018,11008.05,10939.65,11018.5,10925.6,217.11B,0.0065
7/16/2018,10936.85,11018.95,11019.5,10926.25,216.97B,-0.0074
7/13/2018,11018.9,11056.9,11071.35,10999.75,241.67B,-0.0004
7/12/2018,11023.2,11006.95,11078.3,10999.65,256.03B,0.0068
7/11/2018,10948.3,10956.4,10976.65,10923,229.21B,0.0001
7/10/2018,10947.25,10902.75,10956.9,10876.65,203.06B,0.0087
7/9/2018,10852.9,10838.3,10860.35,10807.15,189.33B,0.0074
7/6/2018,10772.65,10744.15,10816.35,10735.05,256.55B,0.0021
7/5/2018,10749.75,10786.05,10786.05,10726.25,227.27B,-0.0019
7/4/2018,10769.9,10715,10777.15,10677.75,179.27B,0.0065
7/3/2018,10699.9,10668.6,10713.3,10630.25,208.37B,0.004
7/2/2018,10657.3,10732.35,10736.15,10604.65,304.54B,-0.0053
6/29/2018,10714.3,10612.85,10723.05,10612.35,250.33B,0.0118
6/28/2018,10589.1,10660.8,10674.2,10557.7,363.16B,-0.0077
6/27/2018,10671.4,10785.5,10785.5,10652.4,253.62B,-0.0091
6/26/2018,10769.15,10742.7,10805.25,10732.55,226.85B,0.0006
6/25/2018,10762.45,10822.9,10831.05,10753.05,236.69B,-0.0055
6/22/2018,10821.85,10742.7,10837,10710.45,236.90B,0.0075
6/21/2018,10741.1,10808.45,10809.6,10725.9,230.51B,-0.0029
6/20/2018,10772.05,10734.65,10781.8,10724.05,199.47B,0.0058
6/19/2018,10710.45,10789.45,10789.45,10701.2,231.38B,-0.0083
6/18/2018,10799.85,10830.2,10830.2,10787.35,202.73B,-0.0017
6/15/2018,10817.7,10808.65,10834,10755.4,314.76B,0.0009
6/14/2018,10808.05,10832.9,10833.7,10773.55,190.03B,-0.0045
6/13/2018,10856.7,10887.5,10893.25,10842.65,220.00B,0.0013
6/12/2018,10842.85,10816.15,10856.55,10789.4,204.42B,0.0052
6/11/2018,10786.95,10781.85,10850.55,10777.05,217.85B,0.0018
6/8/2018,10767.65,10736.4,10779.45,10709.05,215.94B,-0.0001
6/7/2018,10768.35,10722.6,10818,10722.6,227.66B,0.0078
6/6/2018,10684.65,10603.45,10698.35,10587.5,195.76B,0.0086
6/5/2018,10593.15,10630.7,10633.15,10550.9,172.90B,-0.0033
6/4/2018,10628.5,10765.95,10770.3,10618.35,210.15B,-0.0063
6/1/2018,10696.2,10738.45,10764.75,10681.5,227.36B,-0.0037
5/31/2018,10736.15,10670.1,10763.8,10620.4,629.20B,0.0115
5/30/2018,10614.35,10579,10648.7,10558.45,246.12B,-0.0018
5/29/2018,10633.3,10689.4,10717.25,10616.1,232.76B,-0.0052
5/28/2018,10688.65,10648.35,10709.8,10640.55,239.79B,0.0079
5/25/2018,10605.15,10533.05,10628.05,10524,268.91B,0.0087
5/24/2018,10513.85,10464.85,10535.15,10419.8,306.79B,0.008
5/23/2018,10430.35,10521.1,10533.55,10417.8,299.92B,-0.0101
5/22/2018,10536.7,10518.45,10558.6,10490.55,249.24B,0.0019
5/21/2018,10516.7,10616.7,10621.7,10505.8,197.29B,-0.0075
5/18/2018,10596.4,10671.85,10674.95,10589.1,229.91B,-0.0081
5/17/2018,10682.7,10775.6,10777.25,10664.5,220.74B,-0.0054
5/16/2018,10741.1,10751.95,10790.45,10699.7,238.22B,-0.0056
5/15/2018,10801.85,10812.6,10929.2,10781.4,262.20B,-0.0004
5/14/2018,10806.6,10815.15,10834.85,10774.75,176.70B,0
5/11/2018,10806.5,10741.95,10812.05,10724.45,209.39B,0.0084
5/10/2018,10716.55,10779.65,10785.55,10705,197.99B,-0.0023
5/9/2018,10741.7,10693.35,10766.25,10689.85,222.12B,0.0022
5/8/2018,10717.8,10757.9,10758.55,10689.4,278.12B,0.0002
5/7/2018,10715.5,10653.15,10725.65,10635.65,173.62B,0.0092
5/4/2018,10618.25,10700.45,10700.45,10601.6,192.30B,-0.0057
5/3/2018,10679.65,10720.15,10720.6,10647.45,190.87B,-0.0036
5/2/2018,10718.05,10783.85,10784.65,10689.8,236.76B,-0.002
4/30/2018,10739.35,10705.75,10759,10704.6,179.16B,0.0044
4/27/2018,10692.3,10651.65,10719.8,10647.55,306.67B,0.007
4/26/2018,10617.8,10586.5,10628.4,10559.65,345.54B,0.0045
4/25/2018,10570.55,10612.4,10612.6,10536.45,195.13B,-0.0041
4/24/2018,10614.35,10578.1,10636.8,10569,225.97B,0.0028
4/23/2018,10584.7,10592.8,10638.35,10514.95,200.20B,0.002
4/20/2018,10564.05,10560.35,10582.35,10527.45,252.23B,-0.0001
4/19/2018,10565.3,10563.65,10572.2,10546.2,270.74B,0.0037
4/18/2018,10526.2,10578.9,10594.2,10509.7,211.82B,-0.0021
4/17/2018,10548.7,10557.3,10560.45,10495.65,212.45B,0.0019
4/16/2018,10528.35,10398.3,10540.15,10396.35,200.95B,0.0046
4/13/2018,10480.6,10495.3,10519.9,10451.45,219.73B,0.0021
4/12/2018,10458.65,10410.65,10469.9,10395.25,246.03B,0.004
4/11/2018,10417.15,10428.15,10428.15,10355.6,258.08B,0.0014
4/10/2018,10402.25,10412.9,10424.85,10381.5,259.52B,0.0022
4/9/2018,10379.35,10333.7,10397.7,10328.5,228.51B,0.0046
4/6/2018,10331.6,10322.75,10350.45,10290.85,206.36B,0.0006
4/5/2018,10325.15,10228.45,10331.8,10227.45,244.12B,0.0194
4/4/2018,10128.4,10274.6,10279.85,10111.3,238.18B,-0.0114
4/3/2018,10245,10186.85,10255.35,10171.05,211.65B,0.0033
4/2/2018,10211.8,10151.65,10220.1,10127.75,232.43B,0.0097
3/28/2018,10113.7,10143.6,10158.35,10096.9,354.98B,-0.0069
3/27/2018,10184.15,10188,10207.9,10139.65,232.71B,0.0053
3/26/2018,10130.65,9989.15,10143.5,9958.55,270.67B,0.0133
3/23/2018,9998.05,9968.8,10027.7,9951.9,294.52B,-0.0115
3/22/2018,10114.75,10167.5,10207.85,10105.4,237.63B,-0.004
3/21/2018,10155.25,10181.95,10227.3,10132.95,211.06B,0.0031
3/20/2018,10124.35,10051.55,10155.65,10049.1,209.33B,0.003
3/19/2018,10094.25,10215.35,10224.55,10075.3,216.67B,-0.0099
3/16/2018,10195.15,10345.15,10346.3,10180.25,338.70B,-0.0159
3/15/2018,10360.15,10405.45,10420,10346.2,179.31B,-0.0049
3/14/2018,10410.9,10393.05,10420.35,10336.3,186.99B,-0.0015
3/13/2018,10426.85,10389.5,10478.6,10377.85,274.85B,0.0005
3/12/2018,10421.4,10301.6,10433.65,10295.45,223.14B,0.019
3/9/2018,10226.85,10271.3,10296.7,10211.9,192.33B,-0.0015
3/8/2018,10242.65,10216.25,10270.35,10146.4,233.38B,0.0087
3/7/2018,10154.2,10232.95,10243.35,10141.55,257.20B,-0.0093
3/6/2018,10249.25,10420.5,10441.35,10215.9,229.78B,-0.0106
3/5/2018,10358.85,10428.3,10428.7,10323.9,199.98B,-0.0095
3/1/2018,10458.35,10479.95,10525.5,10447.15,181.38B,-0.0033
2/28/2018,10492.85,10488.95,10535.5,10461.55,294.79B,-0.0058
2/27/2018,10554.3,10615.2,10631.65,10537.25,193.25B,-0.0027
2/26/2018,10582.6,10526.55,10592.95,10520.2,177.24B,0.0087
2/23/2018,10491.05,10408.1,10499.1,10396.65,217.13B,0.0104
2/22/2018,10382.7,10354.35,10397.55,10340.65,323.26B,-0.0014
2/21/2018,10397.45,10426,10426.1,10349.6,241.33B,0.0036
2/20/2018,10360.4,10391,10429.35,10347.65,193.47B,-0.0017
2/19/2018,10378.4,10488.9,10489.35,10302.75,193.09B,-0.0071
2/16/2018,10452.3,10596.2,10612.9,10434.05,190.04B,-0.0088
2/15/2018,10545.5,10537.9,10618.1,10511.05,217.09B,0.0042
2/14/2018,10500.9,10585.75,10590.55,10456.65,236.33B,-0.0037
2/12/2018,10539.75,10518.2,10555.5,10485.4,224.11B,0.0081
2/9/2018,10454.95,10416.5,10480.2,10398.2,197.50B,-0.0115
2/8/2018,10576.85,10518.5,10637.8,10479.55,239.41B,0.0096
2/7/2018,10476.7,10607.2,10614,10446.4,258.10B,-0.0021
2/6/2018,10498.25,10295.15,10594.15,10276.3,274.66B,-0.0158
2/5/2018,10666.55,10604.3,10702.75,10586.8,247.48B,-0.0087
2/2/2018,10760.6,10938.2,10954.95,10736.1,291.43B,-0.0233
2/1/2018,11016.9,11044.55,11117.35,10878.8,315.74B,-0.001
1/31/2018,11027.7,11018.8,11058.5,10979.3,253.46B,-0.002
1/30/2018,11049.65,11120.85,11121.1,11033.9,234.97B,-0.0073
1/29/2018,11130.4,11079.35,11171.55,11075.95,249.22B,0.0055
1/25/2018,11069.65,11095.6,11095.6,11009.2,340.47B,-0.0015
1/24/2018,11086,11069.35,11110.1,11046.15,292.20B,0.0002
1/23/2018,11083.7,10997.4,11092.9,10994.55,293.45B,0.0107
1/22/2018,10966.2,10883.2,10975.1,10881.4,238.82B,0.0066
1/19/2018,10894.7,10829.2,10906.85,10793.9,214.01B,0.0072
1/18/2018,10817,10873.4,10887.5,10782.4,321.61B,0.0026
1/17/2018,10788.55,10702.45,10803,10666.75,260.49B,0.0082
1/16/2018,10700.45,10761.5,10762.35,10687.85,217.47B,-0.0038
1/15/2018,10741.55,10718.5,10782.65,10713.8,181.26B,0.0056
1/12/2018,10681.25,10682.55,10690.4,10597.1,180.59B,0.0028
1/11/2018,10651.2,10637.05,10664.6,10612.35,158.63B,0.0018
1/10/2018,10632.2,10652.05,10655.5,10592.7,181.90B,-0.0005
1/9/2018,10637,10645.1,10659.15,10603.6,211.29B,0.0013
1/8/2018,10623.6,10591.7,10631.2,10588.55,174.18B,0.0061
1/5/2018,10558.85,10534.25,10566.1,10520.1,186.47B,0.0051
1/4/2018,10504.8,10469.4,10513,10441.45,180.26B,0.0059
1/3/2018,10443.2,10482.65,10503.6,10429.55,172.52B,0.0001
1/2/2018,10442.2,10477.55,10495.2,10404.65,158.09B,0.0006
1/1/2018,10435.55,10531.7,10537.85,10423.1,134.53B,-0.009
12/29/2017,10530.7,10492.35,10538.7,10488.65,156.74B,0.005
12/28/2017,10477.9,10498.2,10534.55,10460.45,281.31B,-0.0012
12/27/2017,10490.75,10531.05,10552.4,10469.25,170.31B,-0.0039
12/26/2017,10531.5,10512.3,10545.45,10477.95,160.42B,0.0037
12/22/2017,10493,10457.3,10501.1,10448.25,143.12B,0.005
12/21/2017,10440.3,10473.95,10473.95,10426.9,156.65B,-0.0004
12/20/2017,10444.2,10494.4,10494.45,10437.15,180.60B,-0.0018
12/19/2017,10463.2,10414.8,10472.2,10406,174.34B,0.0072
12/18/2017,10388.75,10263.1,10443.55,10074.8,237.51B,0.0054
12/15/2017,10333.25,10345.65,10373.1,10319.65,262.97B,0.0079
12/14/2017,10252.1,10229.3,10276.1,10141.55,159.10B,0.0058
12/13/2017,10192.95,10236.6,10296.55,10169.85,187.19B,-0.0046
12/12/2017,10240.15,10324.9,10326.1,10230.2,180.55B,-0.008
12/11/2017,10322.25,10310.5,10329.2,10282.05,152.04B,0.0055
12/8/2017,10265.65,10198.45,10270.85,10195.25,206.23B,0.0097
12/7/2017,10166.7,10063.45,10182.65,10061.9,171.34B,0.0122
12/6/2017,10044.1,10088.8,10104.2,10033.35,171.21B,-0.0073
12/5/2017,10118.25,10118.25,10147.95,10069.1,160.25B,-0.0009
12/4/2017,10127.75,10175.05,10179.2,10095.7,153.24B,0.0006
12/1/2017,10121.8,10263.7,10272.7,10108.55,147.77B,-0.0102
11/30/2017,10226.55,10332.7,10332.7,10211.25,353.10B,-0.013
11/29/2017,10361.3,10376.65,10392.95,10345.9,157.19B,-0.0009
11/28/2017,10370.25,10387.9,10409.55,10355.2,202.05B,-0.0028
11/27/2017,10399.55,10361.05,10407.15,10340.2,146.28B,0.0009
11/24/2017,10389.7,10366.8,10404.5,10362.25,133.18B,0.004
11/23/2017,10348.75,10358.45,10374.3,10307.3,157.65B,0.0006
11/22/2017,10342.3,10350.8,10368.7,10309.55,162.50B,0.0015
11/21/2017,10326.9,10329.25,10358.7,10315.05,191.86B,0.0027
11/20/2017,10298.75,10287.2,10309.85,10261.5,151.75B,0.0015
11/17/2017,10283.6,10324.55,10343.6,10268.05,209.59B,0.0067
11/16/2017,10214.75,10152.9,10232.25,10139.2,188.18B,0.0096
11/15/2017,10118.05,10171.95,10175.45,10094,213.84B,-0.0067
11/14/2017,10186.6,10223.4,10248,10175.55,314.41B,-0.0038
11/13/2017,10224.95,10322,10334.15,10216.25,216.80B,-0.0094
11/10/2017,10321.75,10304.35,10344.95,10254.1,287.96B,0.0012
11/9/2017,10308.95,10358.65,10368.45,10266.95,247.61B,0.0006
11/8/2017,10303.15,10361.95,10384.25,10285.5,282.95B,-0.0045
11/7/2017,10350.15,10477.15,10485.75,10340.8,295.83B,-0.0097
11/6/2017,10451.8,10431.75,10490.45,10413.75,199.56B,-0.0001
11/3/2017,10452.5,10461.55,10461.7,10403.6,206.10B,0.0028
11/2/2017,10423.8,10440.5,10453,10412.55,207.73B,-0.0016
11/1/2017,10440.5,10390.35,10451.65,10383.05,268.27B,0.0102
10/31/2017,10335.3,10364.9,10367.7,10323.95,239.81B,-0.0027
10/30/2017,10363.65,10353.85,10384.5,10344.3,244.19B,0.0039
10/27/2017,10323.05,10362.3,10366.15,10311.3,322.41B,-0.002
10/26/2017,10343.8,10291.8,10355.65,10271.85,443.04B,0.0047
10/25/2017,10295.35,10321.15,10340.55,10240.9,612.62B,0.0086
10/24/2017,10207.7,10218.55,10237.75,10182.4,223.91B,0.0022
10/23/2017,10184.85,10176.65,10224.15,10124.5,224.80B,0.0038
10/19/2017,10146.55,10210.35,10211.95,10123.35,31.09B,-0.0063
10/18/2017,10210.85,10209.4,10236.45,10175.75,262.11B,-0.0023
10/17/2017,10234.45,10227.65,10251.85,10212.6,201.78B,0.0004
10/16/2017,10230.85,10207.4,10242.95,10175.1,209.33B,0.0062
10/13/2017,10167.45,10123.7,10191.9,10120.1,237.23B,0.007
10/12/2017,10096.4,10011.2,10104.45,9977.1,207.11B,0.0112
10/11/2017,9984.8,10042.6,10067.25,9955.8,195.59B,-0.0032
10/10/2017,10016.95,10013.7,10034,10002.3,153.25B,0.0028
10/9/2017,9988.75,9988.2,10015.75,9959.45,148.40B,0.0009
10/6/2017,9979.7,9908.15,9989.35,9906.6,201.86B,0.0092
10/5/2017,9888.7,9927,9945.95,9881.85,152.36B,-0.0026
10/4/2017,9914.9,9884.35,9938.3,9850.65,160.99B,0.0056
10/3/2017,9859.5,9893.3,9895.4,9831.05,167.83B,0.0072
9/29/2017,9788.6,9814.3,9854,9775.35,202.35B,0.002
9/28/2017,9768.95,9736.4,9789.2,9687.55,396.88B,0.0034
9/27/2017,9735.75,9920.6,9921.05,9714.4,206.31B,-0.0138
9/26/2017,9871.5,9875.25,9891.35,9813,196.79B,-0.0001
9/25/2017,9872.6,9960.1,9960.5,9816.05,228.21B,-0.0092
9/22/2017,9964.4,10094.35,10095.05,9952.8,233.62B,-0.0156
9/21/2017,10121.9,10139.6,10158.9,10058.6,197.71B,-0.0019
9/20/2017,10141.15,10160.95,10171.05,10134.2,205.60B,-0.0006
9/19/2017,10147.55,10175.6,10178.95,10129.95,193.35B,-0.0005
9/18/2017,10153.1,10133.1,10171.7,10131.3,160.85B,0.0067
9/15/2017,10085.4,10062.35,10115.15,10043.65,274.80B,-0.0001
9/14/2017,10086.6,10107.4,10126.5,10070.35,232.64B,0.0007
9/13/2017,10079.3,10099.25,10131.95,10063.15,221.61B,-0.0014
9/12/2017,10093.05,10056.85,10097.55,10028.05,188.25B,0.0087
9/11/2017,10006.05,9971.75,10028.65,9968.8,178.41B,0.0072
9/8/2017,9934.8,9958.65,9963.6,9913.3,168.70B,0.0005
9/7/2017,9929.9,9945.85,9964.85,9917.2,194.63B,0.0014
9/6/2017,9916.2,9899.25,9931.55,9882.55,153.77B,-0.0036
9/5/2017,9952.2,9933.25,9963.1,9901.05,143.52B,0.004
9/4/2017,9912.85,9984.15,9988.4,9861,153.37B,-0.0062
9/1/2017,9974.4,9937.65,9983.45,9909.85,162.73B,0.0057
8/31/2017,9917.9,9905.7,9925.1,9856.95,337.78B,0.0034
8/30/2017,9884.4,9859.5,9909.45,9850.8,162.70B,0.009
8/29/2017,9796.05,9886.4,9887.35,9783.75,178.67B,-0.0118
8/28/2017,9912.8,9907.15,9925.75,9882,164.49B,0.0057
8/24/2017,9857.05,9881.2,9881.5,9848.85,190.40B,0.0005
8/23/2017,9852.5,9803.05,9857.9,9786.75,173.82B,0.0089
8/22/2017,9765.55,9815.75,9828.45,9752.6,189.27B,0.0011
8/21/2017,9754.35,9864.25,9884.35,9740.1,211.63B,-0.0084
8/18/2017,9837.4,9865.95,9865.95,9783.65,253.93B,-0.0067
8/17/2017,9904.15,9945.55,9947.8,9883.75,203.65B,0.0007
8/16/2017,9897.3,9825.85,9903.95,9773.85,226.27B,0.0105
8/14/2017,9794.15,9755.75,9818.3,9752.1,201.61B,0.0086
8/11/2017,9710.8,9712.15,9771.65,9685.55,294.73B,-0.0111
8/10/2017,9820.25,9872.85,9892.65,9776.2,242.82B,-0.0089
8/9/2017,9908.05,9961.15,9969.8,9893.05,174.39B,-0.0071
8/8/2017,9978.55,10068.35,10083.8,9947,209.64B,-0.0078
8/7/2017,10057.4,10074.8,10088.1,10046.35,141.57B,-0.0009
8/4/2017,10066.4,10008.6,10075.25,9988.35,184.08B,0.0053
8/3/2017,10013.65,10081.15,10081.15,9998.25,198.67B,-0.0067
8/2/2017,10081.5,10136.3,10137.85,10054.2,166.46B,-0.0033
8/1/2017,10114.65,10101.05,10128.6,10065.75,190.00B,0.0037
7/31/2017,10077.1,10034.7,10085.9,10016.95,245.10B,0.0063
7/28/2017,10014.5,9996.55,10026.05,9944.5,197.49B,-0.0006
7/27/2017,10020.55,10063.25,10114.85,10005.5,296.78B,0
7/26/2017,10020.65,9983.65,10025.95,9965.95,203.70B,0.0056
7/25/2017,9964.55,10010.55,10011.3,9949.1,191.21B,-0.0002
7/24/2017,9966.4,9936.8,9982.05,9919.6,179.91B,0.0052
7/21/2017,9915.25,9899.6,9924.7,9838,193.29B,0.0042
7/20/2017,9873.3,9920.2,9922.55,9863.45,166.08B,-0.0027
7/19/2017,9899.6,9855.95,9905.05,9851.65,206.38B,0.0074
7/18/2017,9827.15,9832.7,9885.35,9792.05,303.01B,-0.009
7/17/2017,9915.95,9908.15,9928.2,9894.7,168.60B,0.003
7/14/2017,9886.35,9913.3,9913.3,9845.45,164.46B,-0.0005
7/13/2017,9891.7,9855.8,9897.25,9853.45,186.87B,0.0077
7/12/2017,9816.1,9807.3,9824.95,9787.7,150.05B,0.0031
7/11/2017,9786.05,9797.45,9830.05,9778.85,185.32B,0.0015
7/10/2017,9771.05,9719.3,9782.15,9646.45,38.75B,0.0109
7/7/2017,9665.8,9670.35,9684.25,9642.65,146.23B,-0.0009
7/6/2017,9674.55,9653.6,9700.7,9639.95,152.00B,0.0038
7/5/2017,9637.6,9619.75,9643.65,9607.35,134.85B,0.0025
7/4/2017,9613.3,9645.9,9650.65,9595.5,149.31B,-0.0002
7/3/2017,9615,9587.95,9624,9543.55,188.69B,0.0099
6/30/2017,9520.9,9478.5,9535.8,9448.75,185.20B,0.0018
6/29/2017,9504.1,9522.95,9575.8,9493.8,267.28B,0.0014
6/28/2017,9491.25,9520.2,9522.5,9474.35,177.65B,-0.0021
6/27/2017,9511.4,9594.05,9615.4,9473.45,209.59B,-0.0066
6/23/2017,9574.95,9643.25,9647.65,9565.3,180.58B,-0.0057
6/22/2017,9630,9642.65,9698.85,9617.75,204.89B,-0.0004
6/21/2017,9633.6,9648.1,9650.45,9608.6,148.49B,-0.0021
6/20/2017,9653.5,9670.5,9676.5,9643.75,164.44B,-0.0004
6/19/2017,9657.55,9626.4,9673.3,9614.9,146.15B,0.0072
6/16/2017,9588.05,9595.45,9615.85,9565.5,219.81B,0.001
6/15/2017,9578.05,9617.9,9621.4,9560.8,176.42B,-0.0042
6/14/2017,9618.15,9621.55,9627.4,9580.45,187.38B,0.0012
6/13/2017,9606.9,9615.55,9654.15,9595.4,133.73B,-0.001
6/12/2017,9616.4,9646.7,9647.05,9598.5,145.79B,-0.0054
6/9/2017,9668.25,9638.55,9676.25,9608.15,163.90B,0.0022
6/8/2017,9647.25,9682.4,9688.7,9641.5,160.17B,-0.0017
6/7/2017,9663.9,9663.95,9678.55,9630.55,165.67B,0.0028
6/6/2017,9637.15,9704.25,9709.3,9630.2,150.38B,-0.0039
6/5/2017,9675.1,9656.3,9687.2,9640.7,131.68B,0.0022
6/2/2017,9653.5,9657.15,9673.5,9637.45,167.20B,0.0039
6/1/2017,9616.1,9603.55,9634.65,9589.9,181.53B,-0.0005
5/31/2017,9621.25,9636.55,9649.6,9609.25,427.05B,-0.0003
5/30/2017,9624.55,9590.65,9635.3,9581.2,199.89B,0.002
5/29/2017,9604.9,9560.05,9637.75,9547.7,242.27B,0.001
5/26/2017,9595.1,9507.75,9604.9,9495.4,225.65B,0.009
5/25/2017,9509.75,9384.05,9523.3,9379.2,298.15B,0.0159
5/24/2017,9360.55,9410.9,9431.9,9341.65,218.26B,-0.0027
5/23/2017,9386.15,9445.05,9448.05,9370,231.35B,-0.0055
5/22/2017,9438.25,9480.25,9498.65,9427.9,202.87B,0.0011
5/19/2017,9427.9,9469.9,9505.75,9390.75,259.86B,-0.0002
5/18/2017,9429.45,9453.2,9489.1,9418.1,199.34B,-0.0101
5/17/2017,9525.75,9517.6,9532.6,9486.1,211.86B,0.0014
5/16/2017,9512.25,9461,9517.2,9456.35,171.71B,0.0071
5/15/2017,9445.4,9433.55,9449.25,9423.1,145.16B,0.0047
5/12/2017,9400.9,9436.65,9437.75,9372.55,159.08B,-0.0023
5/11/2017,9422.4,9448.6,9450.65,9411.3,176.44B,0.0016
5/10/2017,9407.3,9339.65,9414.75,9336,157.36B,0.0097
5/9/2017,9316.85,9337.35,9338.95,9307.7,136.42B,0.0003
5/8/2017,9314.05,9311.45,9338.7,9297.95,179.71B,0.0031
5/5/2017,9285.3,9374.55,9377.1,9272,239.13B,-0.008
5/4/2017,9359.9,9360.95,9365.65,9323.25,277.90B,0.0051
5/3/2017,9311.95,9344.7,9346.3,9298.4,156.34B,-0.0002
5/2/2017,9313.8,9339.85,9352.55,9269.9,166.56B,0.001
4/28/2017,9304.05,9340.95,9342.65,9282.25,167.23B,-0.0041
4/27/2017,9342.15,9359.15,9367.15,9322.65,215.88B,-0.001
4/26/2017,9351.85,9336.2,9367,9301.35,191.40B,0.0049
4/25/2017,9306.6,9273.05,9309.2,9250.35,173.90B,0.0096
4/24/2017,9217.95,9135.35,9225.4,9130.55,172.91B,0.0108
4/21/2017,9119.4,9179.1,9183.65,9088.75,159.98B,-0.0019
4/20/2017,9136.4,9108.1,9143.9,9102.65,175.63B,0.0036
4/19/2017,9103.5,9112.2,9120.5,9075.15,179.12B,-0.0002
4/18/2017,9105.15,9163,9217.9,9095.45,179.57B,-0.0037
4/17/2017,9139.3,9144.75,9160,9120.25,132.24B,-0.0013
4/13/2017,9150.8,9202.5,9202.65,9144.95,171.70B,-0.0057
4/12/2017,9203.45,9242.5,9246.4,9161.8,166.75B,-0.0036
4/11/2017,9237,9184.55,9242.7,9172.85,206.26B,0.0061
4/10/2017,9181.45,9225.6,9225.65,9174.85,139.97B,-0.0018
4/7/2017,9198.3,9223.7,9250.5,9188.1,195.92B,-0.0069
4/6/2017,9261.95,9245.8,9267.95,9218.85,191.94B,-0.0003
4/5/2017,9265.15,9264.4,9273.9,9215.4,190.53B,0.003
4/3/2017,9237.85,9220.6,9245.35,9192.4,143.45B,0.007
3/31/2017,9173.75,9158.9,9191.7,9152.1,196.77B,0
3/30/2017,9173.75,9142.6,9183.15,9136.35,333.41B,0.0033
3/29/2017,9143.8,9128.7,9153.15,9109.1,250.90B,0.0047
3/28/2017,9100.8,9081.5,9110.4,9079.8,188.99B,0.0061
3/27/2017,9045.2,9093.45,9094.85,9024.65,209.04B,-0.0069
3/24/2017,9108,9104,9133.55,9089.4,210.02B,0.0024
3/23/2017,9086.3,9048.75,9099.05,9048.6,197.71B,0.0062
3/22/2017,9030.45,9047.2,9072.9,9019.3,239.46B,-0.01
3/21/2017,9121.5,9133.95,9147.75,9087.2,255.40B,-0.0006
3/20/2017,9126.85,9166.95,9167.6,9116.3,342.40B,-0.0036
3/17/2017,9160.05,9207.8,9218.4,9147.6,295.55B,0.0007
3/16/2017,9153.7,9129.65,9158.45,9128.55,215.10B,0.0076
3/15/2017,9084.8,9086.85,9106.55,9075.5,248.03B,-0.0002
3/14/2017,9087,9091.65,9122.75,9060.5,278.73B,0.0171
3/10/2017,8934.55,8953.7,8975.7,8903.95,157.42B,0.0008
3/9/2017,8927,8914.5,8945.8,8899.5,176.81B,0.0003
3/8/2017,8924.3,8950.7,8957.05,8891.95,183.33B,-0.0025
3/7/2017,8946.9,8977.75,8977.85,8932.8,178.83B,-0.0018
3/6/2017,8963.45,8915.1,8967.8,8914,180.20B,0.0074
3/3/2017,8897.55,8883.5,8907.1,8860.1,208.92B,-0.0002
3/2/2017,8899.75,8982.85,8992.5,8879.8,225.61B,-0.0051
3/1/2017,8945.8,8904.4,8960.8,8898.6,212.33B,0.0075
2/28/2017,8879.6,8898.95,8914.75,8867.6,302.72B,-0.0019
2/27/2017,8896.7,8943.7,8951.8,8888.65,195.85B,-0.0048
2/23/2017,8939.5,8956.4,8982.15,8927.55,388.87B,0.0014
2/22/2017,8926.9,8931.6,8960.75,8905.25,254.68B,0.0021
2/21/2017,8907.85,8890.75,8920.8,8860.95,181.09B,0.0032
2/20/2017,8879.2,8818.55,8886.25,8809.8,173.02B,0.0065
2/17/2017,8821.7,8883.7,8896.45,8804.25,307.53B,0.005
2/16/2017,8778,8739,8783.95,8719.6,190.28B,0.0061
2/15/2017,8724.7,8778.95,8807.9,8712.85,222.83B,-0.0077
2/14/2017,8792.3,8819.9,8820.45,8772.5,194.13B,-0.0014
2/13/2017,8805.05,8819.8,8826.9,8754.2,211.18B,0.0013
2/10/2017,8793.55,8812.35,8822.1,8771.2,232.95B,0.0017
2/9/2017,8778.4,8795.55,8821.4,8724.1,193.28B,0.0011
2/8/2017,8769.05,8774.55,8791.25,8715,225.49B,0.0001
2/7/2017,8768.3,8805.7,8809.3,8741.05,233.30B,-0.0037
2/6/2017,8801.05,8785.45,8814.1,8770.2,200.40B,0.0069
2/3/2017,8740.95,8735.15,8748.25,8707.75,196.94B,0.0008
2/2/2017,8734.25,8724.75,8757.6,8685.8,292.33B,0.002
2/1/2017,8716.4,8570.35,8722.4,8537.5,337.80B,0.0181
1/31/2017,8561.3,8629.45,8631.75,8552.4,537.11B,-0.0083
1/30/2017,8632.75,8635.55,8662.6,8617.75,314.11B,-0.001
1/27/2017,8641.25,8610.5,8672.7,8606.9,283.91B,0.0045
1/25/2017,8602.75,8499.45,8612.6,8493.95,301.49B,0.015
1/24/2017,8475.8,8407.05,8480.95,8398.15,184.75B,0.01
1/23/2017,8391.5,8329.6,8404.15,8327.2,200.99B,0.005
1/20/2017,8349.35,8404.35,8423.65,8340.95,208.90B,-0.0102
1/19/2017,8435.1,8418.4,8445.15,8404.05,170.96B,0.0022
1/18/2017,8417,8403.85,8460.3,8397.4,168.87B,0.0023
1/17/2017,8398,8415.05,8440.9,8378.3,125.78B,-0.0018
1/16/2017,8412.8,8390.95,8426.7,8374.4,127.94B,0.0015
1/13/2017,8400.35,8457.65,8461.05,8373.15,190.95B,-0.0008
1/12/2017,8407.2,8391.05,8417.2,8382.3,177.95B,0.0032
1/11/2017,8380.65,8327.8,8389,8322.25,192.28B,0.0111
1/10/2017,8288.6,8262.7,8293.8,8261,147.31B,0.0064
1/9/2017,8236.05,8259.35,8263,8227.75,102.21B,-0.0009
1/6/2017,8243.8,8281.85,8306.85,8233.25,143.69B,-0.0036
1/5/2017,8273.8,8226.65,8282.65,8223.7,163.96B,0.0102
1/4/2017,8190.5,8202.65,8218.5,8180.9,136.48B,-0.0002
1/3/2017,8192.25,8196.05,8219.1,8148.6,131.19B,0.0016
1/2/2017,8179.5,8210.1,8212,8133.8,122.02B,-0.0008
12/30/2016,8185.8,8119.65,8197,8114.75,131.46B,0.0101
12/29/2016,8103.6,8030.6,8111.1,8020.8,183.98B,0.0086
12/28/2016,8034.85,8047.55,8100.55,8028.4,130.58B,0.0002
12/27/2016,8032.85,7915.05,8044.65,7903.7,122.46B,0.0158
12/26/2016,7908.25,7965.1,7970.05,7893.8,110.17B,-0.0097
12/23/2016,7985.75,7972.5,8022.6,7942.05,127.92B,0.0008
12/22/2016,7979.1,8043.85,8046.45,7964.95,126.41B,-0.0102
12/21/2016,8061.3,8105.85,8112.55,8053.25,127.54B,-0.0026
12/20/2016,8082.4,8110.6,8124.1,8062.75,132.03B,-0.0027
12/19/2016,8104.35,8126,8132.5,8094.85,110.67B,-0.0043
12/16/2016,8139.45,8178.2,8178.7,8127.45,209.27B,-0.0017
12/15/2016,8153.6,8128.4,8225.9,8121.95,187.43B,-0.0035
12/14/2016,8182.45,8229.35,8229.4,8165.1,149.13B,-0.0048
12/13/2016,8221.8,8196.15,8228.85,8155.8,189.74B,0.0062
12/12/2016,8170.8,8230.65,8230.65,8154.45,111.43B,-0.011
12/9/2016,8261.75,8271.7,8274.95,8241.95,154.34B,0.0018
12/8/2016,8246.85,8152.1,8256.25,8151.75,146.86B,0.0179
12/7/2016,8102.05,8168.4,8190.45,8077.5,175.02B,-0.005
12/6/2016,8143.15,8153.15,8178.7,8130.85,118.85B,0.0018
12/5/2016,8128.75,8088.75,8141.9,8056.85,130.44B,0.0052
12/2/2016,8086.8,8153.55,8159.3,8070.05,176.77B,-0.013
12/1/2016,8192.9,8244,8250.8,8185.05,162.60B,-0.0038
11/30/2016,8224.5,8172.15,8234.25,8139.25,255.72B,0.0101
11/29/2016,8142.15,8131.55,8197.35,8128.7,195.62B,0.0019
11/28/2016,8126.9,8080.65,8146.5,8066.5,195.59B,0.0016
11/25/2016,8114.3,8007.95,8122.25,7976.75,183.36B,0.0187
11/24/2016,7965.5,8011.8,8024.85,7952.55,268.62B,-0.0084
11/23/2016,8033.3,8051.2,8055.2,7973.1,186.60B,0.0039
11/22/2016,8002.3,7989.15,8019.05,7938.15,216.68B,0.0092
11/21/2016,7929.1,8102.1,8102.45,7916.4,225.61B,-0.018
11/18/2016,8074.1,8097.55,8128.95,8048.3,166.20B,-0.0007
11/17/2016,8079.95,8105.1,8151.25,8060.3,197.18B,-0.0039
11/16/2016,8111.6,8205.65,8210.05,8089.4,277.80B,0.0004
11/15/2016,8108.45,8284.85,8288.55,8093.2,370.30B,-0.0226
11/11/2016,8296.3,8456.65,8460.6,8284.95,275.22B,-0.0269
11/10/2016,8525.75,8555.6,8598.45,8510.7,271.20B,0.0111
11/9/2016,8432,8067.5,8476.2,8002.25,323.97B,-0.0131
11/8/2016,8543.55,8540,8559.4,8480.1,201.76B,0.0055
11/7/2016,8497.05,8535.75,8535.85,8481.45,178.07B,0.0075
11/4/2016,8433.75,8503.6,8504,8400.25,231.78B,-0.006
11/3/2016,8484.95,8499.85,8537.65,8476.15,175.77B,-0.0034
11/2/2016,8514,8542.8,8549.5,8504.85,160.13B,-0.013
11/1/2016,8626.25,8653.15,8669.6,8614.5,170.07B,0.0001
10/30/2016,8625.7,8672.35,8678.25,8616.25,166.11B,-0.0014
10/28/2016,8638,8625,8653.75,8581.75,180.91B,0.0026
10/27/2016,8615.25,8607.1,8624.85,8550.25,250.34B,0
10/26/2016,8615.25,8657.3,8657.3,8596.6,226.13B,-0.0088
10/25/2016,8691.3,8721.7,8722.65,8663.45,195.70B,-0.002
10/24/2016,8708.95,8709.85,8736.95,8684.15,161.97B,0.0018
10/21/2016,8693.05,8708.6,8709.1,8652.05,162.16B,-0.0007
10/20/2016,8699.4,8693.35,8727,8678.3,165.95B,0.0047
10/19/2016,8659.1,8697.5,8698.75,8636.7,177.40B,-0.0022
10/18/2016,8677.9,8556.05,8685.1,8555.9,216.63B,0.0185
10/17/2016,8520.4,8612.95,8615.4,8506.15,203.52B,-0.0073
10/14/2016,8583.4,8594,8604.45,8549.8,167.85B,0.0012
10/13/2016,8573.35,8671.5,8681.55,8541.35,218.86B,-0.0156
10/10/2016,8708.8,8735.35,8745.8,8703.95,111.79B,0.0013
10/7/2016,8697.6,8721.7,8723.7,8663.8,155.05B,-0.0014
10/6/2016,8709.55,8768.7,8781.15,8684.65,168.71B,-0.0039
10/5/2016,8743.95,8806.35,8806.95,8731.4,162.10B,-0.0029
10/4/2016,8769.15,8770,8783.65,8736.1,189.99B,0.0036
10/3/2016,8738.1,8666.15,8745.2,8635,141.47B,0.0147
9/30/2016,8611.15,8581.5,8637.15,8555.2,187.33B,0.0023
9/29/2016,8591.25,8792.7,8800.65,8558.25,384.39B,-0.0176
9/28/2016,8745.15,8711.2,8767.05,8703.15,170.64B,0.0045
9/27/2016,8706.4,8748.9,8768.5,8690.5,156.10B,-0.0019
9/26/2016,8723.05,8807.9,8809.55,8715.1,169.05B,-0.0123
9/23/2016,8831.55,8880.75,8885.2,8820.3,191.62B,-0.004
9/22/2016,8867.45,8873.35,8893.35,8837.8,178.14B,0.0103
9/21/2016,8777.15,8790.3,8826.85,8757.3,153.44B,0.0001
9/20/2016,8775.9,8816.1,8816.45,8759.3,140.72B,-0.0037
9/19/2016,8808.4,8788.45,8824.3,8774.2,135.81B,0.0033
9/16/2016,8779.85,8780.85,8847.65,8750.5,274.04B,0.0043
9/15/2016,8742.55,8743.85,8751.95,8704.35,149.89B,0.0018
9/14/2016,8726.6,8710.65,8739.85,8688.9,189.98B,0.0013
9/12/2016,8715.6,8732.95,8746.95,8699.4,190.20B,-0.017
9/9/2016,8866.7,8934.3,8939.15,8858.7,181.34B,-0.0096
9/8/2016,8952.5,8915.5,8960.35,8896,223.94B,0.0039
9/7/2016,8917.95,8968.7,8968.7,8913.35,299.15B,-0.0028
9/6/2016,8943,8852.7,8950.85,8848.45,201.62B,0.0151
9/2/2016,8809.65,8796.35,8824.1,8768.2,197.38B,0.004
9/1/2016,8774.65,8793.6,8813.25,8759.95,246.34B,-0.0013
8/31/2016,8786.2,8754.05,8819.2,8754.05,373.42B,0.0048
8/30/2016,8744.35,8646.75,8750.6,8642.25,154.83B,0.0159
8/29/2016,8607.45,8583.75,8622,8543.75,133.72B,0.0041
8/26/2016,8572.55,8614.35,8622.95,8547.55,152.15B,-0.0023
8/25/2016,8592.2,8668.85,8683.05,8583.65,219.74B,-0.0067
8/24/2016,8650.3,8648.5,8661.05,8620.9,154.17B,0.0021
8/23/2016,8632.6,8628.35,8642.15,8580,193.30B,0.0004
8/22/2016,8629.15,8667,8684.85,8614,156.98B,-0.0044
8/19/2016,8666.9,8694.3,8696.6,8647.1,197.77B,-0.0007
8/18/2016,8673.25,8648.85,8690.7,8645.05,169.43B,0.0057
8/17/2016,8624.05,8639.8,8667.1,8603.6,179.54B,-0.0021
8/16/2016,8642.55,8670.25,8682.35,8600.45,231.77B,-0.0034
8/12/2016,8672.15,8605.45,8684.3,8604.45,272.01B,0.0093
8/11/2016,8592.15,8572.8,8601.15,8540.05,195.12B,0.002
8/10/2016,8575.3,8686.7,8690.1,8564.6,178.96B,-0.0119
8/9/2016,8678.25,8727.8,8728.35,8638.2,206.26B,-0.0038
8/8/2016,8711.35,8712.85,8723.5,8697.6,177.88B,0.0032
8/5/2016,8683.15,8600.2,8689.4,8590.15,162.79B,0.0154
8/4/2016,8551.1,8599.95,8601.4,8518.15,169.78B,0.0007
8/3/2016,8544.85,8635.2,8635.45,8529.6,168.03B,-0.0091
8/2/2016,8622.9,8647.45,8687.2,8611.4,174.56B,-0.0016
8/1/2016,8636.55,8654.3,8711.3,8590.5,194.19B,-0.0002
7/29/2016,8638.5,8668.3,8670.35,8631.15,161.93B,-0.0032
7/28/2016,8666.3,8636.95,8674.7,8625.25,240.72B,0.0059
7/27/2016,8615.8,8599.4,8665,8572.05,189.80B,0.0029
7/26/2016,8590.65,8633.75,8644.9,8577.15,159.56B,-0.0052
7/25/2016,8635.65,8519.95,8641.15,8517.2,154.63B,0.0111
7/22/2016,8541.2,8519.65,8548.95,8489.8,147.62B,0.0037
7/21/2016,8510.1,8582.7,8585.25,8503.45,154.58B,-0.0065
7/20/2016,8565.85,8515.45,8569.9,8512.55,165.35B,0.0044
7/19/2016,8528.55,8514.3,8540.05,8476.7,173.05B,0.0023
7/18/2016,8508.7,8564.05,8587.1,8494.35,169.40B,-0.0038
7/15/2016,8541.4,8565.45,8594.8,8510.05,228.60B,-0.0028
7/14/2016,8565,8515.75,8571.4,8500.7,158.74B,0.0053
7/13/2016,8519.5,8540.45,8550.25,8493.55,201.49B,-0.0002
7/12/2016,8521.05,8502.6,8526.6,8479.2,189.34B,0.0063
7/11/2016,8467.9,8413.35,8475.25,8407.05,154.40B,0.0174
7/8/2016,8323.2,8350,8353.3,8287.55,142.16B,-0.0018
7/7/2016,8337.9,8342,8361.95,8317.7,160.33B,0.0002
7/5/2016,8335.95,8379.3,8381.45,8319.95,143.25B,-0.0042
7/4/2016,8370.7,8376.75,8398.45,8364.7,158.96B,0.0051
7/1/2016,8328.35,8313.05,8356.75,8308.65,170.58B,0.0049
6/30/2016,8287.75,8260.25,8308.15,8242.1,288.03B,0.0102
6/29/2016,8204,8173.1,8212.4,8157.65,151.50B,0.0094
6/28/2016,8127.85,8096.05,8146.35,8086.85,175.72B,0.0041
6/27/2016,8094.7,8039.35,8120.65,8039.35,167.46B,0.0008
6/24/2016,8088.6,8029.1,8100.7,7927.05,306.80B,-0.022
6/23/2016,8270.45,8201.15,8285.6,8188.3,158.85B,0.0081
6/22/2016,8203.7,8213.65,8238.35,8153.25,140.27B,-0.002
6/21/2016,8219.9,8255.4,8257.25,8202.15,141.16B,-0.0023
6/20/2016,8238.5,8115.75,8244.15,8107.35,173.75B,0.0084
6/17/2016,8170.2,8176.65,8195.25,8135.8,171.84B,0.0036
6/16/2016,8140.75,8180.65,8180.65,8074.45,195.03B,-0.008
6/15/2016,8206.6,8139.4,8213.2,8123.15,174.95B,0.0121
6/14/2016,8108.85,8134.4,8134.95,8069.5,150.04B,-0.0002
6/13/2016,8110.6,8102.25,8125.25,8063.9,174.92B,-0.0073
6/10/2016,8170.05,8180.25,8265.6,8162.85,187.76B,-0.0041
6/9/2016,8203.6,8273.35,8273.35,8184.6,180.29B,-0.0084
6/8/2016,8273.05,8285.5,8288.9,8252.05,179.71B,0.0008
6/7/2016,8266.45,8235.55,8294.95,8216.4,249.37B,0.008
6/6/2016,8201.05,8228.75,8234.7,8186.05,176.89B,-0.0024
6/3/2016,8220.8,8246.2,8262,8209.85,390.65B,0.0002
6/2/2016,8218.95,8156.9,8229.5,8154.75,187.32B,0.0048
6/1/2016,8179.95,8179.2,8215.35,8171.05,200.37B,0.0024
5/31/2016,8160.1,8209.85,8213.6,8134.3,485.65B,-0.0022
5/30/2016,8178.5,8166.5,8200,8150.8,255.09B,0.0027
5/27/2016,8156.65,8081.95,8164.2,8077.05,268.96B,0.0108
5/26/2016,8069.65,7974.45,8083,7948.5,272.46B,0.017
5/25/2016,7934.9,7811.8,7941.2,7809.3,181.64B,0.024
5/24/2016,7748.85,7738.05,7761.55,7715.8,151.54B,0.0023
5/23/2016,7731.05,7813.95,7820.6,7722.2,177.35B,-0.0024
5/20/2016,7749.7,7792.2,7812.4,7735.75,161.89B,-0.0043
5/19/2016,7783.4,7875.5,7876.2,7766.8,175.71B,-0.011
5/18/2016,7870.15,7846.75,7882.05,7810.75,161.17B,-0.0026
5/17/2016,7890.75,7896.85,7940.1,7879.7,189.14B,0.0038
5/16/2016,7860.75,7831.2,7873.9,7772.15,211.55B,0.0059
5/13/2016,7814.9,7881,7881,7784.2,185.06B,-0.0108
5/12/2016,7900.4,7871.45,7916.05,7849.65,157.44B,0.0066
5/11/2016,7848.85,7804.65,7893.1,7780.9,220.71B,-0.0049
5/10/2016,7887.8,7873.55,7896.9,7837.7,166.96B,0.0028
5/9/2016,7866.05,7755.25,7873.65,7753.55,165.62B,0.0171
5/6/2016,7733.45,7717.65,7738.9,7678.35,168.66B,-0.0003
5/5/2016,7735.5,7731,7777.55,7706.85,190.79B,0.0038
5/4/2016,7706.55,7724.15,7749,7697.25,205.94B,-0.0052
5/3/2016,7747,7824.8,7890.25,7735.15,192.27B,-0.0075
5/2/2016,7805.9,7822.7,7829.8,7777.3,150.82B,-0.0056
4/29/2016,7849.8,7844.25,7889.05,7788.7,251.23B,0.0003
4/28/2016,7847.25,7967.4,7992,7834.45,301.48B,-0.0166
4/27/2016,7979.9,7942,7991,7940.55,213.17B,0.0022
4/26/2016,7962.65,7828.15,7974.5,7822.55,208.66B,0.0137
4/25/2016,7855.05,7894.8,7911,7827,150.78B,-0.0056
4/22/2016,7899.3,7891.8,7923.35,7873.35,188.99B,-0.0016
4/21/2016,7912.05,7953.65,7978.45,7884.1,230.58B,-0.0003
4/20/2016,7914.75,7950.05,7950.4,7877.55,211.63B,0
4/18/2016,7914.7,7908.15,7920.6,7842.75,190.26B,0.0082
4/13/2016,7850.45,7777.15,7864.8,7772.2,227.22B,0.0184
4/12/2016,7708.95,7669.25,7717.4,7663.35,168.51B,0.0049
4/11/2016,7671.4,7577.8,7678.8,7516.85,185.35B,0.0154
4/8/2016,7555.2,7542.35,7569.35,7526.7,147.82B,0.0012
4/7/2016,7546.45,7630.4,7630.75,7535.85,241.68B,-0.0089
4/6/2016,7614.35,7636.05,7638.65,7591.75,170.65B,0.0015
4/5/2016,7603.2,7736.3,7736.3,7588.65,210.13B,-0.0201
4/4/2016,7758.8,7733.15,7764.45,7704.4,160.28B,0.0059
4/1/2016,7713.05,7718.05,7740.15,7666.1,189.57B,-0.0033
3/31/2016,7738.4,7727.65,7777.6,7702,391.91B,0.0004
3/30/2016,7735.2,7651.1,7741.95,7643.45,239.84B,0.0182
3/29/2016,7597,7606.55,7652.9,7582.25,223.49B,-0.0024
3/28/2016,7615.1,7741,7749.4,7587.7,249.91B,-0.0131
3/23/2016,7716.5,7717.45,7726.85,7670.6,205.80B,0.0002
3/22/2016,7714.9,7695.55,7728.2,7643.8,215.36B,0.0014
3/21/2016,7704.25,7619.2,7713.55,7617.7,202.85B,0.0131
3/18/2016,7604.35,7534.65,7613.6,7517.9,244.73B,0.0122
3/17/2016,7512.55,7557.4,7585.3,7479.4,247.04B,0.0018
3/16/2016,7498.75,7457.05,7508,7405.15,201.43B,0.0051
3/15/2016,7460.6,7535.85,7545.2,7452.8,199.65B,-0.0104
3/14/2016,7538.75,7542.6,7583.7,7515.05,172.07B,0.0038
3/11/2016,7510.2,7484.85,7543.95,7460.6,204.81B,0.0032
3/10/2016,7486.15,7545.35,7547.1,7447.4,231.58B,-0.0061
3/9/2016,7531.8,7436.1,7539,7424.3,252.71B,0.0062
3/8/2016,7485.3,7486.4,7527.15,7442.15,264.94B,0
3/4/2016,7485.35,7505.4,7505.9,7444.1,290.44B,0.0013
3/3/2016,7475.6,7429.55,7483.95,7406.05,287.25B,0.0145
3/2/2016,7368.85,7321.7,7380.35,7308.15,348.97B,0.0203
3/1/2016,7222.3,7038.25,7235.5,7035.1,283.56B,0.0337
2/29/2016,6987.05,7050.45,7094.6,6825.8,487.97B,-0.0061
2/26/2016,7029.75,7039.3,7052.9,6985.1,213.14B,0.0085
2/25/2016,6970.6,7029.85,7034.2,6961.4,291.93B,-0.0069
2/24/2016,7018.7,7075,7090.8,7009.75,205.90B,-0.0128
2/23/2016,7109.55,7240.3,7241.7,7090.7,200.40B,-0.0173
2/22/2016,7234.55,7208.85,7252.4,7200.7,159.16B,0.0033
2/19/2016,7210.75,7170.55,7226.85,7145.95,198.21B,0.0026
2/18/2016,7191.75,7177.4,7215.1,7127.85,254.33B,0.0117
2/17/2016,7108.45,7058.85,7123.7,6960.65,268.02B,0.0085
2/16/2016,7048.25,7201.25,7204.65,7037.7,261.61B,-0.016
2/15/2016,7162.95,7057.35,7182.8,7056.8,365.22B,0.0261
2/12/2016,6980.95,7023.65,7034.8,6869,344.21B,0.0007
2/11/2016,6976.35,7203.6,7208.65,6959.95,301.30B,-0.0332
2/10/2016,7215.7,7264.3,7271.85,7177.75,254.48B,-0.0113
2/9/2016,7298.2,7303.95,7323.45,7275.15,218.73B,-0.0121
2/8/2016,7387.25,7489.7,7512.55,7363.2,176.76B,-0.0136
2/5/2016,7489.1,7418.25,7503.15,7406.65,257.52B,0.0115
2/4/2016,7404,7411.45,7457.05,7365.95,229.56B,0.0057
2/3/2016,7361.8,7392.45,7419.4,7350.3,197.86B,-0.0126
2/2/2016,7455.55,7566.65,7576.3,7428.05,237.34B,-0.0133
2/1/2016,7555.95,7589.5,7600.45,7541.25,206.65B,-0.001
1/29/2016,7563.55,7413.35,7575.65,7402.8,307.93B,0.0187
1/28/2016,7424.65,7426.5,7468.85,7409.6,283.04B,-0.0018
1/27/2016,7437.75,7469.6,7477.9,7419.7,193.39B,0.0002
1/25/2016,7436.15,7468.75,7487.15,7421.2,168.20B,0.0018
1/22/2016,7422.45,7355.7,7433.4,7327.6,236.28B,0.02
1/21/2016,7276.8,7376.65,7398.7,7250,248.11B,-0.0044
1/20/2016,7309.3,7357,7470.9,7241.5,232.61B,-0.0169
1/19/2016,7435.1,7381.8,7462.75,7364.15,194.07B,0.0114
1/18/2016,7351,7420.35,7463.65,7336.4,240.80B,-0.0117
1/15/2016,7437.8,7561.65,7566.5,7427.3,203.64B,-0.0131
1/14/2016,7536.8,7467.4,7604.8,7443.8,206.99B,-0.0034
1/13/2016,7562.4,7557.9,7590.95,7425.8,221.91B,0.0069
1/12/2016,7510.3,7587.2,7588.3,7487.8,168.98B,-0.0071
1/11/2016,7563.85,7527.45,7605.1,7494.35,194.84B,-0.0049
1/8/2016,7601.35,7611.65,7634.1,7581.05,162.35B,0.0044
1/7/2016,7568.3,7673.35,7674.95,7556.6,194.73B,-0.0223
1/6/2016,7741,7788.05,7800.95,7721.2,151.72B,-0.0056
1/5/2016,7784.65,7828.4,7831.2,7763.25,149.67B,-0.0009
1/4/2016,7791.3,7924.55,7937.55,7781.1,138.87B,-0.0216
1/1/2016,7963.2,7938.45,7972.55,7909.8,64.84B,0.0021
12/31/2015,7946.35,7897.8,7955.55,7891.15,155.65B,0.0063
12/30/2015,7896.25,7938.6,7944.75,7889.85,110.15B,-0.0041
12/29/2015,7928.95,7929.2,7942.15,7902.75,116.54B,0.0005
12/28/2015,7925.15,7863.2,7937.2,7863,126.74B,0.0082
12/24/2015,7861.05,7888.75,7888.75,7835.5,96.37B,-0.0006
12/23/2015,7865.95,7830.45,7871.45,7826.1,121.48B,0.0103
12/22/2015,7786.1,7829.4,7846.3,7776.85,129.63B,-0.0062
12/21/2015,7834.45,7745.65,7840.75,7733.45,130.17B,0.0093
12/18/2015,7761.95,7828.9,7836.15,7753.35,197.32B,-0.0105
12/17/2015,7844.35,7783.05,7852.9,7737.55,181.26B,0.0121
12/16/2015,7750.9,7725.25,7776.6,7715.75,159.15B,0.0065
12/15/2015,7700.9,7659.15,7705,7625.1,138.48B,0.0066
12/14/2015,7650.05,7558.2,7663.95,7551.05,153.49B,0.0052
12/11/2015,7610.45,7699.6,7703.05,7575.3,173.00B,-0.0095
12/10/2015,7683.3,7643.3,7691.95,7610,145.25B,0.0093
12/9/2015,7612.5,7695.5,7702.85,7606.9,144.32B,-0.0116
12/8/2015,7701.7,7738.5,7771.25,7685.45,139.32B,-0.0082
12/7/2015,7765.4,7816.55,7825.4,7746.05,141.89B,-0.0021
12/4/2015,7781.9,7817.6,7821.4,7775.7,157.23B,-0.0105
12/3/2015,7864.15,7902.3,7912.3,7853.3,129.63B,-0.0085
12/2/2015,7931.35,7976.7,7979.3,7910.8,130.21B,-0.003
12/1/2015,7954.9,7958.15,7972.15,7934.15,142.94B,0.0025
11/30/2015,7935.25,7936.25,7966,7922.8,223.04B,-0.0009
11/27/2015,7942.7,7910.6,7959.3,7879.45,154.86B,0.0075
11/26/2015,7883.8,7837.15,7897.1,7832,226.63B,0.0067
11/24/2015,7831.6,7837,7870.35,7812.65,134.56B,-0.0022
11/23/2015,7849.25,7869.5,7877.5,7825.2,130.87B,-0.0009
11/20/2015,7856.55,7841.9,7906.95,7817.8,156.61B,0.0018
11/19/2015,7842.75,7788.5,7854.9,7765.45,136.70B,0.0143
11/18/2015,7731.8,7823.15,7843.4,7725.05,148.04B,-0.0135
11/17/2015,7837.55,7848.75,7860.45,7793,149.45B,0.004
11/16/2015,7806.6,7732.95,7838.85,7714.15,154.14B,0.0057
11/13/2015,7762.25,7762.45,7775.1,7730.9,165.88B,-0.008
11/11/2015,7825,7838.8,7847.95,7819.1,223.80B,0.0054
11/10/2015,7783.35,7877.6,7885.1,7772.85,170.27B,-0.0167
11/9/2015,7915.2,7788.25,7937.75,7771.7,218.42B,-0.0049
11/6/2015,7954.3,7956.55,8002.65,7926.15,226.33B,-0.0001
11/5/2015,7955.45,8030.35,8031.2,7944.1,136.22B,-0.0105
11/4/2015,8040.2,8104.9,8116.1,8027.3,125.94B,-0.0025
11/3/2015,8060.7,8086.35,8100.35,8031.75,136.62B,0.0012
11/2/2015,8050.8,8054.55,8060.7,7995.6,140.32B,-0.0019
10/30/2015,8065.8,8123.55,8146.1,8044.4,205.66B,-0.0057
10/29/2015,8111.75,8175.45,8179.6,8098,224.23B,-0.0073
10/28/2015,8171.2,8188.9,8209.1,8131.8,194.71B,-0.0075
10/27/2015,8232.9,8230.35,8241.95,8217.05,161.49B,-0.0033
10/26/2015,8260.55,8333.65,8336.3,8252.05,138.01B,-0.0042
10/23/2015,8295.45,8308.25,8328.1,8280.75,156.66B,0.0053
10/21/2015,8251.7,8258.35,8294.4,8217.15,149.27B,-0.0012
10/20/2015,8261.65,8280.3,8294.05,8229.2,159.95B,-0.0016
10/19/2015,8275.05,8262.55,8283.05,8239.2,128.30B,0.0045
10/16/2015,8238.15,8193.65,8246.4,8147.65,161.15B,0.0072
10/15/2015,8179.5,8134.35,8190.55,8129.8,172.43B,0.0088
10/14/2015,8107.9,8102.4,8139.3,8096.35,143.16B,-0.0029
10/13/2015,8131.7,8121.95,8150.25,8088.6,150.43B,-0.0015
10/12/2015,8143.6,8231.5,8244.5,8128.2,205.26B,-0.0056
10/9/2015,8189.7,8186.35,8232.2,8139.65,205.86B,0.0074
10/8/2015,8129.35,8196.75,8196.75,8105.85,177.03B,-0.0059
10/7/2015,8177.4,8146.2,8188.9,8132.9,199.91B,0.003
10/6/2015,8152.9,8180.45,8180.95,8096.5,184.04B,0.0041
10/5/2015,8119.3,8005.1,8128.9,8005.1,188.83B,0.0212
10/1/2015,7950.9,7992.05,8008.25,7930.65,161.81B,0.0003
9/30/2015,7948.9,7924.25,7957.7,7874.5,217.19B,0.0135
9/29/2015,7843.3,7725.7,7926.55,7691.2,248.11B,0.0061
9/28/2015,7795.7,7892.8,7893.95,7787.95,140.48B,-0.0093
9/24/2015,7868.5,7838.4,7894.5,7804.1,208.77B,0.0029
9/23/2015,7845.95,7737.35,7882.9,7723.25,151.20B,0.0043
9/22/2015,7812,8014.8,8021.6,7787.75,173.57B,-0.0207
9/21/2015,7977.1,7911.5,7987.9,7908.35,125.63B,-0.0006
9/18/2015,7981.9,7967.45,8055,7955.85,249.31B,0.0105
9/16/2015,7899.15,7886.85,7913.9,7853.3,144.33B,0.0089
9/15/2015,7829.1,7867.35,7880,7799.75,140.72B,-0.0055
9/14/2015,7872.25,7811.1,7879.95,7761.85,126.63B,0.0106
9/11/2015,7789.3,7833.8,7864.85,7759.9,140.58B,0.0002
9/10/2015,7788.1,7729.05,7819.85,7678.5,165.31B,-0.0039
9/9/2015,7818.6,7805.85,7846.05,7764.55,214.84B,0.017
9/8/2015,7688.25,7587.7,7720.9,7539.5,177.52B,0.0171
9/7/2015,7558.8,7685.85,7705.05,7545.9,145.76B,-0.0126
9/4/2015,7655.05,7803.4,7804.9,7626.85,199.57B,-0.0215
9/3/2015,7823,7774.45,7845.6,7754.05,160.61B,0.0137
9/2/2015,7717,7856.65,7862.55,7699.25,222.00B,-0.0088
9/1/2015,7785.85,7907.95,7929.1,7746.5,190.58B,-0.0233
8/31/2015,7971.3,8009.25,8043.6,7947.95,204.26B,-0.0038
8/28/2015,8001.95,8053.7,8091.8,7961.65,201.57B,0.0067
8/27/2015,7948.95,7921.6,7963.6,7862.3,314.42B,0.0202
8/26/2015,7791.85,7865.25,7930.05,7777.1,223.26B,-0.0113
8/25/2015,7880.7,7895.4,7925.4,7667.25,308.25B,0.0092
8/24/2015,7809,8055.95,8060.05,7769.4,322.10B,-0.0592
8/21/2015,8299.95,8305.4,8322.2,8225.05,207.54B,-0.0087
8/20/2015,8372.75,8471.05,8501.35,8359.75,189.84B,-0.0144
8/19/2015,8495.15,8468.05,8520.45,8425.95,134.51B,0.0034
8/18/2015,8466.55,8505.85,8525.75,8433.6,157.99B,-0.0013
8/17/2015,8477.3,8530.5,8530.6,8428.05,180.08B,-0.0048
8/14/2015,8518.55,8402.35,8530.1,8381.2,160.68B,0.0195
8/13/2015,8355.85,8384.45,8429.5,8339.75,195.08B,0.0008
8/12/2015,8349.45,8445.7,8446.95,8337.95,195.90B,-0.0133
8/11/2015,8462.35,8548.45,8556.25,8441.3,159.19B,-0.0074
8/10/2015,8525.6,8577,8621.55,8497.8,127.19B,-0.0046
8/7/2015,8564.6,8580.8,8595.95,8552.7,148.07B,-0.0028
8/6/2015,8588.65,8585.8,8606.3,8551.5,139.12B,0.0024
8/5/2015,8567.95,8547.45,8591.85,8545.85,136.95B,0.006
8/4/2015,8516.9,8564.1,8565.15,8448.25,193.23B,-0.0031
8/3/2015,8543.05,8510.65,8563.95,8508.1,161.49B,0.0012
7/31/2015,8532.85,8456.1,8548.95,8448,209.63B,0.0132
7/30/2015,8421.8,8417,8458.9,8408.3,221.94B,0.0056
7/29/2015,8375.05,8365.6,8381.5,8338.45,145.40B,0.0046
7/28/2015,8337,8371.1,8397.4,8321.75,179.98B,-0.0029
7/27/2015,8361,8492.1,8492.2,8351.55,140.83B,-0.0188
7/24/2015,8521.55,8588.15,8589.15,8513.5,131.34B,-0.0079
7/23/2015,8589.8,8643.95,8654.75,8573.8,136.96B,-0.0051
7/22/2015,8633.5,8512.25,8643.9,8498.65,141.02B,0.0122
7/21/2015,8529.45,8601.5,8646.75,8517.9,169.15B,-0.0086
7/20/2015,8603.45,8623.9,8624.1,8559,93.44B,-0.0007
7/17/2015,8609.85,8623.65,8642.95,8593.15,108.19B,0.0002
7/16/2015,8608.05,8546.15,8616.1,8542.9,119.64B,0.0099
7/15/2015,8523.8,8463.4,8531.4,8462.95,108.84B,0.0082
7/14/2015,8454.1,8470.6,8480.25,8424.1,104.89B,-0.0007
7/13/2015,8459.65,8397.25,8471.65,8355.4,121.38B,0.0119
7/10/2015,8360.55,8365.7,8377.1,8315.4,158.88B,0.0038
7/9/2015,8328.55,8364.85,8400.3,8323,135.36B,-0.0041
7/8/2015,8363.05,8439.2,8457.5,8341.4,193.89B,-0.0174
7/7/2015,8510.8,8525.5,8561.35,8483.85,126.04B,-0.0013
7/6/2015,8522.15,8386.15,8533.15,8386.15,104.58B,0.0044
7/3/2015,8484.9,8440.1,8497.75,8424.15,91.14B,0.0047
7/2/2015,8444.9,8471.95,8479.25,8433.2,115.47B,-0.001
7/1/2015,8453.05,8376.25,8481.6,8370.15,135.89B,0.0101
6/30/2015,8368.5,8316.35,8378,8298.95,163.37B,0.006
6/29/2015,8318.4,8247.05,8329.45,8195.65,136.11B,-0.0075
6/26/2015,8381.1,8393.95,8408.55,8339.7,113.96B,-0.002
6/25/2015,8398,8336.25,8423.15,8329.5,207.42B,0.0044
6/24/2015,8360.85,8399.4,8421.35,8338.9,134.06B,-0.0025
6/23/2015,8381.55,8377.45,8398.45,8334.95,135.85B,0.0034
6/22/2015,8353.1,8259.3,8369.45,8257.4,126.54B,0.0156
6/19/2015,8224.95,8201.15,8250.8,8195.65,151.58B,0.0062
6/18/2015,8174.6,8113.7,8186.9,8101.8,149.27B,0.0103
6/17/2015,8091.55,8084.2,8136.85,8048.95,157.21B,0.0055
6/16/2015,8047.3,8004.2,8061.85,7952.35,127.81B,0.0042
6/15/2015,8013.9,7986.6,8057.7,7944.85,137.12B,0.0039
6/12/2015,7982.9,7959.85,7995.6,7940.3,140.84B,0.0022
6/11/2015,7965.35,8157.3,8163.05,7958.25,171.35B,-0.0196
6/10/2015,8124.45,8024.15,8152.25,8023.8,141.03B,0.0127
6/9/2015,8022.4,8026.5,8057.15,8005.15,140.22B,-0.0027
6/8/2015,8044.15,8124.35,8131,8030.55,140.08B,-0.0087
6/5/2015,8114.7,8119.15,8191,8100.15,167.05B,-0.002
6/4/2015,8130.65,8155.15,8160.05,8056.75,159.47B,-0.0005
6/3/2015,8135.1,8232.45,8236.7,8094.15,176.66B,-0.0123
6/2/2015,8236.45,8442.8,8445.35,8226.05,151.34B,-0.0234
6/1/2015,8433.4,8417.25,8467.15,8405.4,125.99B,0
5/29/2015,8433.65,8327.1,8443.9,8305.7,375.23B,0.0138
5/28/2015,8319,8345.7,8364.5,8270.15,239.55B,-0.0019
5/27/2015,8334.6,8302.75,8342.85,8277.95,170.58B,-0.0006
5/26/2015,8339.35,8377.1,8378.9,8320.05,120.43B,-0.0037
5/25/2015,8370.25,8438.15,8441.95,8364.15,125.05B,-0.0105
5/22/2015,8458.95,8432.5,8489.55,8420.6,193.08B,0.0045
5/21/2015,8421,8434.5,8446.35,8382.5,148.19B,-0.0003
5/20/2015,8423.25,8392.65,8440.35,8391.45,127.39B,0.0069
5/19/2015,8365.65,8356.2,8427.8,8335,144.64B,-0.001
5/18/2015,8373.65,8284.95,8384.6,8271.95,153.34B,0.0135
5/15/2015,8262.35,8240.3,8279.2,8212.2,133.84B,0.0046
5/14/2015,8224.2,8232.45,8236.25,8137.3,138.96B,-0.0014
5/13/2015,8235.45,8181.55,8254.95,8089.8,175.02B,0.0134
5/12/2015,8126.95,8326.15,8326.65,8115.3,178.75B,-0.0238
5/11/2015,8325.25,8243.2,8332.75,8224.65,197.88B,0.0163
5/8/2015,8191.5,8131.5,8224.95,8123.45,188.78B,0.0167
5/7/2015,8057.3,8077,8122.6,7997.15,166.56B,-0.0049
5/6/2015,8097,8316.6,8331.95,8083,216.09B,-0.0274
5/5/2015,8324.8,8338.4,8355.65,8280.6,160.34B,-0.0009
5/4/2015,8331.95,8230.05,8346,8220.45,135.77B,0.0184
4/30/2015,8181.5,8224.5,8229.4,8144.75,276.02B,-0.0071
4/29/2015,8239.75,8274.8,8308.2,8219.2,165.36B,-0.0055
4/28/2015,8285.6,8215.55,8308,8185.15,179.97B,0.0087
4/27/2015,8213.8,8330.55,8334.45,8202.35,176.84B,-0.011
4/24/2015,8305.25,8405.7,8413.3,8273.35,178.99B,-0.0111
4/23/2015,8398.3,8478.2,8504.95,8361.85,160.80B,-0.0037
4/22/2015,8429.7,8400.4,8449.95,8284.7,177.13B,0.0062
4/21/2015,8377.75,8416.1,8469.35,8352.7,420.43B,-0.0083
4/20/2015,8448.1,8618.8,8619.95,8422.75,153.51B,-0.0183
4/17/2015,8606,8698.05,8699.85,8596.7,154.98B,-0.0116
4/16/2015,8706.7,8757.05,8760,8645.65,147.27B,-0.005
4/15/2015,8750.2,8844.75,8844.8,8722.4,168.58B,-0.0095
4/13/2015,8834,8801.75,8841.65,8762.1,125.37B,0.0061
4/10/2015,8780.35,8774.35,8787.4,8733.6,143.29B,0.0002
4/9/2015,8778.3,8756.2,8785.5,8682.45,157.41B,0.0073
4/8/2015,8714.4,8698.95,8730.5,8679.8,152.80B,0.0062
4/7/2015,8660.3,8684.45,8693.6,8586.85,153.26B,0
4/6/2015,8659.9,8615.8,8667.55,8573.75,151.38B,0.0086
4/1/2015,8586.25,8483.7,8603.4,8464.75,129.45B,0.0112
3/31/2015,8491,8527.6,8550.45,8454.15,172.36B,-0.0002
3/30/2015,8492.3,8390.95,8504.55,8380.75,138.88B,0.0181
3/27/2015,8341.4,8396,8413.2,8269.15,198.98B,-0.0001
3/26/2015,8342.15,8474.95,8499.45,8325.35,288.76B,-0.0221
3/25/2015,8530.8,8568.9,8573.75,8516.55,165.95B,-0.0014
3/24/2015,8542.95,8537.05,8627.75,8535.85,161.47B,-0.0009
3/23/2015,8550.9,8591.55,8608.35,8540.55,155.43B,-0.0023
3/20/2015,8570.9,8627.9,8627.9,8553,179.98B,-0.0074
3/19/2015,8634.65,8749.45,8788.2,8614.65,168.63B,-0.0059
3/18/2015,8685.9,8742.9,8747.25,8664,161.15B,-0.0043
3/17/2015,8723.3,8689.1,8742.55,8630.8,182.50B,0.0104
3/16/2015,8633.15,8656.75,8663.55,8612,168.44B,-0.0017
3/13/2015,8647.75,8844.05,8849.75,8631.75,184.67B,-0.0146
3/12/2015,8776,8740.65,8787.2,8732.9,179.34B,0.0087
3/11/2015,8699.95,8728.75,8755.6,8682.35,178.05B,-0.0014
3/10/2015,8712.05,8769.75,8778,8677.35,168.92B,-0.0051
3/9/2015,8756.75,8891.15,8891.3,8740.45,160.33B,-0.0203
3/5/2015,8937.75,8929.4,8957.55,8849.35,165.08B,0.0017
3/4/2015,8922.65,9109.15,9119.2,8893.95,256.06B,-0.0082
3/3/2015,8996.25,8962.85,9008.4,8925.55,183.25B,0.0044
3/2/2015,8956.75,8953.85,8972.35,8885.45,224.77B,0.0062
2/28/2015,8901.85,8913.05,8941.1,8751.35,246.45B,0.0065
2/27/2015,8844.6,8729.5,8856.95,8717.45,257.23B,0.0185
2/26/2015,8683.85,8779,8786.05,8669.45,224.19B,-0.0095
2/25/2015,8767.25,8801.9,8840.65,8751.4,139.41B,0.0006
2/24/2015,8762.1,8772.9,8800.5,8726.75,154.37B,0.0008
2/23/2015,8754.95,8856.85,8869,8736.1,143.93B,-0.0089
2/20/2015,8833.6,8895.5,8899.95,8816.3,203.72B,-0.0069
2/19/2015,8895.3,8883.05,8913.45,8794.45,219.87B,0.003
2/18/2015,8869.1,8811.55,8894.3,8808.9,152.15B,0.0068
2/16/2015,8809.35,8831.4,8870.1,8793.4,140.64B,0.0004
2/13/2015,8805.5,8741.5,8822.1,8729.65,228.81B,0.0108
2/12/2015,8711.55,8676.95,8732.55,8599.25,163.68B,0.0098
2/11/2015,8627.4,8603.3,8651.95,8593.65,166.56B,0.0072
2/10/2015,8565.55,8478.1,8646.25,8470.5,202.30B,0.0046
2/9/2015,8526.35,8584.4,8605.55,8516.35,151.33B,-0.0156
2/6/2015,8661.05,8696.85,8726.2,8645.55,176.55B,-0.0058
2/5/2015,8711.7,8733.1,8838.45,8683.65,179.01B,-0.0014
2/4/2015,8723.7,8789.15,8792.85,8704.4,201.25B,-0.0038
2/3/2015,8756.55,8823.15,8837.3,8726.65,208.67B,-0.0046
2/2/2015,8797.4,8802.5,8840.8,8751.1,216.56B,-0.0013
1/30/2015,8808.9,8996.6,8996.6,8775.1,275.59B,-0.016
1/29/2015,8952.35,8901.5,8966.65,8861.25,264.25B,0.0043
1/28/2015,8914.3,8902.75,8985.05,8874.05,190.81B,0.0004
1/27/2015,8910.5,8871.35,8925.05,8825.45,192.01B,0.0085
1/23/2015,8835.6,8827.95,8866.4,8795.4,197.12B,0.0085
1/22/2015,8761.4,8745.85,8774.15,8727,180.91B,0.0037
1/21/2015,8729.5,8719.65,8741.85,8689.6,191.65B,0.0039
1/20/2015,8695.6,8575.1,8707.9,8574.5,158.71B,0.0169
1/19/2015,8550.7,8550.05,8570.95,8531.5,129.35B,0.0043
1/16/2015,8513.8,8504.05,8530.75,8452.25,181.37B,0.0023
1/15/2015,8494.15,8424.5,8527.1,8380.55,232.14B,0.0262
1/14/2015,8277.55,8307.25,8326.45,8236.65,150.62B,-0.0026
1/13/2015,8299.4,8346.15,8356.65,8267.9,129.56B,-0.0028
1/12/2015,8323,8291.35,8332.6,8245.6,103.15B,0.0046
1/9/2015,8284.5,8285.45,8303.3,8190.8,152.61B,0.0061
1/8/2015,8234.6,8191.4,8243.5,8167.3,143.80B,0.0164
1/7/2015,8102.1,8118.65,8151.2,8065.45,164.07B,-0.0031
1/6/2015,8127.35,8325.3,8327.85,8111.35,172.80B,-0.03
1/5/2015,8378.4,8407.95,8445.6,8363.9,118.16B,-0.002
1/2/2015,8395.45,8288.7,8410.6,8288.7,101.89B,0.0135
1/1/2015,8284,8272.8,8294.7,8248.75,56.56B,0.0002
12/31/2014,8282.7,8243.9,8291,8243.75,84.53B,0.0042
12/30/2014,8248.25,8260.3,8268.25,8220.55,77.70B,0.0002
12/29/2014,8246.3,8214.7,8279.15,8214.7,82.09B,0.0056
12/26/2014,8200.7,8204.8,8234.55,8147.95,75.53B,0.0033
12/24/2014,8174.1,8272.05,8286.4,8155.25,221.91B,-0.0112
12/23/2014,8267,8324.6,8364.75,8252.85,132.19B,-0.0068
12/22/2014,8324,8255,8330.95,8228.2,139.16B,0.012
12/19/2014,8225.2,8230.45,8263.45,8208.6,174.80B,0.0081
12/18/2014,8159.3,8138.9,8174.3,8084.9,162.11B,0.0161
12/17/2014,8029.8,8041.2,8082,7961.35,216.22B,-0.0047
12/16/2014,8067.6,8172.6,8189.35,8052.6,197.34B,-0.0185
12/15/2014,8219.6,8160.75,8242.4,8152.5,137.14B,-0.0005
12/12/2014,8224.1,8302,8321.9,8216.3,138.08B,-0.0083
12/11/2014,8292.9,8338.85,8348.3,8272.4,133.86B,-0.0075
12/10/2014,8355.65,8318.05,8376.8,8317,136.66B,0.0018
12/9/2014,8340.7,8439.3,8444.5,8330.5,146.27B,-0.0116
12/8/2014,8438.25,8538.65,8546.35,8432.25,163.82B,-0.0117
12/5/2014,8538.3,8584.25,8588.35,8523.9,143.35B,-0.003
12/4/2014,8564.4,8582.4,8626.95,8526.4,143.48B,0.0031
12/3/2014,8537.65,8528.7,8546.95,8508.35,153.20B,0.0015
12/2/2014,8524.7,8535.45,8560.2,8504.65,137.39B,-0.0036
12/1/2014,8555.9,8605.1,8623,8545.15,151.99B,-0.0038
11/28/2014,8588.25,8516.8,8617,8516.25,197.21B,0.0111
11/27/2014,8494.2,8477.8,8506.75,8456.35,194.30B,0.0022
11/26/2014,8475.75,8450.3,8500.3,8438.65,151.92B,0.0015
11/25/2014,8463.1,8530.8,8535.35,8429.45,271.91B,-0.0079
11/24/2014,8530.15,8490.95,8534.65,8490.8,140.66B,0.0062
11/21/2014,8477.35,8408.2,8489.8,8398.6,137.02B,0.009
11/20/2014,8401.9,8406.5,8410.85,8353.15,122.78B,0.0023
11/19/2014,8382.3,8440.65,8455.65,8360.5,125.40B,-0.0052
11/18/2014,8425.9,8441.25,8454.5,8407.25,134.68B,-0.0006
11/17/2014,8430.75,8378.4,8438.1,8349.1,113.88B,0.0049
11/14/2014,8389.9,8360.7,8400.65,8346.8,146.77B,0.0038
11/13/2014,8357.85,8405.25,8408,8320.35,127.36B,-0.003
11/12/2014,8383.3,8378.9,8415.05,8370.5,125.24B,0.0025
11/11/2014,8362.65,8354.1,8378.7,8321.85,122.01B,0.0022
11/10/2014,8344.25,8337.8,8383.05,8304.45,130.75B,0.0009
11/7/2014,8337,8331.85,8360.35,8290.25,153.43B,-0.0002
11/5/2014,8338.3,8351.25,8365.55,8323.5,161.62B,0.0017
11/3/2014,8324.15,8348.15,8350.6,8297.65,141.09B,0.0002
10/31/2014,8322.2,8200.8,8330.75,8198.05,176.16B,0.0187
10/30/2014,8169.2,8085.2,8181.55,8085.2,205.67B,0.0097
10/29/2014,8090.45,8077.05,8097.95,8052.25,148.31B,0.0078
10/28/2014,8027.6,8002.4,8037.8,7995.05,124.06B,0.0045
10/27/2014,7991.7,8064.35,8064.4,7985.65,132.82B,-0.0029
10/23/2014,8014.55,8027.7,8031.75,8008.85,19.64B,0.0023
10/22/2014,7995.9,7997.8,8005,7974.55,151.10B,0.0086
10/21/2014,7927.75,7906.15,7936.6,7874.35,163.40B,0.0061
10/20/2014,7879.4,7896.95,7905.95,7856.95,176.17B,0.0128
10/17/2014,7779.7,7733.75,7819.2,7723.85,177.62B,0.0041
10/16/2014,7748.2,7837.3,7893.9,7729.65,213.53B,-0.0147
10/14/2014,7864,7923.25,7928,7825.45,225.47B,-0.0026
10/13/2014,7884.25,7831,7901.15,7796,118.78B,0.0031
10/10/2014,7859.95,7911,7924.05,7848.45,142.93B,-0.0126
10/9/2014,7960.55,7886.5,7972.35,7886.5,123.77B,0.015
10/8/2014,7842.7,7828.75,7869.9,7815.75,135.91B,-0.0012
10/7/2014,7852.4,7897.4,7943.05,7842.7,148.20B,-0.0117
10/1/2014,7945.55,7960.5,7977.5,7936.7,113.00B,-0.0024
9/30/2014,7964.8,7948.8,8030.9,7923.85,141.14B,0.0007
9/29/2014,7958.9,7978.45,7991.75,7934.7,97.27B,-0.0012
9/26/2014,7968.85,7885.85,7993.3,7841.8,147.84B,0.0072
9/25/2014,7911.85,8003.3,8019.3,7877.35,231.90B,-0.0113
9/24/2014,8002.4,8015.55,8042.05,7950.05,182.21B,-0.0019
9/23/2014,8017.55,8144.4,8159.75,8008.1,140.78B,-0.0158
9/22/2014,8146.3,8084.45,8159.9,8064.8,105.51B,0.0031
9/19/2014,8121.45,8129.4,8160.9,8105.35,161.28B,0.0008
9/18/2014,8114.75,7950.65,8120.85,7939.7,116.93B,0.0175
9/17/2014,7975.5,7971.5,7990.65,7936.95,123.72B,0.0054
9/16/2014,7932.9,8036.6,8044.9,7925.15,127.95B,-0.0136
9/15/2014,8042,8070.35,8077.3,8030,96.50B,-0.0078
9/12/2014,8105.5,8087.05,8114.3,8071.6,111.44B,0.0024
9/11/2014,8085.7,8115.15,8127.95,8057.3,122.82B,-0.001
9/10/2014,8094.1,8135.55,8135.75,8082.1,107.06B,-0.0072
9/9/2014,8152.95,8161.9,8174.55,8126.5,104.74B,-0.0026
9/8/2014,8173.9,8132.95,8180.2,8126.15,120.69B,0.0108
9/5/2014,8086.85,8099.9,8122.7,8049.85,125.98B,-0.0011
9/4/2014,8095.95,8114.2,8114.8,8060.9,141.28B,-0.0023
9/3/2014,8114.6,8110.85,8141.9,8092.25,150.73B,0.0039
9/2/2014,8083.05,8038.6,8101.95,8036.55,134.90B,0.0069
9/1/2014,8027.7,7990.35,8035,7984,139.33B,0.0092
8/28/2014,7954.35,7942.25,7967.8,7939.2,189.70B,0.0023
8/27/2014,7936.05,7933.9,7946.85,7916.55,119.96B,0.004
8/26/2014,7904.75,7874.5,7915.45,7862.45,142.83B,-0.0002
8/25/2014,7906.3,7931.75,7968.25,7897.95,118.47B,-0.0009
8/22/2014,7913.2,7904.55,7929.05,7900.05,104.08B,0.0028
8/21/2014,7891.1,7875.35,7919.65,7855.95,115.22B,0.002
8/20/2014,7875.3,7915.8,7922.7,7864.05,117.32B,-0.0028
8/19/2014,7897.5,7901,7918.55,7881.15,140.61B,0.003
8/18/2014,7874.25,7785.25,7880.5,7779.2,126.74B,0.0106
8/14/2014,7791.7,7756.15,7796.7,7739.1,127.33B,0.0067
8/13/2014,7739.55,7717.3,7757.1,7695.7,154.08B,0.0016
8/12/2014,7727.05,7688.8,7735.75,7654.8,120.61B,0.0133
8/11/2014,7625.95,7619.85,7635.55,7598.6,106.97B,0.0076
8/8/2014,7568.55,7588.7,7592.45,7540.1,118.43B,-0.0106
8/7/2014,7649.25,7651.15,7708.95,7630.4,116.79B,-0.003
8/6/2014,7672.05,7726.15,7740.95,7658.95,116.36B,-0.0096
8/5/2014,7746.55,7706.65,7752.45,7638.05,128.24B,0.0082
8/4/2014,7683.65,7639.55,7694.8,7622.05,137.04B,0.0107
8/1/2014,7602.6,7662.5,7716.7,7593.9,181.07B,-0.0154
7/31/2014,7721.3,7784.65,7791.85,7711.15,208.86B,-0.009
7/30/2014,7791.4,7746.2,7798.7,7707.6,178.11B,0.0055
7/28/2014,7748.7,7792.9,7799.9,7722.65,116.54B,-0.0054
7/25/2014,7790.45,7828.2,7840.95,7748.6,153.94B,-0.0051
7/24/2014,7830.6,7796.25,7835.65,7771.65,117.61B,0.0045
7/23/2014,7795.75,7794.9,7809.2,7752.9,122.12B,0.0036
7/22/2014,7767.85,7708.2,7773.85,7704.8,120.08B,0.0109
7/21/2014,7684.2,7701.65,7722.1,7674,105.40B,0.0026
7/18/2014,7663.9,7630.25,7685,7595.5,134.60B,0.0031
7/17/2014,7640.45,7612.7,7655.65,7612.7,141.61B,0.0021
7/16/2014,7624.4,7564.15,7640.1,7532.45,167.97B,0.013
7/15/2014,7526.65,7491.3,7534.9,7459.15,122.07B,0.0097
7/14/2014,7454.15,7469,7478.45,7422.15,135.23B,-0.0007
7/11/2014,7459.6,7584.1,7625.85,7447.2,187.59B,-0.0143
7/10/2014,7567.75,7589.5,7731.05,7479.05,258.39B,-0.0023
7/9/2014,7585,7637.95,7650.1,7551.65,168.35B,-0.005
7/8/2014,7623.2,7804.05,7808.85,7595.9,180.65B,-0.0211
7/7/2014,7787.15,7780.4,7792,7755.1,173.93B,0.0046
7/4/2014,7751.6,7718.1,7758,7661.3,113.07B,0.0048
7/3/2014,7714.8,7734.35,7754.65,7706.8,133.76B,-0.0013
7/2/2014,7725.15,7683.05,7732.4,7677.3,136.32B,0.0118
7/1/2014,7634.7,7629,7649.5,7618.15,139.43B,0.0031
6/30/2014,7611.35,7534.05,7623.65,7531.6,152.30B,0.0137
6/27/2014,7508.8,7514.2,7538.75,7482.3,126.67B,0.0021
6/26/2014,7493.2,7554.1,7570.2,7481.3,171.68B,-0.01
6/25/2014,7569.25,7588.55,7589.25,7557.05,114.97B,-0.0014
6/24/2014,7580.2,7515.2,7593.35,7515.2,137.00B,0.0116
6/23/2014,7493.35,7514,7534.8,7441.6,127.40B,-0.0024
6/20/2014,7511.45,7543.3,7560.55,7497.3,124.13B,-0.0039
6/19/2014,7540.7,7580.05,7606.45,7502.55,148.85B,-0.0023
6/18/2014,7558.2,7636.05,7663,7515.5,165.08B,-0.0096
6/17/2014,7631.7,7525.05,7637.6,7509.25,157.96B,0.013
6/16/2014,7533.55,7534.8,7548.6,7487.55,155.38B,-0.0011
6/13/2014,7542.1,7668.2,7678.5,7525.35,174.52B,-0.0141
6/12/2014,7649.9,7641.3,7658,7593.8,148.21B,0.003
6/11/2014,7626.85,7672.4,7700.05,7589.05,186.18B,-0.0039
6/10/2014,7656.4,7679.05,7683.2,7579.3,188.67B,0.0002
6/9/2014,7654.6,7621.65,7673.7,7580.25,231.88B,0.0094
6/6/2014,7583.4,7521.5,7592.7,7497.65,248.40B,0.0146
6/5/2014,7474.1,7399.75,7484.7,7360.5,250.66B,0.0097
6/4/2014,7402.25,7417.55,7433.3,7391.35,204.59B,-0.0018
6/3/2014,7415.85,7375.35,7424.95,7342.15,234.68B,0.0072
6/2/2014,7362.5,7264.05,7368.6,7239.5,169.89B,0.0183
5/30/2014,7229.95,7254.85,7272.5,7118.45,312.15B,-0.0008
5/29/2014,7235.65,7316.6,7325.4,7224.4,241.12B,-0.0128
5/28/2014,7329.65,7324.95,7344.75,7302.6,175.60B,0.0016
5/27/2014,7318,7363.1,7372.95,7274.75,168.60B,-0.0056
5/26/2014,7359.05,7428.75,7504,7269.05,273.24B,-0.0011
5/23/2014,7367.1,7306.5,7381,7293.9,259.64B,0.0125
5/22/2014,7276.4,7289.95,7319.55,7258.15,240.94B,0.0032
5/21/2014,7252.9,7274.85,7287.15,7206.7,203.14B,-0.0031
5/20/2014,7275.5,7309.95,7353.65,7247.7,255.33B,0.0016
5/19/2014,7263.55,7276.85,7291.1,7193.55,316.25B,0.0084
5/16/2014,7203,7270.2,7563.5,7130.65,393.16B,0.0112
5/15/2014,7123.15,7111.3,7152.55,7082.55,186.85B,0.002
5/14/2014,7108.75,7112,7142.25,7080.9,177.20B,0
5/13/2014,7108.75,7080,7172.35,7067.15,232.22B,0.0135
5/12/2014,7014.25,6863.4,7020.05,6862.9,157.72B,0.0227
5/9/2014,6858.8,6654.15,6871.35,6652.15,166.44B,0.0299
5/8/2014,6659.85,6669.9,6688.4,6638.55,101.55B,0.0011
5/7/2014,6652.55,6708.6,6718.75,6642.9,114.10B,-0.0093
5/6/2014,6715.3,6719.25,6743.45,6701.9,88.29B,0.0024
5/5/2014,6699.35,6681.65,6741.05,6680.45,104.99B,0.0007
5/2/2014,6694.8,6709.95,6737.65,6689.5,114.28B,-0.0002
4/30/2014,6696.4,6724.95,6780.15,6656.8,161.11B,-0.0028
4/29/2014,6715.25,6769,6779.7,6708.65,115.51B,-0.0068
4/28/2014,6761.25,6778.55,6786.25,6750.3,118.16B,-0.0032
4/25/2014,6782.75,6855.8,6869.85,6772.85,154.32B,-0.0085
4/23/2014,6840.8,6823.25,6861.6,6820.75,182.97B,0.0037
4/22/2014,6815.35,6822.9,6838,6806.25,114.69B,-0.0003
4/21/2014,6817.65,6789.25,6825.45,6786.9,111.84B,0.0056
4/17/2014,6779.4,6695.45,6783.05,6684.4,131.49B,0.0156
4/16/2014,6675.3,6727.25,6748.65,6665.15,119.77B,-0.0086
4/15/2014,6733.1,6792.7,6813.4,6711.75,123.20B,-0.0064
4/11/2014,6776.3,6758.35,6789.35,6743.15,140.74B,-0.003
4/10/2014,6796.4,6803.05,6819.05,6777.3,191.13B,0
4/9/2014,6796.2,6722,6808.7,6705.1,169.79B,0.0151
4/7/2014,6695.05,6694.25,6725.15,6650.4,133.95B,0.0001
4/4/2014,6694.35,6741.85,6741.85,6685.15,155.13B,-0.0062
4/3/2014,6736.1,6772.05,6776.75,6696.9,197.55B,-0.0024
4/2/2014,6752.55,6757.6,6763.5,6723.6,173.34B,0.0047
4/1/2014,6721.05,6729.5,6732.25,6675.45,177.84B,0.0025
3/31/2014,6704.2,6723.15,6730.05,6662.4,220.62B,0.0012
3/28/2014,6695.9,6673.05,6702.6,6643.8,184.82B,0.0082
3/27/2014,6641.75,6613.1,6673.95,6599.5,312.38B,0.0061
3/26/2014,6601.4,6615.65,6627.45,6580.6,186.57B,0.0018
3/25/2014,6589.75,6550.1,6595.55,6544.85,168.13B,0.0009
3/24/2014,6583.5,6510.5,6591.5,6510.5,158.40B,0.0136
3/22/2014,6494.9,6497.8,6502.65,6481.35,9.77B,0.0003
3/21/2014,6493.2,6515.2,6522.9,6485.7,189.85B,0.0016
3/20/2014,6483.1,6508.35,6523.65,6473.25,141.98B,-0.0063
3/19/2014,6524.05,6530,6541.2,6506,172.46B,0.0011
3/18/2014,6516.65,6532.45,6574.95,6497.65,179.31B,0.0019
3/14/2014,6504.2,6447.25,6518.45,6432.7,177.34B,0.0017
3/13/2014,6493.1,6491.75,6561.45,6476.65,167.86B,-0.0037
3/12/2014,6516.9,6497.5,6546.15,6487.3,174.98B,0.0008
3/11/2014,6511.9,6537.35,6562.85,6494.25,238.99B,-0.0039
3/10/2014,6537.25,6491.7,6562.2,6487.35,242.14B,0.0016
3/7/2014,6526.65,6413.95,6537.8,6413.55,284.92B,0.0196
3/6/2014,6401.15,6344.75,6406.6,6339.7,180.73B,0.0115
3/5/2014,6328.65,6328.45,6336.25,6287.8,160.30B,0.0049
3/4/2014,6297.95,6216.75,6302.15,6215.7,166.82B,0.0123
3/3/2014,6221.45,6264.35,6277.75,6212.25,144.56B,-0.0088
2/28/2014,6276.95,6228.45,6282.7,6228.1,180.60B,0.0061
2/26/2014,6238.8,6202.45,6245.95,6202.1,181.66B,0.0062
2/25/2014,6200.05,6205.7,6216.85,6176.6,146.26B,0.0023
2/24/2014,6186.1,6140.95,6191.85,6130.8,144.88B,0.005
2/21/2014,6155.45,6108.3,6159.65,6108,112.60B,0.0105
2/20/2014,6091.45,6127.15,6129.1,6086.45,132.11B,-0.01
2/19/2014,6152.75,6132.05,6160.35,6125.75,95.25B,0.0042
2/18/2014,6127.1,6071.3,6141.7,6066.8,126.64B,0.0089
2/17/2014,6073.3,6057.1,6080.65,6038.3,108.49B,0.0041
2/14/2014,6048.35,6023.75,6056.4,5984.6,140.20B,0.0079
2/13/2014,6001.1,6087.55,6094.4,5991.1,153.65B,-0.0136
2/12/2014,6084,6085.35,6106.6,6077.4,138.55B,0.0035
2/11/2014,6062.7,6072.45,6081.85,6053.25,150.52B,0.0015
2/10/2014,6053.45,6072.8,6083.05,6046.4,133.07B,-0.0016
2/7/2014,6063.2,6077.65,6079.95,6030.9,181.93B,0.0045
2/6/2014,6036.3,6028.35,6048.35,5965.4,185.50B,0.0023
2/5/2014,6022.4,6004.25,6028.05,5962.05,166.63B,0.0036
2/4/2014,6000.9,5947.6,6017.8,5933.3,183.25B,-0.0001
2/3/2014,6001.8,6058.8,6074.85,5994.45,134.89B,-0.0144
1/31/2014,6089.5,6082.75,6097.85,6067.35,146.71B,0.0026
1/30/2014,6073.7,6067,6082.85,6027.25,208.06B,-0.0076
1/29/2014,6120.25,6161,6170.45,6109.8,146.73B,-0.001
1/28/2014,6126.25,6131.85,6163.6,6085.95,184.11B,-0.0016
1/27/2014,6135.85,6186.3,6188.55,6130.25,190.44B,-0.0209
1/24/2014,6266.75,6301.65,6331.45,6263.9,160.27B,-0.0124
1/23/2014,6345.65,6325.95,6355.6,6316.4,120.05B,0.0011
1/22/2014,6338.95,6309.05,6349.95,6287.45,137.49B,0.004
1/21/2014,6313.8,6320.15,6330.3,6297.9,141.73B,0.0016
1/20/2014,6303.95,6261.75,6307.45,6243.35,122.14B,0.0068
1/17/2014,6261.65,6306.25,6327.1,6246.35,167.72B,-0.0091
1/16/2014,6318.9,6341.35,6346.5,6299.85,153.42B,-0.0003
1/15/2014,6320.9,6265.95,6325.2,6265.3,145.92B,0.0127
1/14/2014,6241.85,6260.25,6280.35,6234.15,110.23B,-0.0049
1/13/2014,6272.75,6189.55,6288.2,6189.55,135.01B,0.0164
1/10/2014,6171.45,6178.85,6239.1,6139.6,159.92B,0.0005
1/9/2014,6168.35,6181.7,6188.05,6148.25,150.06B,-0.001
1/8/2014,6174.6,6178.05,6192.1,6160.35,146.91B,0.002
1/7/2014,6162.25,6203.9,6221.5,6144.75,138.56B,-0.0047
1/6/2014,6191.45,6220.85,6224.7,6170.25,118.34B,-0.0032
1/3/2014,6211.15,6194.55,6221.7,6171.25,139.04B,-0.0016
1/2/2014,6221.15,6301.25,6358.3,6211.3,158.13B,-0.0128
1/1/2014,6301.65,6323.8,6327.2,6298.25,69.57B,-0.0004
12/31/2013,6304,6307.35,6317.3,6287.3,103.44B,0.0021
12/30/2013,6291.1,6336.4,6344.05,6273.15,101.27B,-0.0036
12/27/2013,6313.8,6292.8,6324.9,6289.4,96.87B,0.0056
12/26/2013,6278.9,6270.1,6302.75,6259.45,182.31B,0.0017
12/24/2013,6268.4,6296.45,6301.5,6262,107.64B,-0.0026
12/23/2013,6284.5,6267.2,6317.5,6266.95,131.19B,0.0016
12/20/2013,6274.25,6179.95,6284.5,6170.35,171.97B,0.0174
12/19/2013,6166.65,6253.9,6263.75,6150.7,437.04B,-0.0081
12/18/2013,6217.15,6129.95,6236,6129.95,243.25B,0.0127
12/17/2013,6139.05,6178.2,6190.55,6133,154.17B,-0.0025
12/16/2013,6154.7,6168.35,6183.25,6146.05,146.45B,-0.0022
12/13/2013,6168.4,6201.3,6208.6,6161.4,169.65B,-0.011
12/12/2013,6237.05,6276.75,6286.85,6230.55,148.53B,-0.0112
12/11/2013,6307.9,6307.2,6326.6,6280.25,148.20B,-0.0039
12/10/2013,6332.85,6354.7,6362.25,6307.55,242.41B,-0.0049
12/9/2013,6363.9,6415,6415.25,6345,198.29B,0.0166
12/6/2013,6259.9,6234.4,6275.35,6230.75,158.54B,0.003
12/5/2013,6241.1,6262.45,6300.55,6232,186.06B,0.013
12/4/2013,6160.95,6187.95,6209.15,6149.9,186.17B,-0.0066
12/3/2013,6201.85,6204.25,6225.4,6191.4,156.85B,-0.0026
12/2/2013,6217.85,6171.15,6228.7,6171.15,145.95B,0.0068
11/29/2013,6176.1,6103.9,6182.5,6103.8,190.71B,0.0138
11/28/2013,6091.85,6092,6112.95,6068.3,195.32B,0.0057
11/27/2013,6057.1,6062.7,6074,6030.3,124.88B,-0.0003
11/26/2013,6059.1,6099.25,6112.7,6047.75,150.66B,-0.0092
11/25/2013,6115.35,6035.95,6123.5,6035.95,127.19B,0.02
11/22/2013,5995.45,6027.35,6049.6,5972.8,134.76B,-0.0006
11/21/2013,5999.05,6096.5,6097.35,5985.4,137.23B,-0.0202
11/20/2013,6122.9,6186.85,6204.35,6106.95,155.79B,-0.013
11/19/2013,6203.35,6197.25,6212.4,6180.2,161.51B,0.0023
11/18/2013,6189,6111.05,6196.8,6110.4,163.99B,0.0219
11/14/2013,6056.15,6037,6101.65,6036.65,154.91B,0.0111
11/13/2013,5989.6,5998.85,6042.25,5972.45,162.54B,-0.0047
11/12/2013,6018.05,6087.25,6108.7,6011.75,153.81B,-0.01
11/11/2013,6078.8,6110.4,6141.65,6067.75,146.06B,-0.0101
11/8/2013,6140.75,6170.15,6185.15,6120.95,150.05B,-0.0075
11/7/2013,6187.25,6228.9,6288.95,6180.8,168.83B,-0.0045
11/6/2013,6215.15,6260.55,6269.7,6208.7,157.08B,-0.0061
11/5/2013,6253.15,6282.15,6304.75,6244.3,181.05B,-0.0114
11/3/2013,6324.95,6332.05,6342.95,6319.25,9.36B,0.0028
11/1/2013,6307.2,6289.75,6332.6,6286.95,191.64B,0.0013
10/31/2013,6299.15,6237.15,6309.05,6235.9,239.61B,0.0076
10/30/2013,6251.7,6230.8,6269.2,6222.6,177.58B,0.005
10/29/2013,6220.9,6107.55,6228.05,6079.2,197.35B,0.0196
10/28/2013,6101.1,6155.1,6168.75,6094.1,146.34B,-0.0071
10/25/2013,6144.9,6154,6174.75,6125.95,144.53B,-0.0032
10/24/2013,6164.35,6162.8,6252.45,6142.95,148.91B,-0.0023
10/23/2013,6178.35,6209.55,6217.95,6116.6,188.28B,-0.0039
10/22/2013,6202.8,6192.3,6220.1,6181.8,161.94B,-0.0003
10/21/2013,6204.95,6202,6218.95,6163.3,196.99B,0.0025
10/18/2013,6189.35,6070.9,6201.45,6070.9,250.34B,0.0237
10/17/2013,6045.85,6098.5,6110.75,6032.55,230.56B,-0.0071
10/15/2013,6089.05,6147.55,6156.3,6056.55,218.30B,-0.0039
10/14/2013,6112.7,6093,6124.1,6082.9,142.17B,0.0027
10/11/2013,6096.2,6104.85,6107.6,6046.4,180.83B,0.0125
10/10/2013,6020.95,6001.05,6033.95,5979.8,159.61B,0.0022
10/9/2013,6007.45,5893.25,6015.5,5877.1,192.04B,0.0133
10/8/2013,5928.4,5975,5981.7,5913,158.53B,0.0038
10/7/2013,5906.15,5889.05,5912,5825.85,156.39B,-0.0002
10/4/2013,5907.3,5891.3,5950.45,5885,191.47B,-0.0004
10/3/2013,5909.7,5819.1,5917.6,5802.7,199.79B,0.0224
10/1/2013,5780.05,5756.1,5786.45,5700.95,159.25B,0.0078
9/30/2013,5735.3,5801.05,5810.2,5718.5,155.68B,-0.0168
9/27/2013,5833.2,5905.55,5909.2,5819.3,163.07B,-0.0083
9/26/2013,5882.25,5872.8,5917.65,5864.1,220.59B,0.0014
9/25/2013,5873.85,5901.55,5910.55,5811.1,200.16B,-0.0032
9/24/2013,5892.45,5855,5938.4,5854.55,187.58B,0.0005
9/23/2013,5889.75,5945.8,5989.4,5871.4,188.32B,-0.0204
9/20/2013,6012.1,6104.55,6130.95,5932.85,318.65B,-0.0169
9/19/2013,6115.55,6044.15,6142.5,6040.15,287.19B,0.0366
9/18/2013,5899.45,5872.75,5916.9,5840.2,153.58B,0.0084
9/17/2013,5850.2,5824.2,5857.8,5804.9,157.94B,0.0017
9/16/2013,5840.55,5930.3,5957.25,5798.15,219.46B,-0.0017
9/13/2013,5850.6,5828,5884.3,5822.9,190.77B,0
9/12/2013,5850.7,5931.15,5932,5815.8,272.99B,-0.0106
9/11/2013,5913.15,5887.25,5924.35,5832.7,265.01B,0.0028
9/10/2013,5896.75,5738.5,5904.85,5738.2,275.24B,0.0381
9/6/2013,5680.4,5617.45,5688.6,5566.15,253.03B,0.0156
9/5/2013,5592.95,5553.75,5625.75,5552.7,274.94B,0.0266
9/4/2013,5448.1,5358.65,5460.25,5318.9,237.23B,0.02
9/3/2013,5341.45,5574.7,5580.95,5323.75,250.30B,-0.0377
9/2/2013,5550.75,5480.25,5564.9,5478.85,214.23B,0.0144
8/30/2013,5471.8,5407.45,5493.3,5360.2,336.40B,0.0116
8/29/2013,5409.05,5316.5,5428.9,5303,326.50B,0.0235
8/28/2013,5285,5233.45,5317.7,5118.85,335.99B,-0.0005
8/27/2013,5287.45,5426.5,5427.4,5274.25,306.04B,-0.0345
8/26/2013,5476.5,5499.4,5528.7,5454.45,242.00B,0.0009
8/23/2013,5471.75,5428.75,5478.8,5377.8,251.51B,0.0117
8/22/2013,5408.45,5282.8,5418.95,5254.05,284.47B,0.02
8/21/2013,5302.55,5494.45,5504.1,5268.45,255.00B,-0.0183
8/20/2013,5401.45,5353.45,5417.8,5306.35,261.05B,-0.0025
8/19/2013,5414.75,5497.55,5499.65,5360.65,219.67B,-0.0169
8/16/2013,5507.85,5705.45,5716.6,5496.05,248.09B,-0.0408
8/14/2013,5742.3,5715.4,5754.55,5690.2,223.66B,0.0075
8/13/2013,5699.3,5600.25,5704.75,5578.9,223.00B,0.0155
8/12/2013,5612.4,5606.7,5644.1,5557.1,195.71B,0.0084
8/8/2013,5565.65,5510.05,5577.6,5510.05,204.92B,0.0084
8/7/2013,5519.1,5549.3,5561.45,5486.85,245.01B,-0.0042
8/6/2013,5542.25,5664.9,5664.9,5521.8,216.23B,-0.0252
8/5/2013,5685.4,5682.4,5721,5661.5,197.17B,0.0013
8/2/2013,5677.9,5750.05,5761.85,5649,222.49B,-0.0087
8/1/2013,5727.85,5776.9,5808.5,5676.85,216.76B,-0.0025
7/31/2013,5742,5738.35,5752.1,5675.75,235.47B,-0.0023
7/30/2013,5755.05,5836.05,5861.3,5747.6,181.49B,-0.0131
7/29/2013,5831.65,5869.95,5886,5825.8,173.43B,-0.0093
7/26/2013,5886.2,5937.95,5944.5,5869.5,174.54B,-0.0036
7/25/2013,5907.5,5970.4,5990.65,5896.4,237.08B,-0.0139
7/24/2013,5990.5,6032.2,6047.25,5962.6,151.93B,-0.0144
7/23/2013,6077.8,6064.3,6093.35,6061.3,126.47B,0.0076
7/22/2013,6031.8,6009.75,6064.15,6004.25,115.17B,0.0004
7/19/2013,6029.2,6057.2,6066.85,6020.25,163.31B,-0.0015
7/18/2013,6038.05,5984.7,6051.1,5974.55,171.73B,0.0108
7/17/2013,5973.3,5972.25,5989.8,5926.75,191.52B,0.003
7/16/2013,5955.25,5930.8,5966.05,5910.95,151.16B,-0.0125
7/15/2013,6030.8,5991.2,6038.2,5980.95,116.28B,0.0036
7/12/2013,6009,6000.5,6019,5951.15,127.71B,0.0125
7/11/2013,5935.1,5894.5,5948.85,5887.95,120.20B,0.0204
7/10/2013,5816.7,5869.9,5879.35,5802.85,117.52B,-0.0072
7/9/2013,5859,5834.6,5864.95,5834.6,110.43B,0.0082
7/8/2013,5811.55,5833.15,5833.85,5775.55,127.63B,-0.0096
7/5/2013,5867.9,5889.95,5900.45,5858.45,123.59B,0.0053
7/4/2013,5836.95,5794.75,5848.2,5786.05,151.93B,0.0114
7/3/2013,5770.9,5811.95,5815,5760.4,160.52B,-0.0148
7/2/2013,5857.55,5885.5,5898.8,5852.3,145.72B,-0.007
7/1/2013,5898.85,5834.1,5904.35,5822.2,144.79B,0.0097
6/28/2013,5842.2,5749.5,5852.95,5749.5,214.40B,0.0281
6/27/2013,5682.35,5647.95,5699.35,5630.95,239.03B,0.0168
6/26/2013,5588.7,5627.95,5635.25,5579.35,160.10B,-0.0036
6/25/2013,5609.1,5606.95,5666.25,5570.25,196.57B,0.0034
6/24/2013,5590.25,5638.05,5640,5566.25,193.49B,-0.0137
6/21/2013,5667.65,5639.9,5686.15,5616.85,182.41B,0.0021
6/20/2013,5655.9,5754.15,5755,5645.65,198.40B,-0.0286
6/19/2013,5822.25,5805.75,5828.4,5777.9,115.54B,0.0015
6/18/2013,5813.6,5841.9,5863.4,5804.3,117.54B,-0.0062
6/17/2013,5850.05,5820.4,5854.9,5770.25,107.16B,0.0072
6/14/2013,5808.4,5748.95,5819.4,5739.4,124.41B,0.0192
6/13/2013,5699.1,5709.35,5729.85,5683.1,142.04B,-0.0106
6/12/2013,5760.2,5771.75,5792.9,5738.6,140.39B,-0.0049
6/11/2013,5788.8,5848.75,5868.05,5780.35,180.90B,-0.0152
6/10/2013,5878,5907.9,5931.65,5857.4,100.13B,-0.0005
6/7/2013,5881,5900.05,5972.7,5871.3,118.35B,-0.0068
6/6/2013,5921.4,5895,5956.55,5869.5,114.18B,-0.0004
6/5/2013,5923.85,5908.3,5935.2,5883.7,110.22B,0.0007
6/4/2013,5919.45,5941.1,5981.6,5910.25,114.45B,-0.0033
6/3/2013,5939.3,5997.35,6011,5916.35,112.12B,-0.0078
5/31/2013,5985.95,6098.7,6106.25,5975.55,175.31B,-0.0226
5/30/2013,6124.05,6072.15,6133.75,6072.15,194.09B,0.0032
5/29/2013,6104.3,6120.45,6125.05,6069.8,120.21B,-0.0011
5/28/2013,6111.25,6086.35,6127.65,6055.4,139.67B,0.0046
5/27/2013,6083.15,5989.4,6099.9,5975.55,115.11B,0.0166
5/24/2013,5983.55,6010.7,6015.3,5936.8,161.62B,0.0028
5/23/2013,5967.05,6050.4,6081.45,5955.7,198.93B,-0.0209
5/22/2013,6094.5,6127.05,6147.6,6074.45,133.76B,-0.0032
5/21/2013,6114.1,6152.35,6180.25,6102.35,130.59B,-0.007
5/20/2013,6156.9,6198,6229.45,6146.05,122.25B,-0.0049
5/17/2013,6187.3,6172.95,6199.95,6146.15,147.28B,0.0028
5/16/2013,6169.9,6128.25,6187.3,6128.25,158.64B,0.0038
5/15/2013,6146.75,6018.85,6157.1,6018.85,153.89B,0.0252
5/14/2013,5995.4,5989.7,6026.2,5970.05,119.27B,0.0025
5/13/2013,5980.45,6098.2,6104.95,5972.9,107.95B,-0.0208
5/11/2013,6107.25,6088.2,6114.55,6084.15,7.99B,0.0021
5/10/2013,6094.75,6046.25,6105.3,6045.6,111.35B,0.0074
5/9/2013,6050.15,6078.35,6084.7,6040.45,110.00B,-0.0032
5/8/2013,6069.3,6064.15,6083.55,6024.95,122.28B,0.0043
5/7/2013,6043.55,5983.45,6050.5,5982.95,136.37B,0.0121
5/6/2013,5971.05,5944.9,5976.5,5928.45,110.17B,0.0046
5/3/2013,5944,5993.5,6000.3,5930.15,145.75B,-0.0092
5/2/2013,5999.35,5911.4,6019.45,5910.95,162.38B,0.0117
4/30/2013,5930.2,5932.6,5962.3,5867.8,153.19B,0.0044
4/29/2013,5904.1,5877.6,5918.65,5868.8,118.88B,0.0056
4/26/2013,5871.45,5899.75,5907.05,5860.5,141.31B,-0.0076
4/25/2013,5916.3,5856.1,5924.6,5853.3,199.60B,0.0136
4/23/2013,5836.9,5843.1,5844.3,5791.55,132.22B,0.0004
4/22/2013,5834.4,5789.85,5844.85,5789.8,135.10B,0.0089
4/18/2013,5783.1,5682.7,5794.35,5681.85,149.88B,0.0166
4/17/2013,5688.7,5708.65,5732.15,5669,154.57B,0
4/16/2013,5688.95,5562.45,5699.25,5555.85,142.68B,0.0216
4/15/2013,5568.4,5508.5,5592.85,5500.3,142.92B,0.0072
4/12/2013,5528.55,5520.7,5544.5,5494.9,127.32B,-0.0117
4/11/2013,5594,5601.65,5610.65,5542.85,146.83B,0.0064
4/10/2013,5558.7,5536.25,5569.25,5477.2,128.56B,0.0116
4/9/2013,5495.1,5568.75,5603.05,5487,138.18B,-0.0086
4/8/2013,5542.95,5550.5,5569.2,5537.05,97.02B,-0.0019
4/5/2013,5553.25,5568.1,5577.3,5534.7,137.46B,-0.0039
4/4/2013,5574.75,5640.65,5644.45,5565.65,134.59B,-0.0173
4/3/2013,5672.9,5740.2,5744.95,5650.1,140.71B,-0.0131
4/2/2013,5748.1,5701.7,5754.6,5687.15,106.42B,0.0077
4/1/2013,5704.4,5697.35,5720.95,5675.9,97.78B,0.0038
3/28/2013,5682.55,5647.75,5692.95,5604.85,209.66B,0.0073
3/26/2013,5641.6,5613.75,5655.3,5612.05,126.50B,0.0014
3/25/2013,5633.85,5707.3,5718.4,5624.4,150.39B,-0.0031
3/22/2013,5651.35,5659.8,5691.45,5631.8,165.29B,-0.0013
3/21/2013,5658.75,5705.9,5757.75,5647.95,179.18B,-0.0063
3/20/2013,5694.4,5740.55,5745.3,5682.3,187.62B,-0.009
3/19/2013,5745.95,5859.5,5863.6,5724.3,182.31B,-0.0153
3/18/2013,5835.25,5816.75,5850.2,5814.35,102.66B,-0.0064
3/15/2013,5872.6,5914.9,5945.65,5861,152.16B,-0.0062
3/14/2013,5908.95,5845.95,5920.15,5791.75,149.01B,0.0099
3/13/2013,5851.2,5884.8,5893.85,5842.25,116.71B,-0.0106
3/12/2013,5914.1,5944.6,5952,5893.65,115.94B,-0.0048
3/11/2013,5942.35,5946.1,5971.2,5930.35,125.38B,-0.0006
3/8/2013,5945.7,5883.65,5952.85,5883,150.78B,0.0141
3/7/2013,5863.3,5801.3,5878,5801.3,134.68B,0.0077
3/6/2013,5818.6,5816.4,5828.7,5795.05,156.90B,0.0059
3/5/2013,5784.25,5722.45,5790.1,5722.4,154.41B,0.015
3/4/2013,5698.5,5704.7,5712,5663.6,144.89B,-0.0037
3/1/2013,5719.7,5702.45,5739.45,5679.9,174.52B,0.0047
2/28/2013,5693.05,5834.35,5849.9,5671.9,334.85B,-0.0179
2/27/2013,5796.9,5784.9,5818.2,5749.7,175.17B,0.0062
2/26/2013,5761.35,5838.3,5838.85,5748.6,157.36B,-0.016
2/25/2013,5854.75,5870.55,5878.4,5825,125.13B,0.0008
2/22/2013,5850.3,5837.95,5873.8,5835.8,157.05B,-0.0003
2/21/2013,5852.25,5909.65,5921.15,5844.4,159.40B,-0.0153
2/20/2013,5943.05,5966.3,5971,5937.55,135.35B,0.0006
2/19/2013,5939.7,5900.2,5947.55,5883.15,100.99B,0.007
2/18/2013,5898.2,5888.65,5911,5878.45,114.28B,0.0018
2/15/2013,5887.4,5869.95,5899.95,5853.9,125.09B,-0.0016
2/14/2013,5896.95,5933.2,5940.2,5884.55,143.83B,-0.0061
2/13/2013,5932.95,5943.15,5969.5,5922.95,142.64B,0.0018
2/12/2013,5922.5,5894.35,5927.65,5886.45,142.85B,0.0042
2/11/2013,5897.85,5920.05,5924.15,5879.1,121.96B,-0.001
2/8/2013,5903.5,5929.1,5953.7,5883.65,192.61B,-0.0059
2/7/2013,5938.8,5936.45,5978.5,5927.6,157.65B,-0.0034
2/6/2013,5959.2,5988.05,5990.9,5953.15,157.82B,0.0004
2/5/2013,5956.9,5948.2,5970.35,5946.9,136.23B,-0.0051
2/4/2013,5987.25,6025.2,6038.5,5981.25,141.74B,-0.0019
2/1/2013,5998.9,6040.95,6052.95,5983.2,159.27B,-0.0059
1/31/2013,6034.75,6045.65,6058.05,6025.15,168.52B,-0.0035
1/30/2013,6055.75,6065,6071.95,6044.15,124.22B,0.001
1/29/2013,6049.9,6064.7,6111.8,6042.45,157.55B,-0.0041
1/28/2013,6074.8,6082.1,6088.4,6061.4,113.11B,0
1/25/2013,6074.65,6024.5,6080.55,6014.45,147.59B,0.0092
1/24/2013,6019.35,6046.2,6065.3,6007.85,185.21B,-0.0058
1/23/2013,6054.3,6052.85,6069.8,6021.15,136.99B,0.001
1/22/2013,6048.5,6080.15,6101.3,6040.5,129.04B,-0.0056
1/21/2013,6082.3,6085.75,6094.35,6065.1,130.87B,0.003
1/18/2013,6064.4,6059.85,6083.4,6048.3,186.46B,0.0042
1/17/2013,6039.2,6001.25,6053.2,5988.1,178.95B,0.0062
1/16/2013,6001.85,6049,6055.95,5992.05,128.99B,-0.009
1/15/2013,6056.6,6037.85,6068.5,6018.6,138.36B,0.0054
1/14/2013,6024.05,5967.2,6036.9,5962.15,134.71B,0.0122
1/11/2013,5951.3,6012.4,6018.85,5940.6,128.02B,-0.0029
1/10/2013,5968.65,5998.8,6005.15,5947.3,129.77B,-0.0005
1/9/2013,5971.5,6006.2,6020.1,5958.45,129.64B,-0.005
1/8/2013,6001.7,5983.45,6007.05,5964.4,109.94B,0.0022
1/7/2013,5988.4,6042.15,6042.15,5977.15,110.25B,-0.0046
1/4/2013,6016.15,6011.95,6020.75,5981.55,113.23B,0.0011
1/3/2013,6009.5,6015.8,6017,5986.55,99.99B,0.0027
1/2/2013,5993.25,5982.6,6006.05,5982,116.06B,0.0071
1/1/2013,5950.85,5937.65,5963.9,5935.2,77.90B,0.0077
12/31/2012,5905.1,5901.2,5919,5897.15,64.81B,-0.0006
12/28/2012,5908.35,5887.15,5915.75,5879.5,89.67B,0.0065
12/27/2012,5870.1,5930.2,5930.8,5864.7,139.61B,-0.006
12/26/2012,5905.6,5864.95,5917.3,5859.55,83.87B,0.0085
12/24/2012,5855.75,5869,5871.9,5844.7,85.34B,0.0014
12/21/2012,5847.7,5888,5888,5841.65,141.15B,-0.0116
12/20/2012,5916.4,5934.45,5937.6,5881.45,123.91B,-0.0022
12/19/2012,5929.6,5917.3,5939.4,5910.8,149.44B,0.0056
12/18/2012,5896.8,5873.6,5905.8,5823.15,148.91B,0.0066
12/17/2012,5857.9,5860.5,5886.05,5850.15,109.55B,-0.0037
12/14/2012,5879.6,5846.9,5886.1,5839.15,115.16B,0.0048
12/13/2012,5851.5,5900.35,5907.45,5841.35,136.62B,-0.0062
12/12/2012,5888,5917.8,5924.6,5874.25,132.67B,-0.0018
12/11/2012,5898.8,5923.8,5965.15,5865.45,137.42B,-0.0017
12/10/2012,5908.9,5916.05,5919.95,5888.1,95.98B,0.0003
12/7/2012,5907.4,5934,5949.85,5888.65,127.61B,-0.004
12/6/2012,5930.9,5926.3,5942.55,5838.9,140.27B,0.0052
12/5/2012,5900.5,5906.6,5917.8,5891.35,139.65B,0.0019
12/4/2012,5889.25,5866.8,5894.95,5859,131.02B,0.0031
12/3/2012,5870.95,5878.25,5899.15,5854.6,113.42B,-0.0015
11/30/2012,5879.85,5836,5885.25,5827.85,257.05B,0.0094
11/29/2012,5825,5736.7,5833.5,5736.1,207.30B,0.017
11/27/2012,5727.45,5658.5,5733.2,5658,134.41B,0.0162
11/26/2012,5635.9,5648.65,5649.2,5623.45,79.29B,0.0017
11/23/2012,5626.6,5635.45,5637.75,5593.55,85.08B,-0.0002
11/22/2012,5627.75,5628.6,5643.35,5608,94.06B,0.0023
11/21/2012,5614.8,5582.5,5620.2,5561.4,105.15B,0.0078
11/20/2012,5571.55,5604.8,5613.7,5548.35,107.48B,0
11/19/2012,5571.4,5577.3,5592.75,5549.25,106.99B,-0.0005
11/16/2012,5574.05,5624.8,5650.15,5559.8,121.90B,-0.0101
11/15/2012,5631,5650.35,5651.65,5603.55,133.98B,-0.0063
11/13/2012,5666.95,5689.7,5698.25,5660.35,16.52B,-0.0029
11/12/2012,5683.7,5688.45,5718.9,5665.75,92.70B,-0.0004
11/9/2012,5686.25,5731.1,5751.7,5677.75,98.76B,-0.0091
11/8/2012,5738.75,5709,5744.5,5693.95,117.59B,-0.0037
11/7/2012,5760.1,5718.6,5777.3,5711.4,133.74B,0.0062
11/6/2012,5724.4,5694.1,5730.8,5693.65,115.02B,0.0035
11/5/2012,5704.2,5693.05,5709.2,5679.5,74.83B,0.0011
11/2/2012,5697.7,5696.35,5711.3,5682.55,111.16B,0.0093
11/1/2012,5645.05,5609.85,5649.75,5601.95,107.39B,0.0045
10/31/2012,5619.7,5596.75,5624.4,5583.05,112.07B,0.0039
10/30/2012,5597.9,5656.35,5689.9,5589.9,116.68B,-0.0119
10/29/2012,5665.6,5665.2,5698.3,5645.1,93.56B,0.0002
10/26/2012,5664.3,5683.55,5697.2,5641.75,101.66B,-0.0072
10/25/2012,5705.3,5688.8,5718.75,5685.7,158.34B,0.0024
10/23/2012,5691.4,5715.65,5720.8,5681.45,81.50B,-0.0045
10/22/2012,5717.15,5667.6,5721.55,5658.05,103.37B,0.0058
10/19/2012,5684.25,5703.3,5711.7,5660,124.26B,-0.006
10/18/2012,5718.7,5675.3,5722.5,5650.55,144.10B,0.0103
10/17/2012,5660.25,5681.1,5684.35,5633.9,123.97B,0.0022
10/16/2012,5648,5705.6,5714,5635.6,117.42B,-0.0069
10/15/2012,5687.25,5674.25,5693.7,5651.05,93.69B,0.002
10/12/2012,5676.05,5681.7,5725,5659.35,130.08B,-0.0056
10/11/2012,5708.05,5663.5,5721.1,5636.95,148.28B,0.0099
10/10/2012,5652.15,5671.15,5686.5,5647.05,126.29B,-0.0092
10/9/2012,5704.6,5708.15,5728.65,5677.9,119.30B,0.005
10/8/2012,5676,5751.85,5751.85,5666.2,142.32B,-0.0123
10/5/2012,5746.95,5815,5815.35,4888.2,255.57B,-0.007
10/4/2012,5787.6,5751.55,5807.25,5751.35,179.19B,0.0098
10/3/2012,5731.25,5727.7,5743.25,5715.8,173.22B,0.0022
10/1/2012,5718.8,5704.75,5722.95,5694,128.04B,0.0027
9/28/2012,5703.3,5684.8,5735.15,5683.45,173.26B,0.0095
9/27/2012,5649.5,5673.75,5693.7,5639.7,238.99B,-0.0025
9/26/2012,5663.45,5653.4,5672.8,5638.65,170.77B,-0.0018
9/25/2012,5673.9,5674.9,5702.7,5652.45,341.39B,0.0008
9/24/2012,5669.6,5691.95,5709.85,5662.75,210.42B,-0.0038
9/21/2012,5691.15,5577,5720,5575.45,278.02B,0.0246
9/20/2012,5554.25,5536.95,5581.35,5534.9,165.69B,-0.0082
9/18/2012,5600.05,5602.4,5620.55,5586.45,175.49B,-0.0018
9/17/2012,5610,5631.75,5652.2,5585.15,258.91B,0.0058
9/14/2012,5577.65,5528.35,5586.65,5526.95,233.78B,0.0262
9/13/2012,5435.35,5435.2,5447.45,5421.85,110.77B,0.0008
9/12/2012,5431,5404.45,5435.55,5393.95,139.92B,0.0076
9/11/2012,5390,5336.1,5393.35,5332.1,112.88B,0.005
9/10/2012,5363.45,5361.9,5375.45,5349.1,109.61B,0.0009
9/8/2012,5358.7,5343.65,5366.3,5343.45,11.22B,0.0031
9/7/2012,5342.1,5309.45,5347.15,5309.2,149.59B,0.0198
9/6/2012,5238.4,5217.65,5260.6,5217.65,134.01B,0.0024
9/5/2012,5225.7,5243.9,5259.5,5215.7,126.16B,-0.0092
9/4/2012,5274,5249.15,5278.35,5233.2,106.32B,0.0039
9/3/2012,5253.75,5276.5,5295.8,5243.15,110.38B,-0.0009
8/31/2012,5258.5,5298.2,5303.25,5238.9,167.39B,-0.0106
8/30/2012,5315.05,5268.6,5342.8,5255.05,226.49B,0.0052
8/29/2012,5287.8,5343.85,5345.5,5282.7,157.47B,-0.0088
8/28/2012,5334.6,5348.05,5359.25,5312.6,123.68B,-0.0029
8/27/2012,5350.25,5387.85,5399.15,5346.65,89.99B,-0.0068
8/24/2012,5386.7,5392.6,5399.65,5371,114.35B,-0.0053
8/23/2012,5415.35,5426.15,5448.6,5393.85,128.00B,0.0005
8/22/2012,5412.85,5395.75,5433.35,5394.8,103.10B,-0.0015
8/21/2012,5421,5368.7,5425.15,5368.7,124.34B,0.0102
8/17/2012,5366.3,5368.6,5399.95,5341.7,134.98B,0.0006
8/16/2012,5362.95,5385.95,5390.65,5356.65,134.00B,-0.0032
8/14/2012,5380.35,5343.25,5387.05,5328.8,109.79B,0.0061
8/13/2012,5347.9,5316.35,5352.45,5309.05,107.58B,0.0052
8/10/2012,5320.4,5308.2,5330.1,5294.1,130.09B,-0.0005
8/9/2012,5322.95,5348.3,5368.2,5312.1,181.42B,-0.0028
8/8/2012,5338,5345.25,5377.6,5331.05,165.95B,0.0002
8/7/2012,5336.7,5295.4,5350.1,5281.65,130.43B,0.0103
8/6/2012,5282.55,5260.85,5293.2,5260.85,103.15B,0.0128
8/3/2012,5215.7,5195.6,5220.2,5164.65,112.92B,-0.0023
8/2/2012,5227.75,5233.1,5236.9,5209.95,92.97B,-0.0024
8/1/2012,5240.5,5220.7,5246.35,5212.65,113.82B,0.0022
7/31/2012,5229,5214.85,5234.55,5154.05,147.06B,0.0056
7/30/2012,5199.8,5129.75,5206.6,5129.75,117.52B,0.0196
7/27/2012,5099.85,5124.3,5149.95,5077.5,131.95B,0.0113
7/26/2012,5043,5126.3,5126.3,5032.4,180.13B,-0.013
7/25/2012,5109.6,5118.4,5121.6,5076.6,130.97B,-0.0036
7/24/2012,5128.2,5128.8,5144,5103.25,116.52B,0.002
7/23/2012,5117.95,5163.25,5164.2,5108.1,104.77B,-0.0167
7/20/2012,5205.1,5233.55,5238.7,5197.5,89.73B,-0.0072
7/19/2012,5242.7,5249.85,5257.75,5233.15,109.77B,0.0051
7/18/2012,5216.3,5199.1,5222.85,5169.05,109.65B,0.0045
7/17/2012,5192.85,5228.05,5236.7,5181.7,111.77B,-0.0008
7/16/2012,5197.25,5232.35,5246.85,5190.45,106.31B,-0.0057
7/13/2012,5227.25,5242.75,5267.15,5216.85,99.04B,-0.0015
7/12/2012,5235.25,5240,5261.75,5217.7,131.19B,-0.0134
7/11/2012,5306.3,5315.25,5336.45,5300.25,113.53B,-0.0073
7/10/2012,5345.35,5286.6,5348.55,5284.55,123.95B,0.0133
7/9/2012,5275.15,5283.7,5300.6,5257.75,101.17B,-0.0079
7/6/2012,5316.95,5324.7,5327.2,5287.75,113.30B,-0.0019
7/5/2012,5327.3,5297.05,5333.65,5288.85,118.91B,0.0047
7/4/2012,5302.55,5310.4,5317.65,5273.3,156.00B,0.0028
7/3/2012,5287.95,5298.85,5317,5265.95,133.12B,0.0018
7/2/2012,5278.6,5283.85,5302.15,5263.35,126.16B,-0.0001
6/29/2012,5278.9,5191.25,5286.25,5189,226.52B,0.0252
6/28/2012,5149.15,5148.95,5159.05,5125.3,143.07B,0.0014
6/27/2012,5141.9,5149.45,5160.1,5129.25,112.27B,0.0041
6/26/2012,5120.8,5107.45,5134.55,5095.5,99.40B,0.0012
6/25/2012,5114.65,5158.5,5194.6,5105.65,123.50B,-0.0061
6/22/2012,5146.05,5101.75,5159.8,5094,159.75B,-0.0037
6/21/2012,5165,5097.35,5170.4,5093.45,142.99B,0.0087
6/20/2012,5120.55,5114.55,5141.7,5100.7,160.51B,0.0033
6/19/2012,5103.85,5050.8,5113.6,5048.1,149.42B,0.0078
6/18/2012,5064.25,5174,5190.2,5041.7,153.46B,-0.0146
6/15/2012,5139.05,5069.55,5146.2,5069.15,155.44B,0.0167
6/14/2012,5054.75,5105.1,5130,5047.6,118.35B,-0.013
6/13/2012,5121.45,5117.55,5144.9,5095.45,125.67B,0.0011
6/12/2012,5115.9,5015.5,5128.9,5015.15,135.48B,0.0122
6/11/2012,5054.1,5096.7,5124.45,5040.7,125.61B,-0.0028
6/8/2012,5068.35,5044.25,5084.45,4994.8,138.39B,0.0037
6/7/2012,5049.65,5035.35,5059.65,5007.75,150.56B,0.0105
6/6/2012,4997.1,4886.65,5010.45,4886.15,185.34B,0.0275
6/5/2012,4863.3,4869.45,4898.95,4847.7,141.48B,0.0031
6/4/2012,4848.15,4797.3,4858.3,4770.35,152.34B,0.0014
6/1/2012,4841.6,4910.85,4925,4831.75,138.77B,-0.0168
5/31/2012,4924.25,4896.1,4949.25,4883.55,296.91B,-0.0054
5/30/2012,4950.75,4964.25,4982.25,4944.9,146.01B,-0.0079
5/29/2012,4990.1,5005.35,5020.15,4982.15,124.22B,0.0009
5/28/2012,4985.65,4931.7,4994.95,4931.3,97.26B,0.0133
5/25/2012,4920.4,4905.95,4935.8,4889.35,118.19B,-0.0002
5/24/2012,4921.4,4863.4,4931.9,4830.15,140.48B,0.0177
5/23/2012,4835.65,4843,4853.75,4803.95,136.11B,-0.0051
5/22/2012,4860.5,4954.7,4956.35,4849.9,130.81B,-0.0093
5/21/2012,4906.05,4888.5,4937.5,4888.5,116.51B,0.003
5/18/2012,4891.45,4796.4,4908.5,4788.95,154.51B,0.0044
5/17/2012,4870.2,4878.6,4922.25,4850.2,155.65B,0.0025
5/16/2012,4858.25,4875.3,4882.25,4837.05,165.05B,-0.0171
5/15/2012,4942.8,4869.85,4955.2,4868.55,142.12B,0.0071
5/14/2012,4907.8,4934.35,4957.2,4874.5,126.95B,-0.0043
5/11/2012,4928.9,4938.85,4976.25,4906.15,138.53B,-0.0074
5/10/2012,4965.7,4984.15,5039.3,4950.3,141.03B,-0.0018
5/9/2012,4974.8,4967.9,5016.25,4956.45,180.44B,-0.005
5/8/2012,4999.95,5114.7,5119.95,4983.6,164.26B,-0.0223
5/7/2012,5114.15,5017.8,5124.75,4988,168.27B,0.0054
5/4/2012,5086.85,5166.65,5177.2,5070.6,153.31B,-0.0196
5/3/2012,5188.4,5211.2,5217.3,5180.65,118.57B,-0.0097
5/2/2012,5239.15,5254.3,5279.6,5226.45,119.33B,-0.0017
4/30/2012,5248.15,5201.45,5262.15,5201.45,108.14B,0.0111
4/27/2012,5190.6,5189,5223.05,5154.3,128.76B,0.0003
4/26/2012,5189,5214.75,5215.6,5179.05,185.90B,-0.0025
4/25/2012,5202,5222.2,5236.1,5160.65,142.91B,-0.004
4/24/2012,5222.65,5215.9,5232.35,5180.35,155.68B,0.0042
4/23/2012,5200.6,5277.4,5310.55,5187.15,138.04B,-0.0171
4/20/2012,5290.85,5313.95,5336.15,5245.45,135.25B,-0.0078
4/19/2012,5332.4,5320.6,5342.45,5291.3,133.55B,0.0061
4/18/2012,5300,5320.7,5342,5293.45,152.74B,0.0019
4/17/2012,5289.7,5266.6,5298.2,5208.35,178.89B,0.0122
4/16/2012,5226.2,5190.6,5233.5,5183.5,119.73B,0.0036
4/13/2012,5207.45,5255.7,5306.75,5185.4,164.23B,-0.0132
4/12/2012,5276.85,5246.75,5290.6,5246.75,152.69B,0.0096
4/11/2012,5226.85,5209.45,5263.65,5190.8,167.01B,-0.0032
4/10/2012,5243.6,5254.1,5255.8,5211.85,156.11B,0.0018
4/9/2012,5234.4,5282.5,5287.9,5228,111.91B,-0.0166
4/4/2012,5322.9,5328.65,5338.4,5305.3,122.11B,-0.0066
4/3/2012,5358.5,5353.2,5378.75,5344.45,152.50B,0.0076
4/2/2012,5317.9,5296.35,5331.55,5278.8,134.54B,0.0042
3/30/2012,5295.55,5206.6,5307.1,5203.65,164.79B,0.0225
3/29/2012,5178.85,5145.95,5194.3,5135.95,242.56B,-0.0031
3/28/2012,5194.75,5231.7,5236.55,5169.6,145.80B,-0.0092
3/27/2012,5243.15,5242.95,5277.95,5184.65,208.78B,0.0114
3/26/2012,5184.25,5274.35,5274.95,5174.9,169.79B,-0.0178
3/23/2012,5278.2,5255.65,5312,5220,172.74B,0.0095
3/22/2012,5228.45,5361.1,5385.95,5205.65,205.58B,-0.0254
3/21/2012,5364.95,5267.2,5372.35,5256,199.79B,0.0171
3/20/2012,5274.85,5257.15,5297.35,5233.25,181.34B,0.0034
3/19/2012,5257.05,5337.35,5340.7,5238.55,179.88B,-0.0114
3/16/2012,5317.9,5380.35,5445.65,5305,267.52B,-0.0116
3/15/2012,5380.5,5462.5,5462.5,5362.3,160.26B,-0.0153
3/14/2012,5463.9,5490.55,5499.4,5437.8,181.71B,0.0063
3/13/2012,5429.5,5391.05,5438.65,5390.8,179.97B,0.0131
3/12/2012,5359.55,5420.1,5421.9,5327.3,176.67B,0.0049
3/9/2012,5333.55,5294.1,5342.3,5291.6,203.01B,0.0217
3/7/2012,5220.45,5207.05,5243.85,5171.45,230.73B,-0.0004
3/6/2012,5222.4,5266,5382.05,5206.4,290.40B,-0.011
3/5/2012,5280.35,5342.55,5344.5,5265.7,196.42B,-0.0147
3/3/2012,5359.4,5360.05,5369.6,5353.4,16.77B,0
3/2/2012,5359.35,5369.45,5392.55,5315.05,185.02B,0.0037
3/1/2012,5339.75,5366,5372.45,5297.5,196.87B,-0.0084
2/29/2012,5385.2,5424.95,5458.8,5352.25,226.02B,0.0018
2/28/2012,5375.5,5310.5,5391.1,5306.45,208.13B,0.0179
2/27/2012,5281.2,5448.1,5449.8,5268.15,235.32B,-0.0273
2/24/2012,5429.3,5479.15,5521.4,5405.9,364.66B,-0.0098
2/23/2012,5483.3,5490.05,5537.4,5460.8,307.25B,-0.004
2/22/2012,5505.35,5609.75,5629.95,5491.35,263.01B,-0.0182
2/21/2012,5607.15,5561.9,5621.5,5561.75,231.13B,0.0077
2/17/2012,5564.3,5574.2,5606.7,5545.2,329.31B,0.0077
2/16/2012,5521.95,5513.75,5531.4,5483.75,270.06B,-0.0018
2/15/2012,5531.95,5460.6,5542.1,5460.6,314.37B,0.0214
2/14/2012,5416.05,5380.8,5428.05,5377.95,201.41B,0.0048
2/13/2012,5390.2,5382.1,5421.05,5351.4,181.56B,0.0016
2/10/2012,5381.6,5399.8,5427.75,5341.05,225.35B,-0.0057
2/9/2012,5412.35,5343.05,5423.4,5338.9,255.31B,0.0082
2/8/2012,5368.15,5343.8,5396.9,5325.2,236.14B,0.0062
2/7/2012,5335.15,5412.95,5413.35,5322.95,181.19B,-0.0049
2/6/2012,5361.65,5379.45,5390.05,5327.25,215.08B,0.0067
2/3/2012,5325.85,5276.1,5334.85,5255.55,217.36B,0.0106
2/2/2012,5269.9,5272.1,5289.95,5225.75,337.96B,0.0065
2/1/2012,5235.7,5198.15,5244.6,5159,234.90B,0.007
1/31/2012,5199.25,5125.25,5215.4,5120.15,215.77B,0.022
1/30/2012,5087.3,5163.55,5166.15,5076.7,181.14B,-0.0226
1/27/2012,5204.7,5216.75,5217,5162.4,215.92B,0.009
1/25/2012,5158.3,5151.5,5174.15,5130.25,219.18B,0.006
1/24/2012,5127.35,5064.8,5141.05,5049.8,202.01B,0.0161
1/23/2012,5046.25,5025.35,5059.55,5021.35,158.18B,-0.0005
1/20/2012,5048.6,5044.85,5064.15,5004.3,221.05B,0.006
1/19/2012,5018.4,4995,5023.8,4991.4,203.49B,0.0126
1/18/2012,4955.8,4977.75,4980.65,4931.05,211.20B,-0.0023
1/17/2012,4967.3,4904.5,4975.55,4904,223.00B,0.0192
1/16/2012,4873.9,4844,4880.8,4827.05,160.48B,0.0016
1/13/2012,4866,4861.95,4898.85,4834.2,230.94B,0.0072
1/12/2012,4831.25,4840.95,4869.2,4803.9,183.07B,-0.0061
1/11/2012,4860.95,4863.15,4877.2,4841.6,209.08B,0.0024
1/10/2012,4849.55,4771.85,4855.9,4768.25,201.66B,0.0225
1/9/2012,4742.8,4747.55,4758.7,4695.45,147.54B,-0.0009
1/7/2012,4746.9,4755.6,4759.4,4743.05,187.84B,-0.0015
1/6/2012,4754.1,4724.15,4794.9,4686.85,176.06B,0.0009
1/5/2012,4749.95,4749,4779.8,4730.15,177.86B,0.0001
1/4/2012,4749.65,4774.95,4782.85,4728.85,165.94B,-0.0033
1/3/2012,4765.3,4675.8,4773.1,4675.8,146.62B,0.0277
1/2/2012,4636.75,4640.2,4645.95,4588.05,108.46B,0.0027
12/30/2011,4624.3,4659.95,4690.45,4608.9,113.90B,-0.0047
12/29/2011,4646.25,4681.15,4701.8,4639.05,146.00B,-0.0127
12/28/2011,4705.8,4756.2,4756.2,4685.65,117.46B,-0.0094
12/27/2011,4750.5,4780.2,4800.5,4723.65,104.83B,-0.006
12/26/2011,4779,4718.15,4787.25,4718.15,90.85B,0.0138
12/23/2011,4714,4763.2,4763.45,4693.2,141.98B,-0.0042
12/22/2011,4733.85,4636.9,4740.6,4632.95,170.79B,0.0087
12/21/2011,4693.15,4636.45,4707.35,4601.95,211.31B,0.0328
12/20/2011,4544.2,4635.8,4637.25,4531.15,195.30B,-0.0149
12/19/2011,4613.1,4623.15,4623.15,4555.9,176.45B,-0.0083
12/16/2011,4651.6,4752.5,4818.85,4628.2,202.06B,-0.02
12/15/2011,4746.35,4712.8,4768.65,4673.85,200.32B,-0.0035
12/14/2011,4763.25,4788.7,4839.55,4750.4,176.25B,-0.0078
12/13/2011,4800.6,4733.6,4824.7,4728.5,181.04B,0.0076
12/12/2011,4764.6,4906.85,4910.25,4755.55,178.34B,-0.021
12/9/2011,4866.7,4870.75,4918.35,4841.75,173.61B,-0.0156
12/8/2011,4943.65,5037.4,5049.05,4921.45,178.85B,-0.0235
12/7/2011,5062.6,5050.1,5099.25,5032.25,169.43B,0.0047
12/5/2011,5039.15,5036.5,5055.4,5002.55,137.25B,-0.0022
12/2/2011,5050.15,4940.85,5062.55,4918.4,180.19B,0.0229
12/1/2011,4936.85,4970.85,5011.9,4916.7,183.92B,0.0217
11/30/2011,4832.05,4766.15,4851.55,4754.8,282.22B,0.0056
11/29/2011,4805.1,4864.2,4866.1,4787.1,155.57B,-0.0095
11/28/2011,4851.3,4769.3,4859.1,4766.4,145.26B,0.03
11/25/2011,4710.05,4731.3,4767.3,4693.1,162.84B,-0.0098
11/24/2011,4756.45,4707.55,4771.1,4639.1,213.36B,0.0106
11/23/2011,4706.45,4779.5,4779.5,4640.95,178.82B,-0.022
11/22/2011,4812.35,4794.85,4854,4782.55,174.21B,0.0071
11/21/2011,4778.35,4873.8,4873.8,4764.8,154.12B,-0.026
11/18/2011,4905.8,4899.15,4915.9,4837.95,192.27B,-0.0059
11/17/2011,4934.75,5027.1,5036.8,4919.45,149.24B,-0.019
11/16/2011,5030.45,5059.1,5065.2,4989.5,161.41B,-0.0075
11/15/2011,5068.5,5131.2,5158.75,5052.85,149.59B,-0.0155
11/14/2011,5148.35,5217.35,5228.9,5140.55,134.45B,-0.004
11/11/2011,5168.85,5159.75,5198.6,5142.25,168.51B,-0.01
11/9/2011,5221.05,5309.7,5317.5,5211.75,146.43B,-0.0129
11/8/2011,5289.35,5292.25,5304.25,5252,120.65B,0.001
11/4/2011,5284.2,5325.4,5326.45,5256.8,149.02B,0.0035
11/3/2011,5265.75,5241.55,5281.6,5201.85,160.28B,0.0014
11/2/2011,5258.45,5216.75,5300.1,5204.95,144.38B,0.0001
11/1/2011,5257.95,5278.6,5310.85,5238.3,152.49B,-0.0129
10/31/2011,5326.6,5358.9,5360.25,5314.6,149.48B,-0.0064
10/28/2011,5360.7,5341.9,5399.7,5322.8,246.08B,0.0305
10/26/2011,5201.8,5214.95,5219.25,5196.15,27.50B,0.002
10/25/2011,5191.6,5137.9,5211,5085.55,221.09B,0.0183
10/24/2011,5098.35,5114.7,5145.65,5084.75,126.07B,0.0096
10/21/2011,5049.95,5106.6,5120.75,5037.95,109.89B,-0.0082
10/20/2011,5091.9,5086.55,5099,5033.95,119.33B,-0.0092
10/19/2011,5139.15,5080.45,5148.05,5075.3,117.47B,0.0202
10/18/2011,5037.5,5049.45,5057.5,5011.05,125.55B,-0.0158
10/17/2011,5118.25,5156.2,5160.2,5084.5,130.46B,-0.0027
10/14/2011,5132.3,5057.35,5141.4,5056.6,157.78B,0.0107
10/13/2011,5077.85,5130.8,5136.95,5067.65,157.30B,-0.0042
10/12/2011,5099.4,5011.2,5109.8,4997.65,188.01B,0.0251
10/11/2011,4974.35,5019.9,5045.1,4964,182.04B,-0.0011
10/10/2011,4979.6,4886.85,4991.15,4882.05,188.84B,0.0187
10/7/2011,4888.05,4883.65,4922.6,4861.2,198.29B,0.0288
10/5/2011,4751.3,4791.3,4827.8,4741,179.14B,-0.0044
10/4/2011,4772.15,4823.5,4869.75,4728.3,184.41B,-0.016
10/3/2011,4849.5,4874.4,4879.15,4823.9,148.92B,-0.019
9/30/2011,4943.25,4990.15,5025.55,4924.3,201.96B,-0.0144
9/29/2011,5015.45,4924.2,5034.25,4906,216.16B,0.0141
9/28/2011,4945.9,5005.5,5006.05,4918.45,166.87B,-0.0051
9/27/2011,4971.25,4905.15,4982.95,4905.15,151.31B,0.0281
9/26/2011,4835.4,4878.6,4879.8,4758.85,156.08B,-0.0066
9/23/2011,4867.75,4873.75,4930.25,4829.6,205.77B,-0.0114
9/22/2011,4923.65,5054.45,5059.85,4907.75,147.61B,-0.0408
9/21/2011,5133.25,5153.75,5168.4,5109.85,132.92B,-0.0014
9/20/2011,5140.2,5042.55,5149.9,5035.25,146.60B,0.0215
9/19/2011,5031.95,5068.4,5068.4,5019.25,115.74B,-0.0103
9/16/2011,5084.25,5123.35,5143.6,5068.1,225.19B,0.0017
9/15/2011,5075.7,5062.35,5091.45,4967.45,153.65B,0.0126
9/14/2011,5012.55,4965.05,5026.15,4917.4,154.28B,0.0145
9/13/2011,4940.95,4977.8,5030.15,4911.05,146.01B,-0.0012
9/12/2011,4946.8,4981.7,4985.6,4911.25,135.50B,-0.0223
9/9/2011,5059.45,5161.3,5163.75,5046.8,158.71B,-0.0182
9/8/2011,5153.25,5139.2,5169.25,5098.25,140.86B,0.0056
9/7/2011,5124.65,5080.15,5154.5,5076.3,193.86B,0.0119
9/6/2011,5064.3,4993.35,5072.9,4942.9,183.68B,0.0094
9/5/2011,5017.2,4998.9,5030.3,4964.45,162.90B,-0.0045
9/2/2011,5040,5109.8,5113.7,4993.35,195.06B,0.0078
8/30/2011,5001,4973.25,5016.25,4927.55,181.54B,0.0165
8/29/2011,4919.6,4806.2,4934.4,4806.05,145.12B,0.0362
8/26/2011,4747.8,4839.25,4872,4720,149.72B,-0.019
8/25/2011,4839.6,4914.65,4915.85,4825.05,184.91B,-0.0101
8/24/2011,4888.9,4934.35,4962.4,4875.3,129.41B,-0.0121
8/23/2011,4948.9,4925.15,4965.8,4863.8,130.01B,0.0102
8/22/2011,4898.8,4843.7,4910.05,4808.75,123.81B,0.011
8/19/2011,4845.65,4859.3,4893.6,4796.1,166.70B,-0.0199
8/18/2011,4944.15,5077.95,5078.6,4932.15,139.82B,-0.0222
8/17/2011,5056.6,5030.3,5112.15,5017.25,143.34B,0.0041
8/16/2011,5035.8,5125.75,5132.2,5015.4,130.90B,-0.0073
8/12/2011,5072.95,5194.4,5194.45,5053.35,128.84B,-0.0127
8/11/2011,5138.3,5128,5184.95,5121,113.04B,-0.0044
8/10/2011,5161,5196.55,5197.95,5123.35,158.40B,0.0174
8/9/2011,5072.85,4947.9,5167,4946.45,233.87B,-0.0089
8/8/2011,5118.5,5083.85,5204.2,5054.05,188.31B,-0.0178
8/5/2011,5211.25,5204.35,5229.65,5116.45,196.02B,-0.0226
8/4/2011,5331.8,5412.4,5434.5,5323.15,118.48B,-0.0135
8/3/2011,5404.8,5402,5422.6,5378.85,133.22B,-0.0095
8/2/2011,5456.55,5493.2,5496.3,5433.65,110.37B,-0.0109
8/1/2011,5516.8,5527.5,5551.9,5486.45,98.96B,0.0063
7/29/2011,5482,5479,5520.3,5453.95,156.13B,-0.001
7/28/2011,5487.75,5492.4,5512.1,5475.65,164.52B,-0.0106
7/27/2011,5546.8,5588.55,5591.7,5521.5,122.32B,-0.005
7/26/2011,5574.85,5688.45,5702.25,5560.15,134.11B,-0.0186
7/25/2011,5680.3,5633.8,5700.55,5616.7,142.01B,0.0082
7/22/2011,5633.95,5576.95,5642.2,5567.1,106.78B,0.0167
7/21/2011,5541.6,5554.6,5578.9,5532.7,76.33B,-0.0046
7/20/2011,5567.05,5642.05,5645.4,5555.1,87.09B,-0.0083
7/19/2011,5613.55,5569.85,5627.65,5557.2,86.56B,0.0084
7/18/2011,5567.05,5581.75,5596.6,5550.95,73.60B,-0.0025
7/15/2011,5581.1,5602.95,5631.7,5562.75,80.43B,-0.0033
7/14/2011,5599.8,5569,5653.95,5541.7,123.01B,0.0026
7/13/2011,5585.45,5542.05,5596.15,5541.4,106.02B,0.0107
7/12/2011,5526.15,5556.9,5580.25,5496.95,104.91B,-0.016
7/11/2011,5616.1,5648.05,5652.9,5601.7,78.90B,-0.0079
7/8/2011,5660.65,5734.65,5740.4,5651.05,129.28B,-0.0119
7/7/2011,5728.95,5633.35,5737.15,5632.95,112.22B,0.0184
7/6/2011,5625.45,5622.7,5655.4,5610.75,86.11B,-0.0012
7/5/2011,5632.1,5659.85,5659.85,5612.3,100.78B,-0.0033
7/4/2011,5650.5,5679.55,5679.65,5633.1,103.53B,0.0041
7/1/2011,5627.2,5705.75,5705.8,5609.75,141.09B,-0.0036
6/30/2011,5647.4,5614.5,5657.9,5606.1,179.22B,0.0084
6/29/2011,5600.45,5566.5,5608.65,5566.5,124.59B,0.0099
6/28/2011,5545.3,5548.85,5558.3,5496.35,114.41B,0.0034
6/27/2011,5526.6,5441.2,5552.65,5434.25,143.40B,0.0101
6/24/2011,5471.25,5343.4,5477.85,5343.4,140.10B,0.0284
6/23/2011,5320,5269.1,5330.6,5252.25,89.00B,0.0079
6/22/2011,5278.3,5304.65,5310.5,5262.5,95.77B,0.0005
6/21/2011,5275.85,5280.8,5322.45,5257,107.19B,0.0034
6/20/2011,5257.9,5372.2,5377.4,5195.9,135.34B,-0.0202
6/17/2011,5366.4,5412.5,5421.15,5355.85,97.88B,-0.0056
6/16/2011,5396.75,5419.65,5447.5,5389.8,128.06B,-0.0093
6/15/2011,5447.5,5494.45,5499.35,5438.95,95.88B,-0.0096
6/14/2011,5500.5,5485.6,5520.15,5484.2,97.84B,0.0032
6/13/2011,5482.8,5469.85,5496.7,5436.95,80.10B,-0.0005
6/10/2011,5485.8,5518.05,5521.45,5457.45,84.19B,-0.0064
6/9/2011,5521.05,5523.55,5540.1,5502.05,87.03B,-0.001
6/8/2011,5526.85,5535.25,5556.6,5514.9,92.93B,-0.0053
6/7/2011,5556.15,5509.15,5570.1,5507.8,81.86B,0.0044
6/6/2011,5532.05,5504.3,5542.65,5479.85,77.14B,0.0028
6/3/2011,5516.75,5565.7,5604.95,5507.2,101.02B,-0.0061
6/2/2011,5550.35,5529.9,5568.2,5521.95,110.95B,-0.0074
6/1/2011,5592,5561.05,5597.35,5559.45,98.63B,0.0057
5/31/2011,5560.15,5492,5571.6,5489.7,149.41B,0.0159
5/30/2011,5473.1,5493.75,5509.3,5458.6,100.76B,-0.0005
5/27/2011,5476.1,5413.7,5485.8,5413.6,117.23B,0.0118
5/26/2011,5412.35,5372.75,5422.2,5356.35,161.61B,0.0119
5/25/2011,5348.95,5389.1,5389.1,5328.7,99.92B,-0.0085
5/24/2011,5394.85,5385.1,5422.6,5367.45,100.05B,0.0015
5/23/2011,5386.55,5456.7,5456.7,5373,94.67B,-0.0182
5/20/2011,5486.35,5450.65,5517.55,5432.75,127.40B,0.0107
5/19/2011,5428.1,5448.15,5452.6,5411.25,94.18B,0.0014
5/18/2011,5420.6,5448.2,5460.5,5401.25,107.36B,-0.0034
5/17/2011,5438.95,5496.1,5523.85,5421.05,109.20B,-0.0109
5/16/2011,5499,5541.7,5541.8,5487.65,94.22B,-0.0083
5/13/2011,5544.75,5492.35,5605,5472.15,119.42B,0.0107
5/12/2011,5486.15,5537.8,5572.5,5476.3,91.62B,-0.0142
5/11/2011,5565.05,5547.2,5574.7,5525,82.51B,0.0043
5/10/2011,5541.25,5555.55,5592.9,5514.55,88.82B,-0.0018
5/9/2011,5551.1,5575.2,5586.05,5502.4,75.44B,-0.0001
5/6/2011,5551.45,5477.65,5564.4,5472.45,122.68B,0.0168
5/5/2011,5459.85,5531.6,5560.3,5443.65,126.42B,-0.014
5/4/2011,5537.15,5567.7,5578.8,5503,119.08B,-0.005
5/3/2011,5565.25,5689.7,5710.8,5554.85,125.52B,-0.0239
5/2/2011,5701.3,5766.9,5775.25,5687.7,86.51B,-0.0084
4/29/2011,5749.5,5782.5,5804.3,5706.05,184.75B,-0.0062
4/28/2011,5785.45,5851.35,5856.4,5776.95,159.35B,-0.0083
4/27/2011,5833.9,5884.2,5892.35,5819.95,108.74B,-0.0059
4/26/2011,5868.4,5876.85,5893.2,5791.55,117.17B,-0.001
4/25/2011,5874.5,5859.6,5906.6,5857,94.38B,-0.0017
4/21/2011,5884.7,5882.85,5912.9,5864.35,119.75B,0.0056
4/20/2011,5851.65,5786.05,5857.35,5759.65,117.90B,0.0193
4/19/2011,5740.75,5716,5762.95,5693.25,101.24B,0.002
4/18/2011,5729.1,5824.35,5897.9,5722.25,121.11B,-0.0164
4/15/2011,5824.55,5898.75,5907.35,5806.45,140.59B,-0.0147
4/13/2011,5911.5,5747.95,5923.6,5735.55,145.70B,0.0217
4/11/2011,5785.7,5805.35,5830.3,5777.9,92.73B,-0.0096
4/8/2011,5842,5886.75,5926.95,5822,99.85B,-0.0074
4/7/2011,5885.7,5888.55,5906.1,5866.25,98.16B,-0.001
4/6/2011,5891.75,5908,5944.45,5868.8,125.96B,-0.0031
4/5/2011,5910.05,5923.85,5928.65,5855.85,110.62B,0.0003
4/4/2011,5908.45,5842,5918.7,5833.2,106.39B,0.0141
4/1/2011,5826.05,5835,5860.2,5810.4,118.32B,-0.0013
3/31/2011,5833.75,5803.05,5872,5778.65,219.44B,0.008
3/30/2011,5787.65,5755.8,5803.15,5753.9,133.21B,0.0089
3/29/2011,5736.35,5686.5,5770.35,5680.7,140.48B,0.0086
3/28/2011,5687.25,5645.25,5709.1,5643.2,130.72B,0.0058
3/25/2011,5654.25,5588.65,5667.1,5560.95,133.45B,0.0239
3/24/2011,5522.4,5501.8,5529,5496.1,115.26B,0.0077
3/23/2011,5480.25,5411.4,5484.95,5401.95,112.04B,0.0123
3/22/2011,5413.85,5390.85,5428.15,5376.15,94.94B,0.0092
3/21/2011,5364.75,5408.75,5413.3,5348.2,107.18B,-0.0017
3/18/2011,5373.7,5475.35,5483.05,5366.4,129.49B,-0.0134
3/17/2011,5446.65,5455.4,5510.05,5435.3,135.26B,-0.0117
3/16/2011,5511.15,5475.95,5535.1,5475.95,135.20B,0.0113
3/15/2011,5449.65,5420,5497.85,5373.65,191.04B,-0.0148
3/14/2011,5531.5,5436.5,5537.3,5434.25,173.52B,0.0158
3/11/2011,5445.45,5456.15,5502.7,5411.55,133.44B,-0.0089
3/10/2011,5494.4,5516.1,5516.3,5468.45,135.73B,-0.0066
3/9/2011,5531,5542.4,5563.3,5477.45,149.82B,0.0018
3/8/2011,5520.8,5466.1,5530.55,5464.75,127.51B,0.0106
3/7/2011,5463.15,5490.05,5491.25,5408.45,134.58B,-0.0136
3/4/2011,5538.75,5586.2,5608.2,5524.1,162.01B,0.0005
3/3/2011,5536.2,5478.45,5570.75,5468.25,218.80B,0.0025
3/1/2011,5522.3,5382,5533.05,5373.55,210.50B,0.0354
2/28/2011,5333.25,5330.15,5477,5308.6,317.25B,0.0056
2/25/2011,5303.55,5321.05,5338.2,5232.75,193.54B,0.0078
2/24/2011,5262.7,5408.75,5423.4,5242.5,259.35B,-0.0321
2/23/2011,5437.35,5452.45,5495.2,5427.55,173.59B,-0.0058
2/22/2011,5469.2,5504.4,5519.45,5437.3,166.27B,-0.009
2/21/2011,5518.6,5456.6,5526.25,5413.1,137.63B,0.0109
2/18/2011,5458.95,5557.55,5599.25,5441.95,180.91B,-0.0158
2/17/2011,5546.45,5501.7,5553,5463.4,143.67B,0.0118
2/16/2011,5481.7,5467.6,5504.8,5460.35,140.52B,0.0001
2/15/2011,5481,5467.75,5506.5,5408.35,170.46B,0.0046
2/14/2011,5456,5340.25,5463.8,5340.25,175.71B,0.0275
2/11/2011,5310,5219.65,5319.45,5177.7,211.25B,0.0161
2/10/2011,5225.8,5246.05,5272.6,5196.8,225.24B,-0.0053
2/9/2011,5253.55,5293.05,5339.45,5225.65,246.53B,-0.0111
2/8/2011,5312.55,5432.35,5432.35,5303.4,155.60B,-0.0155
2/7/2011,5396,5430.15,5440.35,5376.95,150.45B,0
2/4/2011,5395.75,5519.9,5556.3,5369.05,187.82B,-0.0237
2/3/2011,5526.75,5430.45,5532.65,5418,154.23B,0.0174
2/2/2011,5432,5469.55,5490.6,5415.65,172.20B,0.0027
2/1/2011,5417.2,5537.3,5539.15,5402,171.23B,-0.0161
1/31/2011,5505.9,5452.55,5526.85,5416.65,177.85B,-0.0011
1/28/2011,5512.15,5614,5614.4,5459.55,173.11B,-0.0164
1/27/2011,5604.3,5725.3,5726.1,5594.95,201.50B,-0.0146
1/25/2011,5687.4,5763.3,5801.55,5680.65,126.13B,-0.0097
1/24/2011,5743.25,5717.1,5756,5697.75,108.83B,0.0082
1/21/2011,5696.5,5692.05,5717.55,5674.5,119.99B,-0.0026
1/20/2011,5711.6,5656,5729.45,5634.5,130.50B,0.0036
1/19/2011,5691.05,5737.35,5747.65,5662.55,146.72B,-0.0058
1/18/2011,5724.05,5682.55,5730.5,5671.25,141.01B,0.0123
1/17/2011,5654.75,5648.8,5696.15,5624.15,148.50B,0
1/14/2011,5654.55,5752.1,5833.65,5639.65,174.57B,-0.0169
1/13/2011,5751.9,5850.75,5857.75,5736.7,175.35B,-0.019
1/12/2011,5863.25,5800.05,5874.2,5711.3,188.12B,0.019
1/11/2011,5754.1,5767.95,5842.6,5698.2,161.26B,-0.0015
1/10/2011,5762.85,5901.3,5907.25,5740.95,156.95B,-0.024
1/7/2011,5904.6,6030.9,6051.2,5883.6,171.81B,-0.0238
1/6/2011,6048.25,6107,6116.15,6022.3,152.34B,-0.0052
1/5/2011,6079.8,6141.35,6141.35,6062.35,139.61B,-0.0108
1/4/2011,6146.35,6172.75,6181.05,6124.4,181.73B,-0.0018
1/3/2011,6157.6,6177.45,6178.55,6147.2,96.03B,0.0038
12/31/2010,6134.5,6105.1,6147.3,6103.55,113.75B,0.0054
12/30/2010,6101.85,6062.35,6106.4,6062.35,194.35B,0.0068
12/29/2010,6060.35,6005.15,6067.55,6002.85,93.00B,0.0107
12/28/2010,5996,6005.35,6010.9,5982.25,90.72B,-0.0004
12/27/2010,5998.1,6013.3,6045.75,5991.1,95.96B,-0.0022
12/24/2010,6011.6,5940.25,6017.35,5940.25,123.58B,0.0053
12/23/2010,5980,6005.9,6006.45,5964.6,85.46B,-0.0007
12/22/2010,5984.4,6019,6023.8,5958,118.82B,-0.0027
12/21/2010,6000.65,5960.4,6007.45,5960.05,126.54B,0.009
12/20/2010,5947.05,5926.85,5985,5900.25,121.82B,-0.0003
12/16/2010,5948.75,5910.55,5956.15,5855.05,149.83B,0.0096
12/15/2010,5892.3,5931.15,5942.75,5865.8,126.32B,-0.0087
12/14/2010,5944.1,5928.7,5953.95,5888.75,125.30B,0.0062
12/13/2010,5907.65,5882.65,5913.8,5795.9,138.23B,0.0086
12/10/2010,5857.35,5761,5865.5,5721.15,167.49B,0.0158
12/9/2010,5766.5,5924.25,5927.3,5742.3,169.51B,-0.0232
12/8/2010,5903.7,5954.4,5960,5878.6,122.57B,-0.0122
12/7/2010,5976.55,5995.05,6001,5939.7,145.41B,-0.0026
12/6/2010,5992.25,6033.65,6069.45,5981.7,145.32B,-0.0001
12/3/2010,5992.8,6013.35,6025.4,5964.25,165.38B,-0.0031
12/2/2010,6011.7,6023.05,6029.5,5980.6,197.38B,0.0085
12/1/2010,5960.9,5871,5971,5865.55,173.36B,0.0167
11/30/2010,5862.7,5811.6,5892.25,5768.35,217.96B,0.0056
11/29/2010,5830,5789.95,5843.15,5754.7,155.07B,0.0136
11/26/2010,5751.95,5828.55,5838.5,5690.35,287.20B,-0.0082
11/25/2010,5799.75,5883.95,5907.1,5780.35,371.67B,-0.0113
11/24/2010,5865.75,5946.8,5976.65,5833.6,125.85B,-0.0116
11/23/2010,5934.75,5971.55,5973.35,5824.95,158.87B,-0.0125
11/22/2010,6010,5920.9,6020.25,5905.15,123.42B,0.0203
11/19/2010,5890.3,6011.3,6013.25,5863.95,150.74B,-0.0181
11/18/2010,5998.8,6075.95,6076.2,5906.75,190.22B,0.0017
11/16/2010,5988.7,6143.45,6144.05,5970.6,139.19B,-0.0217
11/15/2010,6121.6,6079.9,6128.75,6039.4,124.27B,0.0082
11/12/2010,6071.65,6182.3,6202.5,6056.75,155.20B,-0.0198
11/11/2010,6194.25,6286.35,6296.55,6179.5,169.30B,-0.013
11/10/2010,6275.7,6303.2,6307.65,6269.25,125.61B,-0.0041
11/9/2010,6301.55,6281,6310.9,6243.55,139.82B,0.0045
11/8/2010,6273.2,6335.25,6335.9,6265.35,153.93B,-0.0062
11/5/2010,6312.45,6321.85,6338.5,6303.1,27.18B,0.0049
11/4/2010,6281.8,6209.6,6290.15,6199.35,125.03B,0.0197
11/3/2010,6160.5,6150.6,6182.5,6146.8,111.32B,0.0068
11/2/2010,6119,6127.55,6138.1,6094.4,122.09B,0.0002
11/1/2010,6117.55,6092.3,6132.4,6084.75,128.91B,0.0166
10/29/2010,6017.7,6021.15,6032.65,5937.1,137.88B,0.005
10/28/2010,5987.7,6039.95,6071.1,5968.1,228.79B,-0.0041
10/27/2010,6012.65,6075.45,6075.95,5987.55,116.71B,-0.0114
10/26/2010,6082,6116.3,6120.25,6074.65,113.45B,-0.0039
10/25/2010,6105.8,6101.25,6151.3,6094.6,123.12B,0.0066
10/22/2010,6066.05,6113.4,6121.1,6041.35,109.37B,-0.0058
10/21/2010,6101.5,6008.9,6113.5,5984.9,123.10B,0.02
10/20/2010,5982.1,6002.95,6038.1,5966.75,105.11B,-0.0075
10/19/2010,6027.3,6114.45,6127.05,6008.15,130.46B,-0.008
10/18/2010,6075.95,6112.75,6115.1,5985.1,138.75B,0.0022
10/15/2010,6062.65,6175.9,6200.6,6050.35,111.06B,-0.0186
10/14/2010,6177.35,6234.3,6284.1,6157.9,128.49B,-0.0091
10/13/2010,6233.9,6091.45,6240.25,6089.75,148.66B,0.0235
10/12/2010,6090.9,6135.95,6144.95,6057.95,109.94B,-0.0073
10/11/2010,6135.85,6105.95,6187.75,6105.95,115.78B,0.0053
10/8/2010,6103.45,6121.4,6148.6,6067,134.64B,-0.0028
10/7/2010,6120.3,6186.85,6199.45,6107.5,168.88B,-0.0107
10/6/2010,6186.45,6150.95,6223.4,6148.6,152.50B,0.0066
10/5/2010,6145.8,6159.45,6188.35,6118.05,145.24B,-0.0022
10/4/2010,6159.45,6144.7,6222.1,6144.7,184.60B,0.0026
10/1/2010,6143.4,6030.3,6153.1,6030.3,179.17B,0.0188
9/30/2010,6029.95,5991.35,6048.45,5963.6,217.77B,0.0065
9/29/2010,5991.3,6029.15,6071.55,5979.65,183.15B,-0.0063
9/28/2010,6029.5,6036.05,6049.8,5991.3,170.65B,-0.001
9/27/2010,6035.65,6018.3,6073.5,6018.3,166.77B,0.0029
9/24/2010,6018.3,5959.45,6029.1,5951.2,176.46B,0.0099
9/23/2010,5959.55,5991.05,6006.8,5932.4,135.58B,-0.0052
9/22/2010,5991,6008.4,6037.4,5946.45,170.15B,-0.003
9/21/2010,6009.05,5980.5,6032.8,5961.85,200.95B,0.0048
9/20/2010,5980.45,5885.05,5989.5,5885.05,193.48B,0.0162
9/17/2010,5884.95,5828.7,5898.4,5828.7,211.38B,0.0097
9/16/2010,5828.7,5861.1,5901.65,5815.8,192.47B,-0.0055
9/15/2010,5860.95,5795.25,5869.45,5792.2,187.21B,0.0113
9/14/2010,5795.55,5760.3,5838.45,5760.3,188.43B,0.0062
9/13/2010,5760,5639.2,5770.6,5639.2,152.80B,0.0213
9/9/2010,5640.05,5608.3,5647.45,5608.1,138.06B,0.0057
9/8/2010,5607.85,5604.25,5625.3,5567.75,135.33B,0.0007
9/7/2010,5604,5575.9,5625.5,5571.65,177.48B,0.0049
9/6/2010,5576.95,5479.55,5589.4,5479.55,158.94B,0.0178
9/3/2010,5479.4,5486.3,5510.4,5473.65,146.81B,-0.0012
9/2/2010,5486.15,5471.9,5513.95,5471.85,159.67B,0.0026
9/1/2010,5471.85,5403.05,5478.6,5403.05,144.23B,0.0129
8/31/2010,5402.4,5413.55,5413.9,5348.9,157.13B,-0.0024
8/30/2010,5415.45,5408.9,5469,5390.35,113.84B,0.0012
8/27/2010,5408.7,5489.6,5495.2,5391.95,142.33B,-0.0126
8/26/2010,5477.9,5462.1,5486.55,5454.7,186.38B,0.0028
8/25/2010,5462.35,5505.3,5506.15,5452.55,157.76B,-0.0078
8/24/2010,5505.1,5541.1,5547.25,5488.45,139.15B,-0.0069
8/23/2010,5543.5,5531.15,5549.8,5519.4,118.74B,0.0023
8/20/2010,5530.65,5540.8,5546.6,5513.35,144.07B,-0.0017
8/19/2010,5540.2,5478.25,5544.7,5478.1,167.74B,0.0111
8/18/2010,5479.15,5416.25,5487.95,5416.25,154.25B,0.012
8/17/2010,5414.15,5422.15,5443.55,5408.8,138.28B,-0.0008
8/16/2010,5418.3,5452.1,5465.25,5397.4,189.45B,-0.0062
8/13/2010,5452.1,5420.65,5476.5,5415.5,154.91B,0.0066
8/12/2010,5416.45,5418.7,5431.1,5372.45,172.04B,-0.0008
8/11/2010,5420.6,5460.7,5474.6,5412,174.63B,-0.0073
8/10/2010,5460.7,5486.8,5491.45,5445.35,164.22B,-0.0046
8/9/2010,5486.15,5439.8,5492.3,5433.25,137.00B,0.0086
8/6/2010,5439.25,5448.25,5471.9,5431.35,116.67B,-0.0014
8/5/2010,5447.1,5470.15,5487.15,5443.1,129.64B,-0.0038
8/4/2010,5467.85,5441.35,5481.9,5428.4,120.78B,0.0052
8/3/2010,5439.55,5432.5,5459.2,5426.4,130.73B,0.0015
8/2/2010,5431.65,5369.55,5438.85,5351.3,104.23B,0.0119
7/30/2010,5367.6,5408.4,5413.25,5349.2,131.80B,-0.0076
7/29/2010,5408.9,5397.85,5415.85,5381.55,162.31B,0.0021
7/28/2010,5397.55,5436.1,5447.85,5386.25,146.94B,-0.0061
7/27/2010,5430.6,5420.2,5450.95,5407.2,155.31B,0.0022
7/26/2010,5418.6,5446.55,5466.25,5409.2,147.33B,-0.0056
7/23/2010,5449.1,5441.9,5477.5,5435.15,165.93B,0.0013
7/22/2010,5441.95,5399.15,5447.15,5372.2,155.99B,0.0079
7/21/2010,5399.35,5368.85,5409.1,5368.85,122.86B,0.0058
7/20/2010,5368,5387,5416.45,5353.6,121.63B,-0.0034
7/19/2010,5386.45,5392.7,5409.1,5361.5,116.58B,-0.0014
7/16/2010,5393.9,5376.65,5401.35,5374.4,143.22B,0.0028
7/15/2010,5378.75,5387.1,5399.2,5360.6,155.12B,-0.0014
7/14/2010,5386.15,5402,5453.45,5371.7,211.03B,-0.0027
7/13/2010,5400.65,5370.2,5406.2,5357.85,226.05B,0.0033
7/12/2010,5383,5352.25,5402.7,5351.6,189.50B,0.0057
7/9/2010,5352.45,5297.2,5359.05,5297.2,216.66B,0.0105
7/8/2010,5296.85,5242,5320.5,5242,127.30B,0.0106
7/7/2010,5241.1,5293.1,5296.75,5233.45,132.39B,-0.0091
7/6/2010,5289.05,5236.1,5297.45,5231.5,115.51B,0.0102
7/5/2010,5235.9,5237,5252.75,5225.85,100.62B,-0.0002
7/2/2010,5237.1,5251.25,5277.25,5225.6,149.98B,-0.0027
7/1/2010,5251.4,5312.05,5312.55,5232.1,141.43B,-0.0115
6/30/2010,5312.5,5254.25,5320.35,5210,183.72B,0.0107
6/29/2010,5256.15,5333.55,5334.15,5235.8,158.72B,-0.0145
6/28/2010,5333.5,5271.1,5339.45,5270.75,154.14B,0.0122
6/25/2010,5269.05,5320.5,5320.5,5259.9,164.97B,-0.0097
6/24/2010,5320.6,5323.25,5348.3,5284.55,218.79B,-0.0005
6/23/2010,5323.15,5316.15,5333.3,5288.15,150.16B,0.0012
6/22/2010,5316.55,5353.95,5354.35,5311.05,162.04B,-0.0069
6/21/2010,5353.3,5266.5,5366.75,5266.5,186.20B,0.0172
6/18/2010,5262.6,5274.95,5302.3,5245.5,205.20B,-0.0023
6/17/2010,5274.85,5233.65,5285.55,5206.55,189.95B,0.0079
6/16/2010,5233.35,5225.05,5255.65,5214.9,203.73B,0.0021
6/15/2010,5222.35,5201.3,5231.45,5171.05,218.93B,0.0047
6/14/2010,5197.7,5120.15,5201.25,5120.15,158.83B,0.0153
6/11/2010,5119.35,5078.75,5139.05,5078.75,198.34B,0.008
6/10/2010,5078.6,4999.6,5085.2,4997.6,176.85B,0.0157
6/9/2010,5000.3,4985.05,5050.6,4980.1,199.91B,0.0026
6/8/2010,4987.1,5036.7,5071.35,4967.3,180.66B,-0.0093
6/7/2010,5034,5132.95,5132.95,5004.25,175.61B,-0.0198
6/4/2010,5135.5,5112.6,5147.9,5091.6,174.56B,0.0049
6/3/2010,5110.5,5020.15,5125.7,5020.15,174.61B,0.0181
6/2/2010,5019.85,4970.75,5031.2,4967.05,217.93B,0.01
6/1/2010,4970.2,5086.25,5086.95,4961.05,183.23B,-0.0228
5/31/2010,5086.3,5076.1,5097.6,5038.55,179.56B,0.0039
5/28/2010,5066.55,5005.6,5077.25,5005.6,188.07B,0.0127
5/27/2010,5003.1,4915.15,5016.6,4897.6,238.53B,0.0174
5/26/2010,4917.4,4807.3,4925.45,4807.3,221.98B,0.023
5/25/2010,4806.75,4945.3,4946.6,4786.45,198.19B,-0.0278
5/24/2010,4943.95,4944.3,5029.55,4923.45,184.43B,0.0026
5/21/2010,4931.15,4946.7,4946.7,4842.3,230.48B,-0.0033
5/20/2010,4947.6,4924.3,4980.25,4924.3,197.30B,0.0057
5/19/2010,4919.65,5065.1,5065.1,4908.15,212.95B,-0.0289
5/18/2010,5066.2,5059.55,5105.2,5024.25,137.03B,0.0012
5/17/2010,5059.9,5093.9,5094.55,4966.25,169.31B,-0.0066
5/14/2010,5093.5,5180.55,5192.75,5070.95,144.38B,-0.0165
5/13/2010,5178.9,5157.55,5212.7,5147.95,179.38B,0.0043
5/12/2010,5156.65,5133.75,5172.85,5098.8,187.11B,0.004
5/11/2010,5136.15,5189.75,5206.7,5126.5,168.75B,-0.0111
5/10/2010,5193.6,5026.6,5203.3,5026.6,191.63B,0.035
5/7/2010,5018.05,5072.3,5085.65,4984.6,233.35B,-0.0143
5/6/2010,5090.85,5124.4,5124.9,5037.75,192.11B,-0.0066
5/5/2010,5124.9,5148.35,5148.35,5056.5,207.68B,-0.0046
5/4/2010,5148.5,5223.9,5250.15,5134.85,145.54B,-0.0142
5/3/2010,5222.75,5278.4,5278.7,5210.05,111.45B,-0.0105
4/30/2010,5278,5254.2,5294.8,5254.2,152.49B,0.0045
4/29/2010,5254.15,5215.25,5264.75,5214.8,171.68B,0.0074
4/28/2010,5215.45,5308.2,5308.25,5202.45,178.64B,-0.0175
4/27/2010,5308.35,5322.1,5330.55,5301.4,144.43B,-0.0026
4/26/2010,5322.45,5299.35,5342.35,5299.35,127.02B,0.0035
4/23/2010,5304.1,5269.65,5311.05,5269.65,154.12B,0.0066
4/22/2010,5269.35,5248.6,5331.8,5221.1,180.29B,0.0047
4/21/2010,5244.9,5230.3,5266.3,5230.3,196.90B,0.0028
4/20/2010,5230.1,5208.3,5257.25,5208.3,199.48B,0.0051
4/19/2010,5203.65,5279.05,5279.05,5160.9,155.32B,-0.0112
4/16/2010,5262.6,5273.4,5283.05,5237.55,151.01B,-0.0021
4/15/2010,5273.6,5323.3,5373.15,5265.3,195.01B,-0.0093
4/13/2010,5322.95,5340.85,5356.5,5301.7,126.58B,-0.0031
4/12/2010,5339.7,5354.15,5382.15,5324.9,134.90B,-0.0041
4/9/2010,5361.75,5302.4,5377.45,5302.25,154.50B,0.0108
4/8/2010,5304.45,5376.3,5383.65,5290.25,156.58B,-0.0131
4/7/2010,5374.65,5365.7,5399.65,5345.05,166.79B,0.0016
4/6/2010,5366,5369.65,5388.65,5351.7,147.05B,-0.0004
4/5/2010,5368.4,5291.4,5377.55,5291.4,132.42B,0.0147
4/1/2010,5290.5,5249.2,5298.6,5249.2,127.77B,0.0079
3/31/2010,5249.1,5260.4,5293.9,5235.15,147.62B,-0.0025
3/30/2010,5262.45,5302.95,5325,5251.35,133.48B,-0.0076
3/29/2010,5302.85,5283.9,5329.55,5242.15,132.19B,0.0039
3/26/2010,5282,5260.55,5293.75,5260.55,140.97B,0.0041
3/25/2010,5260.4,5225.3,5267.3,5202.95,207.84B,0.0067
3/23/2010,5225.3,5205.85,5243.6,5193.4,146.48B,0.0039
3/22/2010,5205.2,5260.95,5260.95,5187.05,130.04B,-0.0109
3/19/2010,5262.8,5246.8,5269.95,5237.1,136.87B,0.0032
3/18/2010,5245.9,5232.55,5255.65,5214.4,160.34B,0.0027
3/17/2010,5231.9,5198.45,5260.5,5177.15,169.77B,0.0065
3/16/2010,5198.1,5128.95,5209.25,5125.7,120.69B,0.0135
3/15/2010,5128.9,5134.45,5151.05,5101.2,134.88B,-0.0016
3/12/2010,5137,5131.8,5158.1,5122.1,152.56B,0.0007
3/11/2010,5133.4,5116.35,5152.6,5102.1,155.70B,0.0034
3/10/2010,5116.25,5101.6,5137.4,5092.05,167.17B,0.0029
3/9/2010,5101.5,5121.05,5131.8,5094.35,158.74B,-0.0044
3/8/2010,5124,5092.15,5147.1,5092.15,188.57B,0.0069
3/5/2010,5088.7,5080.55,5118.65,5068.05,209.61B,0.0017
3/4/2010,5080.25,5096.95,5096.95,5049,205.11B,-0.0015
3/3/2010,5088.1,5015.8,5093.25,5015.1,191.79B,0.0142
3/2/2010,5017,4935.6,5029.45,4935.35,233.13B,0.0192
2/26/2010,4922.3,4858.5,4992,4858.45,341.14B,0.0129
2/25/2010,4859.75,4859,4880.15,4835.6,179.44B,0.0002
2/24/2010,4858.6,4869.55,4880.55,4834.65,141.21B,-0.0024
2/23/2010,4870.05,4856.6,4884.1,4833.15,129.23B,0.0028
2/22/2010,4856.4,4849.35,4912.05,4845.9,149.36B,0.0024
2/19/2010,4844.9,4887.3,4887.3,4805.55,194.31B,-0.0088
2/18/2010,4887.75,4915.1,4922.05,4873.7,193.51B,-0.0053
2/17/2010,4914,4858.65,4929.7,4857.6,176.50B,0.012
2/16/2010,4855.75,4801.8,4880,4791.35,156.01B,0.0112
2/15/2010,4801.95,4827.9,4845.6,4783.9,153.76B,-0.0052
2/11/2010,4826.85,4757.25,4843.8,4757.25,142.64B,0.0146
2/10/2010,4757.2,4793,4826.85,4748.1,185.05B,-0.0074
2/9/2010,4792.65,4760.55,4810.4,4739.35,175.45B,0.0068
2/8/2010,4760.4,4755.35,4799.05,4675.4,205.36B,0.0007
2/6/2010,4757.25,4712.75,4768.15,4712.75,22.09B,0.0082
2/5/2010,4718.65,4819.65,4827,4692.35,222.36B,-0.0261
2/4/2010,4845.35,4931.3,4931.3,4832.35,167.82B,-0.0175
2/3/2010,4931.85,4831,4949.15,4831,163.10B,0.0211
2/2/2010,4830.1,4907.85,4951.15,4814.1,235.09B,-0.0142
2/1/2010,4899.7,4882.05,4918.8,4827.15,226.82B,0.0036
1/29/2010,4882.05,4866.15,4893.7,4766,265.19B,0.003
1/28/2010,4867.25,4863,4929.9,4824.95,275.87B,0.0029
1/27/2010,4853.1,5008.5,5008.5,4833.05,274.77B,-0.0309
1/25/2010,5007.9,5034.55,5035.7,4983.05,166.40B,-0.0056
1/22/2010,5036,5094.15,5094.15,4954.85,270.25B,-0.0114
1/21/2010,5094.15,5220.2,5220.35,5085.45,190.01B,-0.0244
1/20/2010,5221.7,5226.1,5256.7,5201.4,167.87B,-0.0008
1/19/2010,5225.65,5274.2,5287.8,5218.65,141.43B,-0.0093
1/18/2010,5274.85,5253.65,5292.5,5228.95,153.69B,0.0043
1/15/2010,5252.2,5259.9,5279.85,5242.45,167.24B,-0.0015
1/14/2010,5259.9,5234.5,5272.85,5232.5,171.28B,0.005
1/13/2010,5233.95,5212.6,5239.2,5169.55,200.77B,0.0045
1/12/2010,5210.4,5251.1,5300.5,5200.95,206.75B,-0.0074
1/11/2010,5249.4,5263.8,5287.2,5227.8,238.01B,0.0009
1/8/2010,5244.75,5264.25,5276.75,5234.7,201.91B,-0.0035
1/7/2010,5263.1,5281.8,5302.55,5244.75,181.25B,-0.0035
1/6/2010,5281.8,5278.15,5310.85,5260.05,216.15B,0.0007
1/5/2010,5277.9,5277.15,5288.35,5242.4,240.84B,0.0087
1/4/2010,5232.2,5200.9,5238.45,5167.1,148.65B,0.006
12/31/2009,5201.05,5171.2,5221.85,5168.75,188.09B,0.0061
12/30/2009,5169.45,5188.75,5197.05,5160.1,147.55B,-0.0036
12/29/2009,5187.95,5180.75,5214.6,5175.85,160.53B,0.0018
12/24/2009,5178.4,5144.8,5197.9,5129.05,202.18B,0.0066
12/23/2009,5144.6,4990.05,5150.6,4990.05,250.73B,0.0318
12/22/2009,4985.85,4953.35,4997.3,4953.35,164.38B,0.0067
12/21/2009,4952.6,4983.65,4997.85,4943.95,168.16B,-0.007
12/18/2009,4987.7,5042,5043.4,4979.05,199.33B,-0.0107
12/17/2009,5041.75,5046.65,5064.2,5013.15,219.47B,-0.0001
12/16/2009,5042.05,5032.95,5067.25,5001.8,202.11B,0.0018
12/15/2009,5033.05,5105.75,5129.45,5018.25,198.96B,-0.0142
12/14/2009,5105.7,5117.45,5156.7,5090.15,171.69B,-0.0023
12/11/2009,5117.3,5136.05,5182.55,5088.4,207.03B,-0.0034
12/10/2009,5134.65,5112.4,5146.45,5084.65,212.78B,0.0044
12/9/2009,5112,5147.65,5147.65,5090.6,240.04B,-0.007
12/8/2009,5147.95,5068.55,5152.55,5058.9,222.74B,0.016
12/7/2009,5066.7,5108.85,5131.3,5051.55,213.12B,-0.0083
12/4/2009,5108.9,5131.7,5161.8,5081.85,207.47B,-0.0044
12/3/2009,5131.7,5124.55,5181,5106.6,225.73B,0.0016
12/2/2009,5123.25,5122.75,5161.75,5111.75,284.76B,0.0002
12/1/2009,5122,5039.7,5130.35,5038.85,301.88B,0.0177
11/30/2009,5032.7,4942.25,5066.35,4942.25,299.57B,0.0184
11/27/2009,4941.75,5005.05,5005.05,4806.7,304.96B,-0.0127
11/26/2009,5005.55,5116.45,5116.45,4986.05,250.07B,-0.0201
11/25/2009,5108.15,5091.55,5138,5078.35,185.17B,0.0035
11/24/2009,5090.55,5105,5112.85,5053.5,201.32B,-0.0025
11/23/2009,5103.55,5052.95,5113.1,5052.1,193.88B,0.0101
11/20/2009,5052.45,4988.75,5063.3,4932.8,289.29B,0.0127
11/19/2009,4989,5043.95,5053.45,4963.7,286.20B,-0.013
11/18/2009,5054.7,5061.5,5079.3,5041.65,204.35B,-0.0015
11/17/2009,5062.25,5058.95,5074,5010.15,211.03B,0.0008
11/16/2009,5058.05,4996.5,5073.2,4994,218.55B,0.0118
11/13/2009,4998.95,4952.35,5017.9,4942.65,217.42B,0.0093
11/12/2009,4952.65,5004.4,5014.4,4924.75,282.05B,-0.0103
11/11/2009,5003.95,4882.3,5016.7,4870.05,251.12B,0.025
11/10/2009,4881.7,4898.9,4947.7,4860.1,273.28B,-0.0034
11/9/2009,4898.4,4796.15,4905.25,4789.9,242.56B,0.0213
11/6/2009,4796.15,4767.5,4836.2,4764.85,279.50B,0.0064
11/5/2009,4765.55,4711.65,4776.35,4610.6,337.19B,0.0116
11/4/2009,4710.8,4567.3,4717.8,4565,342.88B,0.0322
11/3/2009,4563.9,4712.25,4729.85,4538.5,319.39B,-0.0314
10/30/2009,4711.7,4751.1,4853.65,4687.5,321.18B,-0.0082
10/29/2009,4750.55,4826.1,4826.1,4738.4,354.05B,-0.0157
10/28/2009,4826.15,4846.55,4867,4784.1,291.61B,-0.0042
10/27/2009,4846.7,4970.55,4970.55,4829.5,324.13B,-0.025
10/26/2009,4970.9,4997.15,5033.75,4961.35,201.76B,-0.0052
10/23/2009,4997.05,4986.55,5054.95,4983.25,223.34B,0.0017
10/22/2009,4988.6,5063.35,5064.25,4968.45,219.15B,-0.0148
10/21/2009,5063.6,5114.85,5117.45,5051.65,206.63B,-0.0099
10/20/2009,5114.45,5145.6,5181.95,5102.65,199.62B,-0.0053
10/17/2009,5141.8,5159.35,5176.8,5124.25,41.29B,-0.0001
10/16/2009,5142.15,5108.65,5149.65,5093.2,208.18B,0.0065
10/15/2009,5108.85,5118.55,5152.25,5077.1,258.10B,-0.0018
10/14/2009,5118.2,5054.35,5127.4,5054.35,243.36B,0.0127
10/12/2009,5054.25,4945.45,5068.05,4945.45,187.30B,0.0221
10/9/2009,4945.2,4993,5032.6,4934.55,215.44B,-0.0114
10/8/2009,5002.25,5011.25,5043.05,4971.75,294.68B,0.0033
10/7/2009,4985.75,5031.7,5077,4972.95,266.22B,-0.0083
10/6/2009,5027.4,5003.65,5034.7,4921.05,367.28B,0.0048
10/5/2009,5003.2,5076.05,5076.05,4991.95,239.33B,-0.0158
10/1/2009,5083.4,5087.2,5110.5,5057.05,224.76B,-0.0001
9/30/2009,5083.95,5007.65,5087.6,5004.35,184.79B,0.0154
9/29/2009,5006.85,4959.15,5020.25,4959.1,174.80B,0.0097
9/25/2009,4958.95,4985.1,4994.35,4931.25,179.96B,-0.0055
9/24/2009,4986.55,4977.15,5016.7,4904.05,266.93B,0.0033
9/23/2009,4969.95,5019.95,5030.75,4957.05,213.35B,-0.01
9/22/2009,5020.2,4977.1,5036.3,4977.1,189.01B,0.0089
9/18/2009,4976.05,4963.95,4980.85,4931.9,222.10B,0.0021
9/17/2009,4965.55,4958.55,5003.05,4944.15,270.02B,0.0014
9/16/2009,4958.4,4894.65,4966.3,4894.65,240.10B,0.0136
9/15/2009,4892.1,4808.35,4899.45,4808.35,215.33B,0.0174
9/14/2009,4808.6,4830.35,4832.25,4786.25,168.56B,-0.0043
9/11/2009,4829.55,4819.4,4856.15,4791.55,236.39B,0.0021
9/10/2009,4819.4,4814.35,4889.05,4807.9,235.71B,0.0011
9/9/2009,4814.25,4804.9,4825.05,4783.5,239.16B,0.0019
9/8/2009,4805.25,4782.85,4842.2,4782.65,310.69B,0.0047
9/7/2009,4782.9,4682.4,4790,4679.3,243.16B,0.0219
9/4/2009,4680.4,4608.7,4697.2,4580.35,243.56B,0.0189
9/3/2009,4593.55,4608.75,4647.35,4581.05,245.96B,-0.0032
9/2/2009,4608.35,4624,4650.45,4576.6,265.75B,-0.0037
9/1/2009,4625.35,4662.2,4735.9,4600.65,332.64B,-0.0079
8/31/2009,4662.1,4730.85,4730.85,4635,355.95B,-0.0148
8/28/2009,4732.35,4688.4,4743.75,4651.4,285.79B,0.0094
8/27/2009,4688.2,4679,4707.9,4645.15,231.00B,0.0016
8/26/2009,4680.85,4659.45,4697.8,4659.1,208.84B,0.0046
8/25/2009,4659.35,4641.65,4672.9,4582.5,249.00B,0.0036
8/24/2009,4642.8,4536.95,4656.3,4536.95,207.90B,0.0252
8/21/2009,4528.8,4453.45,4538.7,4400.9,185.69B,0.0169
8/20/2009,4453.45,4394.35,4492.8,4394.35,166.60B,0.0135
8/19/2009,4394.1,4457.75,4477.55,4353.45,254.67B,-0.0145
8/18/2009,4458.9,4389.5,4491.45,4372.65,265.22B,0.0162
8/17/2009,4387.9,4578.8,4578.8,4374.6,252.33B,-0.042
8/14/2009,4580.05,4605.15,4619,4559.35,222.99B,-0.0054
8/13/2009,4605,4458.55,4614.15,4458.55,253.54B,0.0331
8/12/2009,4457.5,4473.8,4473.8,4359.4,274.15B,-0.0031
8/11/2009,4471.35,4435,4510.8,4398.9,250.13B,0.0076
8/10/2009,4437.65,4486.5,4562.5,4399.85,284.08B,-0.0098
8/7/2009,4481.4,4591.9,4591.9,4463.95,266.87B,-0.0227
8/6/2009,4585.5,4694.35,4718.15,4559.2,278.15B,-0.0231
8/5/2009,4694.15,4680.95,4717.2,4629.85,244.64B,0.0029
8/4/2009,4680.5,4706.25,4731.45,4642.6,322.87B,-0.0066
8/3/2009,4711.4,4633.8,4723.75,4617.75,277.00B,0.0162
7/31/2009,4636.45,4571.6,4669.75,4571.6,300.44B,0.0142
7/30/2009,4571.45,4513.1,4582.35,4474.5,338.98B,0.0128
7/29/2009,4513.5,4565.8,4573.85,4420.8,368.04B,-0.0111
7/28/2009,4564.1,4572.8,4599.9,4529.15,382.34B,-0.0018
7/27/2009,4572.3,4568.65,4596.75,4528.5,277.02B,0.0008
7/24/2009,4568.55,4524.8,4578.75,4504.85,351.26B,0.0099
7/23/2009,4523.75,4409.7,4532.4,4405.95,273.05B,0.0284
7/22/2009,4398.9,4469.3,4557.95,4380.45,337.80B,-0.0157
7/21/2009,4469.1,4501.5,4524,4436.6,311.98B,-0.0074
7/20/2009,4502.25,4377.9,4510.3,4377.9,280.31B,0.0291
7/17/2009,4374.95,4231.45,4390.4,4230.15,250.23B,0.0339
7/16/2009,4231.4,4223.5,4305,4205.5,292.29B,-0.0005
7/15/2009,4233.5,4120.8,4249.55,4118.75,254.61B,0.0297
7/14/2009,4111.4,3974.1,4128.9,3974.1,242.08B,0.0346
7/13/2009,3974.05,4003.4,4003.4,3918.75,273.19B,-0.0075
7/10/2009,4003.9,4081.4,4129.95,3976.8,303.00B,-0.0189
7/9/2009,4080.95,4078.75,4114.9,4039.85,406.36B,0.0005
7/8/2009,4078.9,4201.85,4201.85,4061.1,339.58B,-0.0293
7/7/2009,4202.15,4166,4231.8,4155.5,290.92B,0.0087
7/6/2009,4165.7,4429.6,4479.8,4133.7,365.74B,-0.0584
7/3/2009,4424.25,4347.3,4434.45,4298.95,224.68B,0.0173
7/2/2009,4348.85,4373.5,4383.65,4288.75,259.08B,0.0018
7/1/2009,4340.9,4292.3,4362.3,4249.7,289.98B,0.0116
6/30/2009,4291.1,4391.5,4426.75,4267.35,336.65B,-0.0227
6/29/2009,4390.95,4375.4,4439.95,4350.9,293.32B,0.0035
6/26/2009,4375.5,4243.95,4383.75,4243.95,284.57B,0.0315
6/25/2009,4241.85,4293.85,4337.95,4221.15,407.99B,-0.0119
6/24/2009,4292.95,4247.3,4307,4218.25,311.20B,0.0108
6/23/2009,4247,4223.3,4267.45,4143.25,339.99B,0.0028
6/22/2009,4235.25,4314.2,4352.25,4221.9,270.81B,-0.0182
6/19/2009,4313.6,4251.1,4326.2,4206.7,350.07B,0.0146
6/18/2009,4251.4,4352.95,4375.3,4222.15,373.40B,-0.024
6/17/2009,4356.15,4515.35,4517.8,4332.8,339.45B,-0.0358
6/16/2009,4517.8,4478.1,4537.95,4405.95,320.01B,0.0075
6/15/2009,4484,4584.65,4601.05,4469.6,322.45B,-0.0217
6/12/2009,4583.4,4637.55,4693.2,4566.15,351.58B,-0.0117
6/11/2009,4637.7,4657.4,4679.55,4586.15,391.60B,-0.0038
6/10/2009,4655.25,4551.7,4688.95,4551.7,392.19B,0.0229
6/9/2009,4550.95,4427.75,4562.45,4365.1,414.28B,0.0273
6/8/2009,4429.9,4582.35,4611.4,4404.65,370.09B,-0.0342
6/5/2009,4586.9,4573.3,4636.85,4561.95,409.91B,0.0031
6/4/2009,4572.65,4530.3,4582.2,4453.45,424.05B,0.0093
6/3/2009,4530.7,4525.5,4574.9,4478.6,415.83B,0.0012
6/2/2009,4525.25,4530.45,4586.4,4451.3,396.33B,-0.001
6/1/2009,4529.9,4450.4,4545.4,4450.4,464.26B,0.0182
5/29/2009,4448.95,4340.75,4488.05,4340.75,506.80B,0.0258
5/28/2009,4337.1,4276.15,4354.85,4254.85,460.44B,0.0143
5/27/2009,4276.05,4117.3,4286.45,4115.25,353.50B,0.0387
5/26/2009,4116.7,4239.55,4256.05,4092.25,308.74B,-0.0285
5/25/2009,4237.55,4238.1,4270.05,4205.1,299.30B,-0.0002
5/22/2009,4238.5,4211.85,4249.5,4155.85,284.17B,0.0066
5/21/2009,4210.9,4270.35,4319,4199.2,353.07B,-0.0139
5/20/2009,4270.3,4318.75,4362.85,4244.7,471.34B,-0.0111
5/19/2009,4318.45,4324.95,4509.4,4167.65,670.98B,-0.0011
5/18/2009,4323.15,3673.15,4384.3,3673.15,2.77B,0.1774
5/15/2009,3671.65,3597.85,3686.25,3597.85,300.88B,0.0218
5/14/2009,3593.45,3631.9,3631.9,3537.6,288.15B,-0.0115
5/13/2009,3635.25,3668.75,3709.6,3610.2,354.31B,-0.0125
5/12/2009,3681.1,3554.65,3691.65,3534.2,366.06B,0.0356
5/11/2009,3554.6,3615.75,3660.2,3534.55,285.34B,-0.0183
5/8/2009,3620.7,3681.8,3711.25,3582.85,291.29B,-0.0172
5/7/2009,3683.9,3617.15,3692.05,3617.15,326.30B,0.0162
5/6/2009,3625.05,3662,3717.05,3608.65,408.10B,-0.0101
5/5/2009,3661.9,3664.5,3682.2,3618.75,442.07B,0.0022
5/4/2009,3654,3478.7,3664.5,3478.7,363.87B,0.0518
4/29/2009,3473.95,3371.65,3486.4,3366.7,483.58B,0.0332
4/28/2009,3362.35,3469.5,3471.95,3351.5,287.14B,-0.031
4/27/2009,3470,3481.3,3517.25,3435.3,315.94B,-0.0031
4/24/2009,3480.75,3423.6,3491.35,3402.9,306.13B,0.0167
4/23/2009,3423.7,3330.5,3439.9,3310.5,312.63B,0.028
4/22/2009,3330.3,3364.6,3401.1,3296.9,327.29B,-0.0104
4/21/2009,3365.3,3376.85,3414.7,3309.35,344.67B,-0.0035
4/20/2009,3377.1,3384.75,3441.1,3339.45,341.80B,-0.0022
4/17/2009,3384.4,3369.5,3489.85,3359.25,491.16B,0.0044
4/16/2009,3369.5,3484.35,3511.25,3354.2,559.55B,-0.0329
4/15/2009,3484.15,3381.45,3497.55,3311.8,458.49B,0.03
4/13/2009,3382.6,3342.2,3417.8,3334.15,331.53B,0.0121
4/9/2009,3342.05,3346,3401.15,3307.05,414.64B,-0.0003
4/8/2009,3342.95,3255.35,3357.05,3149.25,409.03B,0.0265
4/6/2009,3256.6,3211.35,3303.9,3211.35,357.07B,0.0142
4/2/2009,3211.05,3061.05,3228.75,3061.05,370.84B,0.0492
4/1/2009,3060.35,3023.85,3069.3,2965.7,319.35B,0.013
3/31/2009,3020.95,2981.7,3054.3,2966.4,341.40B,0.0144
3/30/2009,2978.15,3108.75,3110.2,2962.4,275.78B,-0.042
3/27/2009,3108.65,3079.4,3123.35,3055.9,323.37B,0.0086
3/26/2009,3082.25,2982.25,3103.35,2982.25,416.18B,0.0328
3/25/2009,2984.35,2938.8,2996.5,2923.3,383.65B,0.0155
3/24/2009,2938.7,2923.8,3017.4,2914.5,383.08B,-0.0004
3/23/2009,2939.9,2807.25,2949.75,2807.25,250.48B,0.0473
3/20/2009,2807.05,2807.35,2816.1,2773.65,186.84B,0
3/19/2009,2807.15,2797.05,2822.25,2771.35,223.41B,0.0045
3/18/2009,2794.7,2757.65,2836.05,2752.25,261.79B,0.0135
3/17/2009,2757.45,2776.35,2805.6,2738.7,288.78B,-0.0071
3/16/2009,2777.25,2716.05,2781.95,2701.95,263.13B,0.0213
3/13/2009,2719.25,2616.6,2726.15,2616.6,263.89B,0.0389
3/12/2009,2617.45,2574.5,2646.1,2574.5,213.79B,0.0172
3/9/2009,2573.15,2620.1,2621.25,2555.6,166.41B,-0.0179
3/6/2009,2620.15,2576.75,2628.1,2539.45,242.51B,0.0169
3/5/2009,2576.7,2645.9,2663.9,2564.1,244.87B,-0.0259
3/4/2009,2645.2,2611.95,2655.7,2611.95,202.95B,0.0087
3/3/2009,2622.4,2672.15,2688.5,2611.55,217.64B,-0.0195
3/2/2009,2674.6,2764.6,2764.6,2659.55,194.23B,-0.0322
2/27/2009,2763.65,2785.7,2787.2,2708.45,231.16B,-0.0079
2/26/2009,2785.65,2762.2,2797.8,2731.9,250.17B,0.0084
2/25/2009,2762.5,2733.45,2789.35,2733.45,176.81B,0.0105
2/24/2009,2733.9,2737.25,2746.2,2677.55,182.64B,-0.0009
2/20/2009,2736.45,2789.3,2789.3,2709.3,154.75B,-0.019
2/19/2009,2789.35,2776.7,2802.15,2767.6,174.59B,0.0048
2/18/2009,2776.15,2755.15,2806.5,2736.65,214.16B,0.002
2/17/2009,2770.5,2853.85,2854.65,2757.3,191.43B,-0.0274
2/16/2009,2848.5,2948.25,2953.2,2839.1,244.94B,-0.0339
2/13/2009,2948.35,2896.95,2969.75,2896.85,195.72B,0.0191
2/12/2009,2893.05,2927.4,2939,2886.55,214.71B,-0.0112
2/11/2009,2925.7,2933,2937.5,2877.6,243.27B,-0.003
2/10/2009,2934.5,2919.7,2957.4,2891.75,301.75B,0.005
2/9/2009,2919.9,2843.05,2926.75,2840.15,117.63B,0.027
2/6/2009,2843.1,2779.35,2852.5,2778.65,187.96B,0.0227
2/5/2009,2780.05,2802.75,2816.8,2754.85,178.48B,-0.0082
2/4/2009,2803.05,2780.7,2842.2,2780.7,204.15B,0.0069
2/3/2009,2783.9,2773.5,2831.7,2752.9,252.55B,0.0062
2/2/2009,2766.65,2872.35,2873.45,2760.7,234.94B,-0.0376
1/30/2009,2874.8,2824.05,2881,2774.1,295.00B,0.018
1/29/2009,2823.95,2849.35,2873.85,2795.35,330.75B,-0.009
1/28/2009,2849.5,2771.1,2855.4,2765.6,274.48B,0.0282
1/27/2009,2771.35,2686.05,2777.3,2685.25,218.65B,0.0346
1/23/2009,2678.55,2705.45,2765.55,2661.65,211.29B,-0.013
1/22/2009,2713.8,2714.7,2744.85,2681.4,229.57B,0.0028
1/21/2009,2706.15,2777.4,2787.3,2690.2,220.07B,-0.0323
1/20/2009,2796.6,2842.9,2842.9,2758,233.29B,-0.0174
1/19/2009,2846.2,2828.7,2868.2,2819.9,328.34B,0.0063
1/16/2009,2828.45,2737,2835.65,2724.2,229.50B,0.0335
1/15/2009,2736.7,2832.3,2832.3,2701.75,214.28B,-0.0348
1/14/2009,2835.3,2748.4,2853.25,2748.4,217.31B,0.0329
1/13/2009,2744.95,2775,2802.6,2720.8,252.70B,-0.0102
1/12/2009,2773.1,2868.85,2869.2,2748.55,382.11B,-0.0348
1/9/2009,2873,2919.95,2929.85,2810.25,591.98B,-0.0162
1/7/2009,2920.4,3112.8,3147.2,2888.2,686.89B,-0.0618
1/6/2009,3112.8,3121.5,3141.8,3056.1,340.45B,-0.0028
1/5/2009,3121.45,3058.75,3131.95,3056.45,311.93B,0.0245
1/2/2009,3046.75,3034.6,3079.85,3021.8,318.67B,0.0044
1/1/2009,3033.45,2963.3,3039.25,2963.3,226.68B,0.0251
12/31/2008,2959.15,2979.8,3002.65,2937.35,288.83B,-0.0068
12/30/2008,2979.5,2922.55,2999.15,2899.75,302.75B,0.0196
12/29/2008,2922.2,2857.15,2931.8,2812.9,335.17B,0.0227
12/26/2008,2857.25,2919.85,2960.95,2844.8,237.94B,-0.0204
12/24/2008,2916.85,2967.4,2968,2900.45,380.46B,-0.0174
12/23/2008,2968.65,3039.25,3040,2957.05,303.13B,-0.0232
12/22/2008,3039.3,3077.25,3110.45,3027.8,315.83B,-0.0124
12/19/2008,3077.5,3063,3106.8,3036.3,386.31B,0.0055
12/18/2008,3060.75,2955.35,3072.55,2922.65,377.03B,0.036
12/17/2008,2954.35,3040.45,3076.2,2943.5,344.61B,-0.0287
12/16/2008,3041.75,2983.6,3052.55,2963.3,270.62B,0.0203
12/15/2008,2981.2,2917.9,3012.1,2917.9,293.74B,0.0205
12/12/2008,2921.35,2915.35,2936.8,2812.55,38.34B,0.0004
12/11/2008,2920.15,2934.05,2945.3,2861.55,352.21B,-0.0028
12/10/2008,2928.25,2785.7,2940.15,2785.7,370.60B,0.0518
12/8/2008,2784,2714.7,2861.55,2714.7,311.40B,0.0256
12/5/2008,2714.4,2786.65,2821.15,2701.35,319.25B,-0.0264
12/4/2008,2788,2656.5,2793.8,2646.35,324.14B,0.0495
12/3/2008,2656.45,2657.5,2693.65,2611.95,282.54B,-0.0005
12/2/2008,2657.8,2672.9,2672.9,2570.7,261.05B,-0.0094
12/1/2008,2682.9,2755.15,2832.85,2669.5,257.84B,-0.0262
11/28/2008,2755.1,2745.7,2779,2690.3,296.32B,0.001
11/26/2008,2752.25,2652.45,2762.6,2643.35,269.95B,0.037
11/25/2008,2654,2708.3,2790.7,2638.2,214.27B,-0.02
11/24/2008,2708.25,2690.85,2740.35,2633.8,236.73B,0.0055
11/21/2008,2693.45,2553.6,2718.6,2539.8,281.16B,0.055
11/20/2008,2553.15,2634.2,2634.2,2502.9,204.79B,-0.0311
11/19/2008,2635,2682.75,2772.4,2617.9,230.51B,-0.0179
11/18/2008,2683.15,2802.45,2802.45,2664.3,220.18B,-0.0416
11/17/2008,2799.55,2813.4,2835.7,2694.5,251.22B,-0.0038
11/14/2008,2810.35,2848,2938.8,2778.8,256.74B,-0.0134
11/12/2008,2848.45,2937.9,2975.2,2794.95,250.46B,-0.0307
11/11/2008,2938.65,3147.2,3147.2,2919.45,221.65B,-0.0666
11/10/2008,3148.25,2973.3,3161.25,2973.3,250.70B,0.0589
11/7/2008,2973,2893.25,3010,2860.1,246.64B,0.0278
11/6/2008,2892.65,2998.45,3007.8,2860.25,268.18B,-0.0342
11/5/2008,2994.95,3155.75,3240.55,2971,305.69B,-0.0468
11/4/2008,3142.1,3050.25,3152.3,2985,304.61B,0.0323
11/3/2008,3043.85,2885.4,3062.05,2885.4,240.43B,0.0548
10/31/2008,2885.6,2696.3,2921.35,2696.3,320.46B,0.0699
10/29/2008,2697.05,2685.3,2781.25,2631.9,361.64B,0.0046
10/28/2008,2684.6,2526.2,2695.95,2526.2,512.06B,0.0635
10/27/2008,2524.2,2583.75,2585.3,2252.75,341.12B,-0.0231
10/24/2008,2584,2936.25,2936.25,2525.05,348.59B,-0.122
10/23/2008,2943.15,3064.8,3085.1,2917.15,234.03B,-0.0398
10/22/2008,3065.15,3234.7,3235.75,3051.8,171.32B,-0.0525
10/21/2008,3234.9,3125.4,3254.85,3117.35,225.59B,0.0359
10/20/2008,3122.8,3108.2,3238.4,3058.95,185.82B,0.0158
10/17/2008,3074.35,3269.05,3335.95,3046.6,193.31B,-0.0596
10/16/2008,3269.3,3333.85,3333.85,3099.9,234.07B,-0.0207
10/15/2008,3338.4,3517.9,3518.5,3324.55,163.72B,-0.0512
10/14/2008,3518.65,3494.1,3648.25,3491.5,177.53B,0.008
10/13/2008,3490.7,3272.9,3510.2,3272.9,195.17B,0.0643
10/10/2008,3279.95,3502.05,3502.05,3198.95,283.84B,-0.0665
10/8/2008,3513.65,3604.4,3604.4,3329.45,228.58B,-0.0258
10/7/2008,3606.6,3606.95,3732.65,3537,210.22B,0.0012
10/6/2008,3602.35,3817.3,3820.85,3581.6,157.49B,-0.0566
10/3/2008,3818.3,3953.55,3969.55,3804.85,172.52B,-0.0335
10/1/2008,3950.75,3921.85,4000.5,3861.25,149.83B,0.0075
9/30/2008,3921.2,3848.7,3966.85,3715.05,217.09B,0.0185
9/29/2008,3850.05,3990.2,3997.55,3777.3,187.24B,-0.0339
9/26/2008,3985.25,4108.75,4110.7,3970.35,133.85B,-0.0305
9/25/2008,4110.55,4162.15,4172.6,4077.5,217.96B,-0.0122
9/24/2008,4161.25,4125.75,4207.95,4115.85,156.07B,0.0083
9/23/2008,4126.9,4223.9,4224.7,4117.9,125.53B,-0.0228
9/22/2008,4223.05,4248.95,4303.25,4202.4,136.01B,-0.0052
9/19/2008,4245.25,4040.8,4262.65,4040.8,205.15B,0.0513
9/18/2008,4038.15,4005.25,4050.1,3799.55,203.05B,0.0075
9/17/2008,4008.25,4074.8,4116.7,3974.6,153.24B,-0.0164
9/16/2008,4074.9,4072.55,4090.1,3919.35,159.51B,0.0005
9/15/2008,4072.9,4231.95,4237.25,3955.4,147.16B,-0.0368
9/12/2008,4228.45,4291.6,4323.9,4200.15,145.75B,-0.0144
9/11/2008,4290.3,4397.25,4399.3,4272.75,116.72B,-0.025
9/10/2008,4400.25,4467.5,4467.5,4382.35,134.79B,-0.0153
9/9/2008,4468.7,4485.15,4497.5,4418.95,95.54B,-0.003
9/8/2008,4482.3,4358.3,4558,4358.3,117.22B,0.0299
9/5/2008,4352.3,4444.7,4444.7,4328.9,108.53B,-0.0215
9/4/2008,4447.75,4512.95,4514.6,4419.45,114.63B,-0.0125
9/2/2008,4504,4358.85,4522.4,4343.1,129.29B,0.0357
9/1/2008,4348.65,4356.1,4365,4281.35,82.97B,-0.0026
8/29/2008,4360,4230.6,4368.8,4230.6,111.46B,0.0346
8/28/2008,4214,4290.75,4304.5,4201.85,160.48B,-0.0182
8/27/2008,4292.1,4336.85,4364.25,4282.65,84.38B,-0.0105
8/26/2008,4337.5,4335.2,4345.05,4283.3,86.26B,0.0005
8/25/2008,4335.35,4317.95,4398.8,4317.95,79.24B,0.0018
8/22/2008,4327.45,4283.85,4337,4248,101.43B,0.0102
8/21/2008,4283.85,4416.2,4418.55,4271.3,91.31B,-0.0299
8/20/2008,4415.75,4365.45,4434.9,4365.45,89.40B,0.0109
8/19/2008,4368.25,4393.1,4393.7,4316.55,96.48B,-0.0056
8/18/2008,4393.05,4430.7,4447.4,4379.85,96.20B,-0.0085
8/14/2008,4430.7,4524.2,4529.8,4421.25,94.98B,-0.0217
8/13/2008,4529.05,4548.05,4572.65,4497.25,105.39B,-0.0051
8/12/2008,4552.25,4620.95,4649.85,4525.75,123.23B,-0.0147
8/11/2008,4620.4,4529.35,4625.2,4529.35,112.94B,0.0201
8/8/2008,4529.5,4518.35,4546.35,4464,114.20B,0.0012
8/7/2008,4523.85,4515.25,4580.15,4493.7,133.71B,0.0014
8/6/2008,4517.55,4506.25,4615.9,4503.9,175.50B,0.0033
8/5/2008,4502.85,4395.8,4515.15,4376,193.93B,0.0245
8/4/2008,4395.35,4426.1,4436.15,4362.9,131.34B,-0.0041
8/1/2008,4413.55,4331.6,4422.95,4235.7,178.08B,0.0186
7/31/2008,4332.95,4314.35,4342,4285.55,199.68B,0.0045
7/30/2008,4313.55,4191.2,4327,4191.2,151.94B,0.0295
7/29/2008,4189.85,4332.2,4332.2,4159.15,125.81B,-0.0328
7/28/2008,4332.1,4282.25,4352.65,4282.25,111.11B,0.0047
7/25/2008,4311.85,4440.85,4440.85,4297.15,161.63B,-0.0274
7/24/2008,4433.55,4476.2,4539.45,4385.85,176.95B,-0.0097
7/23/2008,4476.8,4246.7,4491.55,4246.7,233.62B,0.0558
7/22/2008,4240.1,4158.45,4262.45,4137.95,165.65B,0.0194
7/21/2008,4159.5,4092.2,4168.15,4072.75,136.66B,0.0164
7/18/2008,4092.25,3962.95,4110.55,3926.3,175.07B,0.0367
7/17/2008,3947.2,3823.15,3968.75,3823.15,179.94B,0.0342
7/16/2008,3816.7,3861.55,3920.05,3790.2,175.51B,-0.0115
7/15/2008,3861.1,4039.3,4040.7,3835.5,141.87B,-0.0442
7/14/2008,4039.7,4047.45,4118.1,4004.25,125.91B,-0.0023
7/11/2008,4049,4166,4215.5,4014.45,136.82B,-0.0272
7/10/2008,4162.2,4155.65,4187.95,4110.4,146.41B,0.0012
7/9/2008,4157.1,3990.9,4169.4,3990.9,144.53B,0.0423
7/8/2008,3988.55,4028.7,4028.7,3896.05,135.09B,-0.0103
7/7/2008,4030,4002,4114.5,4002,125.74B,0.0035
7/4/2008,4016,3926.65,4033.5,3896.4,152.04B,0.023
7/3/2008,3925.75,4094.6,4097.35,3874.85,154.49B,-0.0409
7/2/2008,4093.35,3895.3,4107.15,3848.25,199.76B,0.0505
7/1/2008,3896.75,4039.75,4075.4,3878.2,164.47B,-0.0356
6/30/2008,4040.55,4136.25,4163,4021.7,144.49B,-0.0232
6/27/2008,4136.65,4315.3,4315.3,4119.2,177.16B,-0.0415
6/26/2008,4315.85,4252.6,4324.75,4230,195.95B,0.0149
6/25/2008,4252.65,4189.6,4264.55,4093.2,151.94B,0.0147
6/24/2008,4191.1,4271.05,4305.9,4156.1,132.37B,-0.0176
6/23/2008,4266.4,4351.15,4351.15,4225.5,126.31B,-0.0187
6/20/2008,4347.55,4504.2,4532,4333.6,133.10B,-0.0348
6/19/2008,4504.25,4582.55,4585.7,4488.95,102.14B,-0.0171
6/18/2008,4582.4,4652.8,4679.75,4569.9,136.86B,-0.0152
6/17/2008,4653,4572.5,4664.05,4561.75,107.12B,0.0176
6/16/2008,4572.5,4536.3,4617.7,4536.3,111.42B,0.0123
6/13/2008,4517.1,4539.5,4563.35,4491.35,139.53B,-0.0049
6/12/2008,4539.35,4524.4,4550,4392,163.97B,0.0035
6/11/2008,4523.6,4469.65,4541.05,4468.05,166.12B,0.0166
6/10/2008,4449.8,4522,4522.55,4369.8,165.41B,-0.0114
6/9/2008,4500.95,4626.45,4626.45,4411.6,175.25B,-0.0274
6/6/2008,4627.8,4680.55,4746.3,4614.25,132.09B,-0.0105
6/5/2008,4676.95,4586.95,4690.6,4536.25,168.87B,0.0199
6/4/2008,4585.6,4718.7,4731.5,4564.5,154.82B,-0.0276
6/3/2008,4715.9,4739.3,4739.3,4634,140.73B,-0.005
6/2/2008,4739.6,4869.25,4908.8,4713,118.40B,-0.0268
5/30/2008,4870.1,4844.05,4908.85,4833.45,138.61B,0.0072
5/29/2008,4835.3,4926.3,4957.4,4801.9,194.90B,-0.0169
5/28/2008,4918.35,4862.7,4926.9,4835.65,140.74B,0.012
5/27/2008,4859.8,4877.15,4932,4846.2,120.40B,-0.0031
5/26/2008,4875.05,4953.6,4953.6,4858,124.35B,-0.0145
5/23/2008,4946.55,5026.55,5059.05,4940.7,152.37B,-0.0157
5/22/2008,5025.45,5117,5118.9,5010.7,113.50B,-0.018
5/21/2008,5117.65,5105.7,5135.55,5048.7,163.03B,0.0025
5/20/2008,5104.95,5157,5160.05,5072.4,157.36B,-0.0102
5/16/2008,5157.7,5115.65,5167.4,5106.4,153.20B,0.0083
5/15/2008,5115.25,5010.9,5118.55,4999.6,150.79B,0.0207
5/14/2008,5011.75,4958.45,5026.1,4932.05,147.69B,0.0109
5/13/2008,4957.8,5008.6,5066,4943.75,158.38B,-0.0109
5/12/2008,5012.65,4981,5021.75,4913.8,150.70B,0.006
5/9/2008,4982.6,5070.85,5087.65,4969.4,142.29B,-0.0195
5/8/2008,5081.7,5135.8,5143.05,5062.45,127.17B,-0.0105
5/7/2008,5135.5,5156.7,5159.05,5101.25,153.38B,-0.0018
5/6/2008,5144.65,5192.35,5206.5,5110.9,131.30B,-0.0092
5/5/2008,5192.25,5227.25,5254.5,5182.6,125.63B,-0.0069
5/2/2008,5228.2,5265.3,5298.85,5197.6,131.24B,0.0121
4/30/2008,5165.9,5198.35,5230.75,5155.85,146.21B,-0.0057
4/29/2008,5195.5,5092.4,5210.9,5082.15,214.91B,0.0208
4/28/2008,5089.65,5112.5,5147.45,5079.15,110.78B,-0.0043
4/25/2008,5111.7,4999.15,5117.7,4999.15,134.45B,0.0224
4/24/2008,4999.85,5022.9,5072.7,4991.35,154.29B,-0.0046
4/23/2008,5022.8,5044.35,5083.5,5003.55,144.56B,-0.0052
4/22/2008,5049.3,5037.05,5074.25,4994.05,126.75B,0.0024
4/21/2008,5037,4955.9,5053.4,4955.9,110.42B,0.0159
4/17/2008,4958.4,4890.6,4984.95,4889.65,135.28B,0.0145
4/16/2008,4887.3,4881.65,4951.4,4874.05,137.21B,0.0016
4/15/2008,4879.65,4779.95,4917.1,4708.3,152.07B,0.0213
4/11/2008,4777.8,4734.35,4817.4,4727.25,132.77B,0.0095
4/10/2008,4733,4747.55,4799.5,4720.9,150.14B,-0.003
4/9/2008,4747.05,4707.05,4758.25,4667.5,101.41B,0.0079
4/8/2008,4709.65,4760.65,4769.55,4677.8,113.75B,-0.0108
4/7/2008,4761.2,4631.35,4798.55,4628.8,124.93B,0.0246
4/4/2008,4647,4766.7,4791.7,4632.7,131.51B,-0.0261
4/3/2008,4771.6,4753.9,4833.25,4738.2,124.59B,0.0037
4/2/2008,4754.2,4741.4,4916.75,4741.4,114.66B,0.0031
4/1/2008,4739.55,4735.65,4800.75,4628.75,119.88B,0.0011
3/31/2008,4734.5,4942.15,4947,4703.85,147.20B,-0.042
3/28/2008,4942,4830,4970.8,4796.35,162.59B,0.0231
3/27/2008,4830.25,4828.8,4863.75,4769.6,180.11B,0.0003
3/26/2008,4828.85,4878.7,4912.3,4808.65,126.10B,-0.01
3/25/2008,4877.5,4616.8,4896.8,4616.8,142.37B,0.0581
3/24/2008,4609.85,4576.8,4649.45,4539.8,123.98B,0.0078
3/19/2008,4573.95,4534.75,4718.4,4533.9,158.51B,0.009
3/18/2008,4533,4519.9,4617.95,4468.55,169.44B,0.0066
3/17/2008,4503.1,4745.45,4745.45,4482.1,143.35B,-0.0511
3/14/2008,4745.8,4623.8,4758.95,4607.55,135.57B,0.0264
3/13/2008,4623.6,4868.7,4868.8,4580.15,137.64B,-0.051
3/12/2008,4872,4869.75,5019.2,4854.75,135.04B,0.0013
3/11/2008,4865.9,4796.3,4888.5,4732.85,158.76B,0.0136
3/10/2008,4800.4,4767.8,4814.95,4620.5,155.88B,0.006
3/7/2008,4771.6,4918.3,4918.3,4672.25,145.78B,-0.0304
3/5/2008,4921.4,4866.85,4936.75,4847.25,114.72B,0.0117
3/4/2008,4864.25,4958.55,4976.7,4812.95,150.84B,-0.0179
3/3/2008,4953,5222.8,5222.8,4936.05,150.74B,-0.0518
2/29/2008,5223.5,5285,5290.8,5098.35,165.09B,-0.0117
2/28/2008,5285.1,5266.35,5302.85,5227.15,107.98B,0.0032
2/27/2008,5268.4,5271.4,5368.15,5249.75,89.57B,-0.0003
2/26/2008,5270.05,5200.8,5281.2,5200.8,86.10B,0.0133
2/25/2008,5200.7,5112.25,5212.35,5055.15,78.36B,0.0176
2/22/2008,5110.75,5183.4,5184,5092.8,72.07B,-0.0156
2/21/2008,5191.8,5156.9,5241.35,5120.05,89.88B,0.0072
2/20/2008,5154.45,5267.15,5267.15,5116.3,89.87B,-0.0239
2/19/2008,5280.8,5278.4,5368.45,5262,88.66B,0.0007
2/18/2008,5276.9,5304.45,5348.6,5224,77.58B,-0.0049
2/15/2008,5302.9,5202.85,5315.4,5104.75,110.54B,0.0194
2/14/2008,5202,4944.65,5220.25,4944.65,106.43B,0.0553
2/13/2008,4929.45,4836.55,4986.55,4836.55,104.07B,0.0188
2/12/2008,4838.25,4877.85,4949.6,4820.45,102.36B,-0.0039
2/11/2008,4857,5120.55,5126.4,4803.6,125.72B,-0.0514
2/8/2008,5120.35,5132.1,5173.85,5034.25,108.95B,-0.0025
2/7/2008,5133.25,5322.55,5344.6,5113.85,103.08B,-0.0356
2/6/2008,5322.55,5470.4,5470.4,5257.05,106.12B,-0.0294
2/5/2008,5483.9,5463.75,5500.6,5412.95,96.49B,0.0037
2/4/2008,5463.5,5315.55,5545.2,5315.55,105.72B,0.0275
2/1/2008,5317.25,5140.6,5339.95,5090.75,106.70B,0.035
1/31/2008,5137.45,5172.25,5251.65,5071.15,187.49B,-0.0058
1/30/2008,5167.6,5283.75,5314.3,5142.25,101.26B,-0.0214
1/29/2008,5280.8,5279.55,5391.6,5225.25,98.43B,0.0013
1/28/2008,5274.1,5380.95,5380.95,5071,94.47B,-0.0203
1/25/2008,5383.35,5035.05,5399.25,5035.05,105.88B,0.0695
1/24/2008,5033.45,5208,5357.2,4995.8,145.35B,-0.0327
1/23/2008,5203.4,4903.05,5328.05,4891.6,172.63B,0.0621
1/22/2008,4899.3,5203.35,5203.35,4448.5,200.60B,-0.0594
1/21/2008,5208.8,5705,5705,4977.1,211.34B,-0.087
1/18/2008,5705.3,5907.75,5908.75,5677,135.74B,-0.0352
1/17/2008,5913.2,5937.95,6013.15,5880.3,127.18B,-0.0038
1/16/2008,5935.75,6065,6065,5825.75,152.49B,-0.0228
1/15/2008,6074.25,6226.35,6260.45,6053.3,117.68B,-0.0214
1/14/2008,6206.8,6208.8,6244.15,6172,110.91B,0.0011
1/11/2008,6200.1,6166.65,6224.2,6112.55,125.14B,0.007
1/10/2008,6156.95,6278.1,6347,6142.9,133.66B,-0.0183
1/9/2008,6272,6287.55,6338.3,6231.25,120.85B,-0.0025
1/8/2008,6287.85,6282.45,6357.1,6221.6,162.56B,0.0014
1/7/2008,6279.1,6271,6289.8,6193.35,139.61B,0.0008
1/4/2008,6274.3,6179.1,6300.05,6179.1,147.63B,0.0155
1/3/2008,6178.55,6184.25,6230.15,6126.4,156.36B,-0.0001
1/2/2008,6179.4,6144.7,6197,6060.85,110.35B,0.0057
1/1/2008,6144.35,6136.75,6165.35,6109.85,81.31B,0.0009
12/31/2007,6138.6,6095,6167.75,6095,85.02B,0.0097
12/28/2007,6079.7,6079.55,6098.6,6021.9,79.57B,-0.0003
12/27/2007,6081.5,6069,6110.85,6060.2,149.99B,0.0018
12/26/2007,6070.75,5988.45,6085.25,5988.45,90.83B,0.0143
12/24/2007,5985.1,5771.3,6001.05,5771.3,100.42B,0.0379
12/20/2007,5766.5,5751.75,5799.5,5742.75,79.15B,0.0027
12/19/2007,5751.15,5730.25,5840.8,5676.7,88.36B,0.0015
12/18/2007,5742.3,5777.6,5874.6,5710.6,109.46B,-0.006
12/17/2007,5777,6037.95,6039.95,5740.6,108.21B,-0.0448
12/14/2007,6047.7,6056.2,6078.55,6015.05,100.56B,-0.0017
12/13/2007,6058.1,6159.25,6185.4,6040.4,120.31B,-0.0164
12/12/2007,6159.3,6067.05,6175.65,6005.45,130.76B,0.0102
12/11/2007,6097.25,5960.4,6111.2,5960.4,115.31B,0.0229
12/10/2007,5960.6,5974,6015.3,5923.35,86.33B,-0.0023
12/7/2007,5974.3,5963.6,6042.1,5894.8,123.11B,0.0033
12/6/2007,5954.7,5941.05,6027.05,5919.8,154.95B,0.0025
12/5/2007,5940,5861.9,5949.3,5859.95,120.15B,0.0139
12/4/2007,5858.35,5870.2,5897.25,5840.3,107.50B,-0.0011
12/3/2007,5865,5765.45,5878.8,5754.6,111.92B,0.0177
11/30/2007,5762.75,5633.9,5782.55,5632.65,170.46B,0.0227
11/29/2007,5634.6,5617.8,5725,5612.1,301.03B,0.003
11/28/2007,5617.55,5699.55,5749.95,5595.5,97.58B,-0.0141
11/27/2007,5698.15,5729.25,5743.55,5655.6,96.31B,-0.0059
11/26/2007,5731.7,5611.3,5772.55,5608.95,127.10B,0.0219
11/23/2007,5608.6,5524.3,5638.6,5514.75,102.00B,0.0162
11/22/2007,5519.35,5564.65,5608.65,5394.35,149.03B,-0.0075
11/21/2007,5561.05,5778.8,5790.05,5530.85,129.73B,-0.038
11/20/2007,5780.9,5911.25,5923.7,5755.8,127.22B,-0.0215
11/19/2007,5907.65,5908.05,5981.8,5893.8,104.83B,0.0001
11/16/2007,5906.85,5913.15,5948.05,5817.4,129.79B,-0.0009
11/15/2007,5912.1,5942.7,5966.95,5895.65,146.64B,-0.0043
11/14/2007,5937.9,5703.95,5950.2,5700.05,173.24B,0.0426
11/13/2007,5695.4,5612.35,5758.85,5591.6,156.34B,0.0139
11/12/2007,5617.1,5660.6,5660.6,5477.5,138.68B,-0.0081
11/9/2007,5663.25,5703.45,5794.2,5614.9,213.90B,-0.0062
11/8/2007,5698.75,5779.3,5780.8,5646.75,141.33B,-0.0145
11/7/2007,5782.35,5782.4,5861.35,5744.3,171.69B,-0.0007
11/6/2007,5786.5,5847.1,5957.2,5759.95,244.85B,-0.0104
11/5/2007,5847.3,5931.9,5948.55,5819.6,169.01B,-0.0143
11/2/2007,5932.4,5854.85,5944.75,5714.25,164.84B,0.0112
11/1/2007,5866.45,5903.8,6011.95,5837.2,270.20B,-0.0058
10/31/2007,5900.65,5868.9,5952.25,5861.3,168.16B,0.0054
10/30/2007,5868.75,5917.55,5976,5833.9,176.83B,-0.0063
10/29/2007,5905.9,5708.9,5922.5,5708.9,173.59B,0.0357
10/26/2007,5702.3,5564.25,5716.9,5513.35,164.40B,0.0239
10/25/2007,5568.95,5499.05,5605.95,5469.3,188.73B,0.0132
10/24/2007,5496.15,5477.6,5577.9,5419.4,166.88B,0.0041
10/23/2007,5473.7,5185.3,5488.5,5176.85,145.84B,0.0559
10/22/2007,5184,5202.75,5247.4,5070.9,131.80B,-0.006
10/19/2007,5215.3,5360.35,5390.85,5101.75,181.01B,-0.0254
10/18/2007,5351,5551.1,5736.8,5269.65,202.75B,-0.0375
10/17/2007,5559.3,5658.9,5658.9,5107.3,186.85B,-0.0192
10/16/2007,5668.05,5670.65,5708.35,5578.45,174.11B,-0.0004
10/15/2007,5670.4,5428.35,5682.65,5419.9,160.99B,0.0446
10/12/2007,5428.25,5525.3,5549.3,5402.6,174.47B,-0.0175
10/11/2007,5524.85,5438.9,5532.75,5424.25,130.84B,0.0153
10/10/2007,5441.45,5328.15,5454.7,5328.15,184.94B,0.0214
10/9/2007,5327.25,5062.65,5348.7,5000.95,139.86B,0.0476
10/8/2007,5085.1,5186.25,5249.3,5024.75,111.43B,-0.0194
10/5/2007,5185.85,5208.15,5248.55,5164.5,93.29B,-0.0044
10/4/2007,5208.65,5211.65,5233.1,5126.05,127.31B,-0.0004
10/3/2007,5210.8,5069,5261.35,5034.15,187.72B,0.028
10/1/2007,5068.95,5021.5,5089.3,5001.35,132.21B,0.0095
9/28/2007,5021.35,4996.45,5055.8,4996.45,137.76B,0.0042
9/27/2007,5000.55,4942.7,5016.4,4942.7,172.14B,0.0122
9/26/2007,4940.5,4937.6,4980.85,4930.35,117.67B,0.0003
9/25/2007,4938.85,4939.1,4953.9,4878.15,140.29B,0.0013
9/24/2007,4932.2,4837.15,4941.15,4837.15,147.58B,0.0196
9/21/2007,4837.55,4752.95,4855.7,4733.7,161.39B,0.019
9/20/2007,4747.55,4734.85,4760.85,4721.15,93.97B,0.0032
9/19/2007,4732.35,4550.25,4739,4550.25,108.52B,0.0409
9/18/2007,4546.2,4494.1,4551.8,4481.55,56.39B,0.0115
9/17/2007,4494.65,4518.45,4549.05,4482.85,51.25B,-0.0052
9/14/2007,4518,4530,4582.6,4508.85,71.20B,-0.0024
9/13/2007,4528.95,4498.05,4540.6,4498.05,59.33B,0.0071
9/12/2007,4496.85,4498.65,4531.5,4490.4,66.79B,0
9/11/2007,4497.05,4509.65,4538.6,4487.15,80.05B,-0.0024
9/10/2007,4507.85,4506.85,4515.25,4452.95,68.94B,-0.0004
9/7/2007,4509.5,4518.65,4547.75,4499.9,58.01B,-0.002
9/6/2007,4518.6,4475.7,4522.5,4445.55,60.55B,0.0096
9/5/2007,4475.85,4479.6,4507.75,4458.55,73.80B,-0.0008
9/4/2007,4479.25,4481.55,4501.3,4460.4,72.43B,0.001
9/3/2007,4474.75,4466.65,4490.55,4452.4,82.24B,0.0024
8/31/2007,4464,4412.6,4471.3,4403,83.58B,0.0117
8/30/2007,4412.3,4360.35,4422.3,4359.75,128.10B,0.0122
8/29/2007,4359.3,4317.7,4368.6,4226.35,85.95B,0.0089
8/28/2007,4320.7,4302.4,4329.15,4280.6,62.00B,0.0042
8/27/2007,4302.6,4193.6,4310,4193.6,62.77B,0.0268
8/24/2007,4190.15,4113.05,4201.45,4110.05,63.18B,0.0183
8/23/2007,4114.95,4160.1,4249.85,4100.8,94.00B,-0.0092
8/22/2007,4153.15,4081.25,4165.7,4040.15,88.28B,0.0192
8/21/2007,4074.9,4209.55,4238.1,4058.55,75.55B,-0.0319
8/20/2007,4209.05,4108.95,4262.6,4108.95,68.78B,0.0246
8/17/2007,4108.05,4171.1,4171.1,4002.2,135.96B,-0.0169
8/16/2007,4178.6,4366,4366,4171.15,96.56B,-0.0438
8/14/2007,4370.2,4373.9,4394.3,4354.35,43.43B,-0.0008
8/13/2007,4373.65,4324.65,4383.8,4324.65,49.07B,0.0093
8/10/2007,4333.35,4393.6,4395.5,4239.2,81.66B,-0.0159
8/9/2007,4403.2,4462.25,4530.05,4390.8,78.45B,-0.0132
8/8/2007,4462.1,4357,4472.15,4356.75,68.39B,0.0243
8/7/2007,4356.35,4341.5,4406.4,4341.5,62.46B,0.0039
8/6/2007,4339.5,4404.05,4404.05,4267.15,63.59B,-0.0141
8/3/2007,4401.55,4355.75,4428.1,4355.75,62.86B,0.0104
8/2/2007,4356.35,4356.35,4399.75,4327,71.07B,0.0024
8/1/2007,4345.85,4528.85,4532.9,4339.75,104.23B,-0.0404
7/31/2007,4528.85,4444.25,4534.2,4432.85,84.26B,0.02
7/30/2007,4440.05,4442.35,4493.05,4403.7,94.93B,-0.0012
7/27/2007,4445.2,4618.65,4618.9,4424.25,134.57B,-0.0378
7/26/2007,4619.8,4593.1,4624.3,4570.8,128.90B,0.0068
7/25/2007,4588.7,4620.5,4620.5,4555.8,108.55B,-0.0069
7/24/2007,4620.75,4620.05,4647.95,4609.75,81.34B,0.0003
7/23/2007,4619.35,4564.25,4628.45,4547.2,76.30B,0.0117
7/20/2007,4566.05,4563.75,4600.8,4553.8,87.67B,0.0009
7/19/2007,4562.1,4500.35,4573,4496.2,84.00B,0.0139
7/18/2007,4499.55,4498.65,4510.8,4452.85,78.47B,0.0006
7/17/2007,4496.75,4497.1,4550.25,4488.25,98.18B,-0.0034
7/16/2007,4512.15,4505.95,4521.85,4495.95,100.80B,0.0017
7/13/2007,4504.55,4446.4,4513.9,4446.05,126.46B,0.0131
7/12/2007,4446.15,4388.05,4451.95,4387.05,94.21B,0.0134
7/11/2007,4387.15,4403.8,4411.45,4344.7,77.61B,-0.0043
7/10/2007,4406.05,4419.1,4434.45,4393,72.59B,-0.003
7/9/2007,4419.4,4385.45,4427.55,4385.45,59.06B,0.0079
7/6/2007,4384.85,4353.1,4411,4304,83.29B,0.0071
7/5/2007,4353.95,4359.2,4378.55,4311.8,63.67B,-0.0012
7/4/2007,4359.3,4358.25,4386.45,4342,62.53B,0.0004
7/3/2007,4357.55,4315.05,4363.35,4313.55,60.04B,0.0102
7/2/2007,4313.75,4318.4,4346.75,4305.45,64.31B,-0.0011
6/29/2007,4318.3,4282.4,4321.35,4280.95,72.07B,0.0085
6/28/2007,4282,4263.9,4291.4,4256.9,117.44B,0.0042
6/27/2007,4263.95,4286.2,4294.2,4255.25,76.76B,-0.0051
6/26/2007,4285.7,4259.4,4296.15,4250.1,78.18B,0.0062
6/25/2007,4259.4,4251.4,4264.25,4236.3,75.53B,0.0017
6/22/2007,4252.05,4267.55,4278.85,4242.5,65.62B,-0.0036
6/21/2007,4267.4,4248.65,4275.35,4220.1,71.84B,0.0044
6/20/2007,4248.65,4214.3,4257,4214.3,65.96B,0.0082
6/19/2007,4214.3,4143.85,4222.4,4136.15,56.23B,0.0162
6/18/2007,4147.1,4177,4208.15,4140.25,51.44B,-0.0058
6/15/2007,4171.45,4186.4,4209.45,4153.7,62.45B,0.0003
6/14/2007,4170,4113.2,4174.05,4112.85,62.82B,0.0138
6/13/2007,4113.05,4155.2,4161.8,4102.95,63.99B,-0.0101
6/12/2007,4155.2,4139.7,4166.85,4100.8,73.32B,0.0023
6/11/2007,4145.6,4183.75,4205.2,4134.95,82.51B,0.0001
6/8/2007,4145,4179.5,4195.15,4126.1,101.08B,-0.0083
6/7/2007,4179.5,4197.6,4230.05,4130.5,85.73B,-0.0045
6/6/2007,4198.25,4285.75,4324.1,4190.95,83.44B,-0.0202
6/5/2007,4284.65,4268.9,4292.5,4249.1,77.38B,0.0041
6/4/2007,4267.05,4300.7,4362.95,4256.45,81.07B,-0.007
6/1/2007,4297.05,4296.05,4325.8,4288.55,72.92B,0.0003
5/31/2007,4295.8,4250.25,4306.75,4250.25,105.56B,0.0109
5/30/2007,4249.65,4292.7,4301.6,4241.35,88.08B,-0.0102
5/29/2007,4293.25,4257.6,4298.85,4248.9,70.65B,0.0086
5/28/2007,4256.55,4248.35,4295.6,4242.8,82.69B,0.002
5/25/2007,4248.15,4197.85,4256.4,4141.35,87.03B,0.0103
5/24/2007,4204.9,4246.2,4250.85,4189.05,79.31B,-0.0097
5/23/2007,4246.2,4279.6,4291.4,4231.05,84.52B,-0.0075
5/22/2007,4278.1,4263.1,4281.6,4234.1,85.01B,0.004
5/21/2007,4260.9,4217.65,4269.35,4217.55,92.55B,0.011
5/18/2007,4214.5,4216.5,4228.45,4177,68.60B,-0.0012
5/17/2007,4219.55,4172.1,4232.45,4172.1,91.72B,0.0117
5/16/2007,4170.95,4125.4,4181,4113.05,86.97B,0.0123
5/15/2007,4120.3,4134.3,4150.45,4102.45,82.69B,-0.0034
5/14/2007,4134.3,4078.8,4151.3,4072.45,95.13B,0.0141
5/11/2007,4076.65,4070.2,4094.65,3981.15,101.59B,0.0024
5/10/2007,4066.8,4079.6,4134.2,4057.55,74.02B,-0.0031
5/9/2007,4079.3,4077.25,4087.8,4030.55,65.55B,0.0006
5/8/2007,4077,4111.25,4136.05,4066.4,71.94B,-0.0083
5/7/2007,4111.15,4117.5,4157.65,4103.6,62.92B,-0.0015
5/4/2007,4117.35,4168.9,4180.9,4109.7,67.37B,-0.0081
5/3/2007,4150.85,4089.45,4161.2,4080.75,79.37B,0.0154
4/30/2007,4087.9,4081.6,4096.9,4028.9,74.10B,0.0011
4/27/2007,4083.5,4182,4182,4074.3,83.11B,-0.0226
4/26/2007,4177.85,4170.05,4217.9,4143.25,111.62B,0.0025
4/25/2007,4167.3,4134.25,4173.3,4114.35,96.19B,0.0062
4/24/2007,4141.8,4085.1,4162.15,4057.7,101.66B,0.0139
4/23/2007,4085.1,4083.55,4122.35,4075.2,85.68B,0.0004
4/20/2007,4083.55,4000.25,4090.05,3995.5,96.49B,0.0215
4/19/2007,3997.65,3998.5,4011,3933.35,75.74B,-0.0035
4/18/2007,4011.6,3989.6,4039.25,3981.75,73.77B,0.0067
4/17/2007,3984.95,4014.4,4030,3976.25,83.03B,-0.0071
4/16/2007,4013.35,3920.5,4016.8,3920.5,85.02B,0.0245
4/13/2007,3917.35,3830.35,3924.55,3828.45,89.06B,0.0228
4/12/2007,3829.85,3861.85,3861.85,3811.25,69.27B,-0.0085
4/11/2007,3862.65,3848.35,3876.35,3844.75,89.11B,0.0038
4/10/2007,3848.15,3844.15,3858.35,3819.3,77.79B,0.0012
4/9/2007,3843.5,3752.9,3850.9,3747.25,65.50B,0.0244
4/5/2007,3752,3735.2,3771.45,3709.15,75.32B,0.005
4/4/2007,3733.25,3689.75,3751.4,3689.75,73.93B,0.0115
4/3/2007,3690.65,3633.85,3703.05,3632.2,63.21B,0.0157
4/2/2007,3633.6,3820,3820,3617,74.49B,-0.0492
3/30/2007,3821.55,3788.85,3832.2,3785.3,75.88B,0.0062
3/29/2007,3798.1,3759.15,3805.85,3750.35,106.71B,0.0098
3/28/2007,3761.1,3818.75,3830.3,3752.95,78.53B,-0.0154
3/26/2007,3819.95,3863.45,3885.45,3768.25,66.32B,-0.0106
3/23/2007,3861.05,3876.75,3901.75,3850.8,85.38B,-0.0038
3/22/2007,3875.9,3764.5,3881,3764.5,89.00B,0.0296
3/21/2007,3764.55,3697.7,3771.2,3680.6,72.87B,0.0181
3/20/2007,3697.6,3680.35,3725,3676.65,69.48B,0.0051
3/19/2007,3678.9,3611.3,3683.35,3602.85,45.71B,0.0195
3/16/2007,3608.55,3639.35,3683.6,3573.85,60.52B,-0.0096
3/15/2007,3643.6,3644.9,3711.05,3630.55,73.33B,0.0007
3/14/2007,3641.1,3768.4,3768.4,3623,82.02B,-0.0343
3/13/2007,3770.55,3735.25,3775.85,3717.15,76.58B,0.0096
3/12/2007,3734.6,3717.45,3781.45,3713.9,89.73B,0.0045
3/9/2007,3718,3761.85,3795.7,3684.25,114.55B,-0.0116
3/8/2007,3761.65,3627.25,3779.5,3626.8,100.82B,0.0372
3/7/2007,3626.85,3661.55,3714.15,3568.55,92.65B,-0.0079
3/6/2007,3655.65,3577.15,3679.15,3576.65,94.56B,0.0221
3/5/2007,3576.5,3726.5,3726.65,3554.5,110.23B,-0.0403
3/2/2007,3726.75,3811.65,3842.05,3711.05,96.44B,-0.0222
3/1/2007,3811.2,3745.4,3818.75,3718.15,108.27B,0.0176
2/28/2007,3745.3,3893.4,3893.4,3674.85,142.56B,-0.0382
2/27/2007,3893.9,3948.05,3958,3873.85,75.81B,-0.0122
2/26/2007,3942,3939.1,3958.9,3856.7,85.99B,0.0008
2/23/2007,3938.95,4046,4065.45,3918.2,91.14B,-0.025
2/22/2007,4040,4096.65,4126.9,4023.15,120.63B,-0.0137
2/21/2007,4096.2,4107.15,4132.8,4080.9,72.02B,-0.0026
2/20/2007,4106.95,4164.85,4175.45,4099.55,63.12B,-0.0138
2/19/2007,4164.55,4149.25,4177.7,4149.25,59.42B,0.0044
2/15/2007,4146.2,4046.8,4155.7,4046.8,76.58B,0.0245
2/14/2007,4047.1,4044.9,4057.35,3965.2,81.14B,0.0006
2/13/2007,4044.55,4069.1,4132.7,3998.3,97.84B,-0.0034
2/12/2007,4058.3,4187.2,4187.2,4044.35,91.39B,-0.0308
2/9/2007,4187.4,4223.5,4239.2,4171.8,64.63B,-0.0085
2/8/2007,4223.4,4232,4245.3,4188.45,69.42B,-0.0002
2/7/2007,4224.25,4198.2,4232.3,4192.85,66.59B,0.0068
2/6/2007,4195.9,4216.55,4228.15,4186.15,63.99B,-0.0046
2/5/2007,4215.35,4193.15,4219,4170,61.38B,0.0076
2/2/2007,4183.5,4140.2,4198.7,4132.95,92.51B,0.0112
2/1/2007,4137.2,4083.4,4141.6,4081.1,72.95B,0.0133
1/31/2007,4082.7,4123.85,4137.85,4068.55,114.99B,-0.0101
1/29/2007,4124.45,4148.4,4167.15,4115.75,93.76B,-0.0056
1/25/2007,4147.7,4092.05,4157.95,4090.1,129.98B,0.0141
1/24/2007,4089.9,4066.6,4098.25,4065.75,87.86B,0.0059
1/23/2007,4066.1,4102.65,4105.1,4056.45,79.68B,-0.0089
1/22/2007,4102.45,4089.6,4114.5,4069.95,63.74B,0.003
1/19/2007,4090.15,4126,4137.15,4058.35,85.56B,-0.0046
1/18/2007,4109.05,4075.2,4140.25,4075.2,74.49B,0.008
1/17/2007,4076.45,4084.9,4096.75,4071.55,58.85B,-0.001
1/16/2007,4080.5,4090.7,4107.45,4067.9,57.53B,0.0005
1/15/2007,4078.4,4052.85,4099.65,4052.4,81.53B,0.0064
1/12/2007,4052.45,3944.55,4059.15,3944.55,80.31B,0.028
1/11/2007,3942.25,3852.15,3953.1,3833.6,78.76B,0.0239
1/10/2007,3850.3,3910.95,3911.95,3841.7,68.20B,-0.0156
1/9/2007,3911.4,3933.3,3963.75,3890.75,65.32B,-0.0056
1/8/2007,3933.4,3983.3,3987.45,3913,62.68B,-0.0126
1/5/2007,3983.4,3990.15,4011.45,3969.65,68.60B,-0.0014
1/4/2007,3988.8,4027.3,4041,3979.8,67.10B,-0.0088
1/3/2007,4024.05,4007.7,4029.8,3985,63.83B,0.0042
1/2/2007,4007.4,3966.25,4016.65,3964.95,40.79B,0.0103
12/29/2006,3966.4,3971.65,3991.6,3960.45,46.46B,-0.001
12/28/2006,3970.55,3974.2,3997.35,3961.95,82.84B,-0.0009
12/27/2006,3974.25,3942.75,3986.75,3937.7,54.70B,0.0086
12/26/2006,3940.5,3871.3,3946.1,3870.45,45.45B,0.0179
12/22/2006,3871.15,3834.9,3880.15,3823.4,50.85B,0.0098
12/21/2006,3833.5,3814.75,3851.2,3768.8,57.30B,0.0047
12/20/2006,3815.55,3832.15,3886.1,3787.55,81.92B,-0.0043
12/19/2006,3832,3928.85,3931.9,3783.45,75.19B,-0.0246
12/18/2006,3928.75,3888.2,3934,3828.15,72.04B,0.0103
12/15/2006,3888.65,3849.6,3908.45,3845.45,90.96B,0.0119
12/14/2006,3843.05,3765.7,3855.05,3763.5,72.36B,0.0207
12/13/2006,3765.2,3716.75,3777.6,3657.65,93.07B,0.013
12/12/2006,3716.9,3849.1,3861.25,3661.6,103.19B,-0.0344
12/11/2006,3849.5,3961.9,3965.05,3798.3,77.13B,-0.0284
12/8/2006,3962,4015.75,4046.85,3948.7,53.67B,-0.0133
12/7/2006,4015.35,4015,4027.7,4001.4,52.64B,-0.0001
12/6/2006,4015.95,4016,4036.2,3982.5,65.43B,0
12/5/2006,4015.75,4001.25,4033.2,4001.25,64.66B,0.0037
12/4/2006,4001,4002.4,4015.25,3991.55,53.82B,0.0009
12/1/2006,3997.6,3955.7,4001.3,3953.95,58.09B,0.0109
11/30/2006,3954.5,3929.4,3973,3929.4,92.62B,0.0067
11/29/2006,3928.2,3922.5,3952.4,3920,59.75B,0.0016
11/28/2006,3921.75,3966,3966,3911.55,59.71B,-0.0119
11/27/2006,3968.9,3974.95,3974.95,3948.85,48.83B,0.0046
11/24/2006,3950.85,3945.45,3965.8,3935.3,67.03B,0.0014
11/23/2006,3945.45,3955.3,3976.8,3933.7,64.56B,-0.0024
11/22/2006,3954.75,3918.3,3960,3909.6,75.05B,0.0093
11/21/2006,3918.25,3859.5,3921.7,3856.75,67.08B,0.0161
11/20/2006,3856.15,3852.65,3866.95,3794.3,83.24B,0.0009
11/17/2006,3852.8,3877,3891.85,3835.7,77.62B,-0.0062
11/16/2006,3876.85,3876.4,3900.4,3863.85,79.98B,0.0001
11/15/2006,3876.3,3865.95,3888.8,3838.25,68.56B,0.0027
11/14/2006,3865.9,3862,3883,3850.75,68.08B,0.0019
11/13/2006,3858.75,3834.8,3862.05,3834,55.67B,0.0063
11/10/2006,3834.75,3796.05,3842.4,3785.4,70.38B,0.0101
11/9/2006,3796.4,3777.8,3808.2,3769.8,71.62B,0.0051
11/8/2006,3777.3,3799.2,3809.95,3737.2,81.19B,-0.0056
11/7/2006,3798.75,3812.15,3840.45,3789.4,71.44B,-0.0028
11/6/2006,3809.25,3804.75,3822.4,3798.25,68.78B,0.001
11/3/2006,3805.35,3793.05,3809.65,3771,61.16B,0.0037
11/2/2006,3791.2,3769.4,3805.5,3761.9,57.71B,0.0064
11/1/2006,3767.05,3744.1,3777.7,3737,70.55B,0.0061
10/31/2006,3744.1,3770.5,3782.85,3726.75,87.73B,-0.0066
10/30/2006,3769.1,3739.35,3776.05,3719.45,85.37B,0.008
10/27/2006,3739.35,3676.85,3747.35,3674.8,80.86B,0.0168
10/26/2006,3677.55,3656.2,3686.85,3651.2,97.31B,0.0055
10/23/2006,3657.3,3683.4,3690.85,3651.2,45.31B,-0.0071
10/21/2006,3683.5,3680.85,3708.4,3662.85,0,0.0018
10/20/2006,3676.85,3678.75,3714.25,3665.5,71.91B,-0.0003
10/19/2006,3677.8,3711.1,3726.95,3655.05,87.37B,-0.0089
10/18/2006,3710.65,3715.2,3727,3701.3,98.32B,-0.0012
10/17/2006,3715,3726.4,3742.5,3691.35,72.71B,-0.0024
10/16/2006,3723.95,3668.9,3729.7,3668.9,74.44B,0.013
10/13/2006,3676.05,3621.65,3682.35,3621.65,77.58B,0.0152
10/12/2006,3621.05,3562.55,3626.8,3545.95,67.08B,0.0176
10/11/2006,3558.55,3581.55,3614.5,3544.25,64.73B,-0.0035
10/10/2006,3571.05,3567.45,3597.2,3563.1,61.18B,0.0011
10/9/2006,3567.15,3570.05,3585.35,3540.45,52.25B,-0.0007
10/6/2006,3569.7,3565.45,3583.75,3560.9,83.45B,0.0013
10/5/2006,3564.9,3515.6,3574.95,3515.6,74.90B,0.0141
10/4/2006,3515.35,3570.95,3580.05,3508.65,68.28B,-0.0152
10/3/2006,3569.6,3588.95,3606.2,3561.7,55.66B,-0.0052
9/29/2006,3588.4,3572.15,3599.8,3564.7,58.34B,0.0047
9/28/2006,3571.75,3579.95,3589.3,3560.75,82.59B,-0.0021
9/27/2006,3579.3,3571.75,3603.7,3568.4,65.27B,0.0021
9/26/2006,3571.75,3523.7,3576.75,3517.15,67.28B,0.0137
9/25/2006,3523.45,3545.1,3568.65,3514.85,59.72B,-0.0058
9/22/2006,3544.05,3554.05,3562.45,3525.4,60.15B,-0.0025
9/21/2006,3553.05,3506.7,3556.35,3506.7,65.97B,0.0143
9/20/2006,3502.8,3457.85,3509.85,3419.75,62.44B,0.0131
9/19/2006,3457.35,3493.5,3514.95,3438.8,69.74B,-0.0101
9/18/2006,3492.75,3478.65,3506.2,3478.4,60.73B,0.0041
9/15/2006,3478.6,3471.65,3487.45,3434.55,71.32B,0.002
9/14/2006,3471.6,3454.6,3484,3454.6,68.35B,0.0049
9/13/2006,3454.55,3389.85,3470.65,3389.8,71.10B,0.0191
9/12/2006,3389.9,3363.3,3395.05,3328.45,80.29B,0.0071
9/11/2006,3366.15,3470.35,3486.65,3351.3,77.97B,-0.0303
9/8/2006,3471.45,3454.65,3477.95,3442.85,75.30B,0.0049
9/7/2006,3454.55,3477.15,3478.85,3438.8,61.58B,-0.0065
9/6/2006,3477.25,3474.4,3490.7,3465.8,64.63B,0.001
9/5/2006,3473.75,3471.4,3488.6,3457.9,49.64B,-0.0009
9/4/2006,3476.85,3435.55,3483.1,3435.55,55.79B,0.0121
9/1/2006,3435.45,3414,3439.5,3402.9,69.84B,0.0063
8/31/2006,3413.9,3404.5,3452.3,3403.65,98.62B,-0.0048
8/30/2006,3430.35,3425.8,3440.2,3407.75,61.67B,0.0014
8/29/2006,3425.7,3405.05,3434.95,3396.1,60.67B,0.0072
8/28/2006,3401.1,3386,3405.3,3377.75,46.75B,0.0045
8/25/2006,3385.95,3368.55,3402.7,3368.55,68.46B,0.0046
8/24/2006,3370.4,3336.65,3379.55,3304.85,70.80B,0.0104
8/23/2006,3335.8,3363.6,3369.65,3325.1,52.06B,-0.0086
8/22/2006,3364.6,3369.6,3398.35,3351.5,58.62B,-0.0004
8/21/2006,3366,3356.8,3374.9,3332.9,48.93B,0.0028
8/18/2006,3356.75,3354.5,3366.25,3332.2,57.03B,0.0008
8/17/2006,3353.9,3359.7,3385.15,3328.6,72.57B,-0.0006
8/16/2006,3356.05,3314.75,3377.1,3314.75,69.20B,0.013
8/14/2006,3313.1,3274.95,3317.8,3269.15,51.60B,0.0118
8/11/2006,3274.35,3260.05,3286.5,3236.95,63.50B,0.0044
8/10/2006,3260.1,3254.6,3274.75,3229.45,59.29B,0.0017
8/9/2006,3254.6,3211.55,3267.2,3187.85,71.78B,0.0131
8/8/2006,3212.4,3151.55,3216.75,3151.55,52.27B,0.0195
8/7/2006,3151.1,3176.7,3178.5,3142.55,50.26B,-0.0081
8/4/2006,3176.75,3189.7,3228.15,3161.8,69.53B,-0.0042
8/3/2006,3190,3182.55,3234.25,3175.15,69.09B,0.0025
8/2/2006,3182.1,3129.45,3187.85,3127.9,55.48B,0.0109
8/1/2006,3147.8,3128.2,3154.7,3113.6,57.03B,0.0015
7/31/2006,3143.2,3131.35,3179.7,3110.6,61.67B,0.004
7/28/2006,3130.8,3158,3168.5,3109.45,81.28B,-0.008
7/27/2006,3156.15,3109.85,3167.1,3109.85,106.69B,0.0148
7/26/2006,3110.15,3040.45,3121.4,3022.7,77.14B,0.0229
7/25/2006,3040.5,2989.5,3046.95,2987.15,70.65B,0.0183
7/24/2006,2985.85,2944.9,2996.65,2878.25,78.14B,0.0139
7/21/2006,2945,3025.1,3029.1,2930.15,74.88B,-0.0258
7/20/2006,3023.05,2943.65,3041.25,2943.65,77.71B,0.0308
7/19/2006,2932.75,2995.85,3045.35,2919.95,79.09B,-0.0203
7/18/2006,2993.65,3007.15,3038.25,2967.95,70.49B,-0.0046
7/17/2006,3007.55,3123.65,3125.1,2999.35,60.05B,-0.0371
7/14/2006,3123.35,3166.25,3166.25,3089.55,61.51B,-0.0145
7/13/2006,3169.3,3196.3,3208.85,3148.95,81.62B,-0.0083
7/12/2006,3195.9,3124.95,3201.35,3078.25,93.62B,0.0256
7/11/2006,3116.15,3145.3,3146,3100.4,66.34B,-0.0082
7/10/2006,3142,3077.1,3147.7,3064.1,65.28B,0.0215
7/7/2006,3075.85,3157.95,3193.1,3056.3,90.06B,-0.0255
7/6/2006,3156.4,3197.5,3197.5,3138.4,74.89B,-0.0127
7/5/2006,3197.1,3136.95,3201.2,3121.8,90.42B,0.0186
7/4/2006,3138.65,3151.05,3177.4,3130.3,66.68B,-0.0039
7/3/2006,3150.95,3128.75,3160.35,3114.85,66.60B,0.0073
6/30/2006,3128.2,2993.5,3134.15,2993.5,98.68B,0.0435
6/29/2006,2997.9,2982.9,3049.25,2982.9,110.79B,0.0056
6/28/2006,2981.1,2982.2,3003.65,2909.6,84.90B,-0.0005
6/27/2006,2982.45,2943.6,3004.15,2899.25,116.75B,0.0133
6/26/2006,2943.2,3051.8,3059.85,2928,87.44B,-0.0351
6/25/2006,3050.3,3043.15,3083,3035.95,12.07B,0.0025
6/23/2006,3042.7,2993.55,3063.2,2920.2,86.90B,0.016
6/22/2006,2994.75,2923.75,3017.65,2923.75,81.03B,0.0244
6/21/2006,2923.45,2861.4,2930.8,2836.4,81.73B,0.0217
6/20/2006,2861.3,2919,2919,2837.45,85.07B,-0.0191
6/19/2006,2916.9,2892,2932.9,2846.5,75.18B,0.0092
6/16/2006,2890.35,2799.85,2960.15,2799.85,117.62B,0.0327
6/15/2006,2798.8,2634.1,2814.15,2634.1,88.84B,0.0631
6/14/2006,2632.8,2665.05,2767.75,2595.65,98.86B,-0.0115
6/13/2006,2663.3,2773.6,2773.6,2638.1,85.46B,-0.0409
6/12/2006,2776.85,2867.65,2877.8,2761.85,78.19B,-0.0312
6/9/2006,2866.3,2721.2,2875.75,2707.85,101.50B,0.0521
6/8/2006,2724.35,2856.9,2859.4,2683.2,133.61B,-0.0476
6/7/2006,2860.45,2935.25,2956.9,2819.45,122.68B,-0.0262
6/6/2006,2937.3,3015.05,3015.05,2910.3,98.82B,-0.0263
6/5/2006,3016.65,3092.6,3125.4,3006.4,88.21B,-0.0242
6/2/2006,3091.35,2961.5,3099.35,2940.2,106.18B,0.0436
6/1/2006,2962.25,3072.55,3130,2936.6,112.88B,-0.0354
5/31/2006,3071.05,3181.95,3181.95,2972.9,119.37B,-0.0359
5/30/2006,3185.3,3215.5,3252.1,3167.05,69.35B,-0.0092
5/29/2006,3214.9,3207.25,3255.25,3193.15,73.01B,0.0017
5/26/2006,3209.6,3177.7,3277.95,3177.7,105.52B,0.01
5/25/2006,3177.7,3114.7,3198.35,3012.95,154.24B,0.0199
5/24/2006,3115.55,3203.5,3249.75,3091.6,134.54B,-0.0262
5/23/2006,3199.35,3068.6,3221.05,2997.35,114.89B,0.0383
5/22/2006,3081.35,3254.3,3313.9,2896.4,145.30B,-0.051
5/19/2006,3246.9,3391.85,3493.05,3205.25,143.37B,-0.0419
5/18/2006,3388.9,3636.45,3636.45,3365.9,137.04B,-0.0677
5/17/2006,3635.1,3525.05,3641.85,3525.05,99.89B,0.0317
5/16/2006,3523.3,3502.95,3543.5,3382.4,139.75B,0.0058
5/15/2006,3502.95,3651,3653,3482.85,125.34B,-0.0403
5/12/2006,3650.05,3704.15,3704.15,3633.85,94.03B,-0.0138
5/11/2006,3701.05,3755.8,3774.15,3687.9,77.73B,-0.0142
5/10/2006,3754.25,3720.75,3758.05,3717.25,93.51B,0.0091
5/9/2006,3720.55,3694.65,3725.4,3655.65,83.89B,0.0074
5/8/2006,3693.15,3668.65,3708.55,3668.65,70.29B,0.008
5/5/2006,3663.95,3649.45,3676.55,3639.55,106.75B,0.0043
5/4/2006,3648.4,3630.65,3674.5,3621.55,100.11B,0.0039
5/3/2006,3634.25,3604.4,3640.8,3581.4,95.59B,0.008
5/2/2006,3605.45,3557.55,3622.05,3556.9,108.35B,0.0135
4/29/2006,3557.6,3508.35,3565.75,3508.35,0,0.014
4/28/2006,3508.35,3507.45,3517.65,3342.85,108.82B,0.0001
4/27/2006,3508.1,3554.7,3598.95,3492.75,148.89B,-0.0134
4/26/2006,3555.75,3462.65,3562.3,3454.1,90.64B,0.0269
4/25/2006,3462.65,3548.8,3552.65,3433.55,83.49B,-0.0243
4/24/2006,3548.9,3572.8,3585.35,3536.3,90.79B,-0.0068
4/21/2006,3573.05,3576.75,3592.75,3517.1,133.26B,-0.0001
4/20/2006,3573.5,3539.8,3578.35,3527.25,113.70B,0.0106
4/19/2006,3535.85,3523.65,3570.5,3502.75,119.07B,0.005
4/18/2006,3518.1,3429,3521.95,3429,103.92B,0.0271
4/17/2006,3425.15,3342.15,3433.65,3342.15,94.14B,0.0238
4/13/2006,3345.5,3380.4,3391.05,3290.35,129.12B,-0.0102
4/12/2006,3380,3479.1,3484.65,3366.75,124.25B,-0.0283
4/10/2006,3478.45,3455,3489.05,3430.4,104.98B,0.0068
4/7/2006,3454.8,3525.6,3555.5,3445.9,137.09B,-0.016
4/5/2006,3510.9,3483.15,3513.95,3483.15,79.37B,0.008
4/4/2006,3483.15,3473.1,3508.25,3463.85,91.64B,0.0028
4/3/2006,3473.3,3403.15,3478.25,3402.45,73.25B,0.0208
3/31/2006,3402.55,3420.55,3425.45,3381.9,93.48B,-0.0048
3/30/2006,3418.95,3354.25,3433.85,3354.25,146.86B,0.0193
3/29/2006,3354.2,3324.85,3359.8,3324.8,97.38B,0.0088
3/28/2006,3325,3321.45,3344.5,3311.85,96.27B,0.001
3/27/2006,3321.65,3283.4,3327.05,3280.8,116.36B,0.0128
3/24/2006,3279.8,3247.15,3286.2,3242.6,127.06B,0.0101
3/23/2006,3247.15,3240.85,3265.6,3225.2,119.51B,0.0022
3/22/2006,3240.15,3263.35,3267.95,3221.95,82.46B,-0.0068
3/21/2006,3262.3,3264.65,3292.15,3247.25,88.11B,-0.001
3/20/2006,3265.65,3234.2,3268.25,3234.2,74.74B,0.0098
3/17/2006,3234.05,3226.9,3258.3,3226.9,84.41B,0.0023
3/16/2006,3226.6,3197.3,3230.4,3196.95,85.10B,0.0098
3/14/2006,3195.35,3197.2,3223.45,3184.05,80.72B,-0.0023
3/13/2006,3202.65,3184.1,3221.3,3174.05,71.71B,0.0059
3/10/2006,3183.9,3129.05,3189.35,3128.6,87.82B,0.0175
3/9/2006,3129.1,3116.75,3132.65,3069.85,91.56B,0.004
3/8/2006,3116.7,3183.45,3187.5,3107.9,104.39B,-0.0208
3/7/2006,3182.8,3190.45,3192.95,3166.75,85.34B,-0.0024
3/6/2006,3190.4,3147.25,3194,3147.2,70.23B,0.0137
3/3/2006,3147.35,3151.3,3167.2,3132.6,68.56B,-0.0011
3/2/2006,3150.7,3124.25,3170.35,3124.25,117.83B,0.0088
3/1/2006,3123.1,3074.6,3127.25,3064,96.24B,0.0157
2/28/2006,3074.7,3067.9,3090.3,3031.8,101.52B,0.0024
2/27/2006,3067.45,3050.3,3070.35,3050.3,53.58B,0.0057
2/24/2006,3050.05,3061.7,3072,3041.6,61.84B,-0.0039
2/23/2006,3062.1,3050.85,3078.4,3050.85,108.54B,0.0037
2/22/2006,3050.8,3035.65,3055.65,3032.5,56.29B,0.005
2/21/2006,3035.5,3008.55,3042.05,3008.55,59.63B,0.0099
2/20/2006,3005.85,2982.35,3010.65,2955.85,61.70B,0.0082
2/17/2006,2981.5,3021.65,3038.8,2976.7,80.25B,-0.0133
2/16/2006,3021.6,3023.1,3036.65,3013.7,77.74B,-0.0002
2/15/2006,3022.2,3001.4,3048.8,2995.3,90.34B,0.0015
2/14/2006,3017.55,3040.25,3051.7,3009.9,86.85B,-0.0078
2/13/2006,3041.15,3026.15,3042.75,3018.5,66.17B,0.0045
2/10/2006,3027.55,3009.15,3031.75,3009.1,77.23B,0.0062
2/8/2006,3008.95,3018.2,3021.25,2984.9,72.21B,-0.0037
2/7/2006,3020.1,3001.15,3025.1,2991.25,84.82B,0.0065
2/6/2006,3000.45,2940.95,3009.45,2928.1,70.48B,0.0204
2/3/2006,2940.6,2968.1,2973.9,2931.85,62.88B,-0.009
2/2/2006,2967.45,2972.2,2997.25,2957.55,80.52B,-0.0014
2/1/2006,2971.55,3001.3,3011.05,2960.9,87.16B,-0.0098
1/31/2006,3001.1,2968.95,3005.1,2968.85,74.30B,0.0089
1/30/2006,2974.5,2983.3,3002.2,2963.65,99.40B,-0.0028
1/27/2006,2982.75,2941.9,2989.7,2941.9,115.08B,0.0144
1/25/2006,2940.35,2908.75,2949.1,2871.25,97.13B,0.0111
1/24/2006,2908,2886.35,2914.25,2885.75,67.19B,0.0083
1/23/2006,2884.05,2900.3,2900.3,2870.95,65.13B,-0.0058
1/20/2006,2900.95,2870.8,2912.8,2870.8,73.70B,0.0105
1/19/2006,2870.85,2811.1,2875.95,2811.1,69.43B,0.0219
1/18/2006,2809.2,2809.9,2840.1,2783.85,119.05B,-0.007
1/17/2006,2829.1,2833.8,2861.25,2820.65,95.09B,-0.0014
1/16/2006,2833.1,2851.35,2855.7,2824.05,57.83B,-0.0061
1/13/2006,2850.55,2851.4,2878.35,2846.7,66.17B,-0.0001
1/12/2006,2850.7,2869.35,2869.35,2824,92.18B,-0.007
1/10/2006,2870.8,2910.15,2913.05,2865.6,71.12B,-0.0135
1/9/2006,2910.1,2913.35,2927.25,2898.25,74.82B,-0.0013
1/6/2006,2914,2899.85,2921.7,2877.25,83.35B,0.0049
1/5/2006,2899.85,2904.45,2916.2,2884.8,70.08B,-0.0016
1/4/2006,2904.4,2883,2909.35,2883,82.02B,0.0073
1/3/2006,2883.35,2835.95,2887.2,2832.05,56.92B,0.0167
1/2/2006,2835.95,2836.8,2849.45,2825.4,51.92B,-0.0002
12/30/2005,2836.55,2823.95,2845.55,2812.75,76.05B,0.0052
12/29/2005,2821.95,2792.75,2829.4,2792.75,79.24B,0.01
12/28/2005,2794.05,2806.8,2824.3,2780,73.93B,-0.0042
12/27/2005,2805.9,2746.25,2812.6,2725.7,58.76B,0.0205
12/26/2005,2749.6,2804.3,2804.3,2741.8,57.49B,-0.0197
12/23/2005,2804.85,2835.7,2857,2799.7,65.17B,-0.0107
12/22/2005,2835.25,2826.7,2846.65,2818.65,66.79B,0.0044
12/21/2005,2822.9,2826.45,2847.3,2799.45,123.43B,-0.0012
12/20/2005,2826.2,2843.15,2853.1,2815.2,74.98B,-0.0058
12/19/2005,2842.6,2808.35,2846,2803.45,77.02B,0.0115
12/16/2005,2810.15,2778.65,2814.9,2766.5,88.27B,0.0114
12/15/2005,2778.55,2805.2,2821.5,2763.35,92.70B,-0.0093
12/14/2005,2804.55,2812.8,2825.65,2788.3,122.65B,-0.0028
12/13/2005,2812.3,2776.8,2815.3,2764.65,93.13B,0.013
12/12/2005,2776.2,2756.4,2789.35,2756.4,75.29B,0.0072
12/9/2005,2756.45,2706.75,2761.1,2698,76.47B,0.0184
12/8/2005,2706.7,2694.95,2711.6,2673.5,70.17B,0.0051
12/7/2005,2693,2662.3,2697.1,2662.3,66.55B,0.0115
12/6/2005,2662.3,2661.4,2694.4,2647.35,56.61B,0.0007
12/5/2005,2660.5,2697.6,2710.65,2654.35,62.68B,-0.0139
12/2/2005,2697.95,2699.55,2730.7,2691.5,79.80B,-0.0004
12/1/2005,2698.95,2651.6,2705,2641.95,74.05B,0.0176
11/30/2005,2652.25,2698.1,2727.05,2647.1,82.03B,-0.0171
11/29/2005,2698.3,2712.35,2713.9,2679.9,78.58B,-0.0051
11/28/2005,2712,2683.6,2717.15,2682.65,83.65B,0.0106
11/26/2005,2683.45,2664.85,2686.5,2664.7,25.54B,0.0072
11/25/2005,2664.3,2635.35,2668.9,2633.75,74.96B,0.0111
11/24/2005,2635,2608.9,2643.7,2608.7,98.40B,0.0101
11/23/2005,2608.6,2572.85,2613.4,2563.1,70.84B,0.0139
11/22/2005,2572.85,2603.25,2614,2567.05,67.63B,-0.0114
11/21/2005,2602.5,2620.1,2626.4,2591.75,74.79B,-0.0067
11/18/2005,2620.05,2604,2632.35,2595.15,81.69B,0.0062
11/17/2005,2603.95,2558.45,2608.85,2558.45,66.44B,0.0082
11/16/2005,2582.75,2559.45,2585.95,2559.45,59.71B,0.0094
11/14/2005,2558.7,2548.55,2576.95,2534.4,70.31B,0.0039
11/11/2005,2548.65,2500.85,2551.4,2500.85,72.46B,0.0192
11/10/2005,2500.7,2489.1,2504.75,2480.85,64.92B,0.0047
11/9/2005,2489.1,2493.1,2519.4,2475.7,73.90B,-0.0014
11/8/2005,2492.65,2463.65,2502.9,2460,79.72B,0.0126
11/7/2005,2461.6,2419.25,2464.65,2411.6,79.27B,0.0176
11/2/2005,2419.05,2386.45,2423.8,2367.75,82.54B,0.0135
11/1/2005,2386.75,2366.8,2410.15,2366.8,18.75B,0.0067
10/31/2005,2370.95,2314.85,2373.4,2314.2,69.80B,0.0237
10/28/2005,2316.05,2352.65,2355.15,2307.45,84.57B,-0.0157
10/27/2005,2352.9,2408.95,2416.45,2338.6,125.29B,-0.0231
10/26/2005,2408.5,2418.45,2434,2401.1,91.10B,-0.004
10/25/2005,2418.2,2394.95,2444.6,2390.85,85.09B,0.0098
10/24/2005,2394.85,2444.2,2460,2388.4,80.24B,-0.02
10/21/2005,2443.75,2397.85,2447.85,2384.05,97.46B,0.0202
10/20/2005,2395.45,2421.4,2463.85,2363.55,114.28B,-0.007
10/19/2005,2412.45,2467.8,2467.85,2394.95,93.29B,-0.0226
10/18/2005,2468.2,2485.25,2517.7,2452.5,77.32B,-0.0068
10/17/2005,2485.15,2488.4,2498.6,2459.5,77.00B,0.0003
10/14/2005,2484.4,2537.7,2548,2478,91.43B,-0.0208
10/13/2005,2537.3,2584.4,2589.35,2529.05,95.74B,-0.0202
10/11/2005,2589.55,2569.15,2592,2533.7,71.47B,0.0088
10/10/2005,2566.85,2577.1,2595.15,2561,61.30B,-0.0028
10/7/2005,2574.05,2577.2,2603.25,2547.55,92.77B,-0.002
10/6/2005,2579.15,2643.8,2643.8,2571.3,107.14B,-0.0247
10/5/2005,2644.4,2663.7,2669.2,2636.6,87.71B,-0.0071
10/4/2005,2663.35,2630,2667.05,2629.6,76.75B,0.0127
10/3/2005,2630.05,2601,2635,2597.2,64.62B,0.011
9/30/2005,2601.4,2607.9,2623.05,2567.75,88.16B,-0.0038
9/29/2005,2611.2,2598.6,2633.9,2589.45,118.31B,0.0051
9/28/2005,2598.05,2574.45,2602.95,2559.85,75.64B,0.009
9/27/2005,2574.85,2558.5,2592.5,2549.85,80.84B,0.0068
9/26/2005,2557.35,2477.85,2560.85,2477.85,61.92B,0.0321
9/23/2005,2477.75,2480.5,2507.9,2453.05,84.22B,0.0005
9/22/2005,2476.5,2567.85,2580.4,2465.85,103.32B,-0.0354
9/21/2005,2567.3,2576.7,2585.6,2504.9,108.70B,-0.0042
9/20/2005,2578,2567.2,2582.8,2546.6,77.24B,0.0042
9/19/2005,2567.1,2555.45,2579.7,2550.45,63.88B,0.0058
9/16/2005,2552.35,2524.9,2555.1,2519.05,63.66B,0.0113
9/15/2005,2523.95,2492.85,2527.5,2492.75,62.95B,0.0126
9/14/2005,2492.45,2500.4,2514.75,2476,82.09B,-0.0032
9/13/2005,2500.35,2484,2503,2477.1,54.88B,0.0065
9/12/2005,2484.15,2455.85,2486.35,2455.85,44.83B,0.0117
9/9/2005,2455.45,2448.8,2462.8,2441.9,47.67B,0.0004
9/8/2005,2454.45,2429,2456.9,2429,46.07B,0.0106
9/6/2005,2428.65,2422.4,2436.25,2417,47.41B,0.0024
9/5/2005,2422.95,2417.1,2439.55,2414.95,50.52B,0.003
9/2/2005,2415.8,2406.45,2422.1,2396.1,61.33B,0.0042
9/1/2005,2405.75,2384.7,2412.35,2382.9,59.76B,0.0088
8/31/2005,2384.65,2369.05,2387,2355,50.12B,0.0071
8/30/2005,2367.75,2337.8,2373.8,2337.75,46.97B,0.0129
8/29/2005,2337.65,2359.2,2365.85,2312.6,41.87B,-0.0082
8/26/2005,2357.05,2354.6,2368.05,2340.2,47.58B,0.0011
8/25/2005,2354.55,2323.1,2359.2,2320.7,78.54B,0.0138
8/24/2005,2322.5,2326.1,2334.9,2300.45,68.32B,-0.0015
8/23/2005,2326.1,2369.55,2380.5,2320.35,57.19B,-0.0176
8/22/2005,2367.85,2383.45,2403.45,2355.75,55.93B,-0.0065
8/19/2005,2383.45,2400.8,2409.35,2378.45,47.52B,-0.0021
8/18/2005,2388.45,2404.65,2426.65,2380.7,63.48B,-0.0061
8/17/2005,2403.15,2369.8,2406.25,2357.5,61.48B,0.0141
8/16/2005,2369.8,2361.65,2379.4,2356.85,59.05B,0.0035
8/12/2005,2361.55,2381.05,2390.45,2356.9,71.14B,-0.0081
8/11/2005,2380.9,2358.9,2387.3,2355.5,93.59B,0.0088
8/10/2005,2360.15,2322.3,2364.8,2322.05,81.81B,0.0179
8/9/2005,2318.7,2324.75,2342.2,2303.1,93.65B,-0.0025
8/8/2005,2324.4,2361.95,2386.95,2320.05,97.37B,-0.0156
8/5/2005,2361.2,2367.35,2377.1,2355.95,114.26B,-0.0028
8/4/2005,2367.8,2357.75,2377.35,2352.05,91.95B,0.0046
8/3/2005,2357,2359.1,2377,2345.2,102.04B,0.0014
8/2/2005,2353.65,2321.9,2357.15,2319.75,81.64B,0.0154
8/1/2005,2318.05,2312.05,2329.9,2294.25,59.15B,0.0025
7/29/2005,2312.3,2318.05,2332.55,2280.85,111.82B,-0.0029
7/27/2005,2319.1,2304.25,2324,2292.85,70.68B,0.0069
7/26/2005,2303.15,2289.25,2307.1,2279.8,98.68B,0.005
7/25/2005,2291.75,2266.65,2293.95,2266.65,81.36B,0.0115
7/22/2005,2265.6,2231,2268.55,2223.15,57.71B,0.0157
7/21/2005,2230.5,2240.95,2251.85,2221.2,60.77B,-0.0051
7/20/2005,2241.9,2236.9,2252,2236.9,56.89B,0.0021
7/19/2005,2237.3,2234.25,2246.7,2227.2,51.11B,0.0015
7/18/2005,2234,2212.95,2248.7,2212.95,55.02B,0.0097
7/15/2005,2212.55,2185.1,2216.5,2181.85,57.48B,0.0126
7/14/2005,2185.1,2204.4,2212.55,2178.6,65.04B,-0.0086
7/13/2005,2204.05,2221.45,2234.15,2200.05,74.23B,-0.0075
7/12/2005,2220.8,2219.1,2233.2,2191.7,71.61B,0.0009
7/11/2005,2218.85,2195.55,2224.65,2195.55,54.41B,0.0103
7/8/2005,2196.2,2183.55,2210.7,2179.05,48.32B,0.0077
7/7/2005,2179.4,2228.3,2235.8,2171.25,60.52B,-0.0219
7/6/2005,2228.2,2211.35,2232.65,2211.3,51.43B,0.0079
7/5/2005,2210.75,2231.2,2238.6,2205.1,55.52B,-0.0089
7/4/2005,2230.65,2212.05,2232.2,2211.4,49.16B,0.0085
7/1/2005,2211.9,2220.45,2220.55,2198.9,54.58B,-0.0039
6/30/2005,2220.6,2191.55,2226.15,2189.45,82.21B,0.0132
6/29/2005,2191.65,2170.2,2194.25,2162,58.64B,0.01
6/28/2005,2169.85,2199.8,2206.8,2165.9,73.42B,-0.0136
6/27/2005,2199.8,2194.35,2219.65,2188.15,93.01B,0.0025
6/24/2005,2194.35,2184,2204.45,2162.95,57.56B,0.0048
6/23/2005,2183.85,2187.35,2192.1,2174.05,62.65B,-0.0016
6/22/2005,2187.35,2167.8,2196.45,2167.35,87.46B,0.008
6/21/2005,2170,2144.75,2173.25,2140.15,68.99B,0.012
6/20/2005,2144.35,2130.8,2150.25,2124.65,92.37B,0.0099
6/17/2005,2123.4,2123.6,2131.75,2103.9,43.86B,-0.0001
6/16/2005,2123.7,2128.3,2135.1,2114.55,65.29B,-0.0023
6/15/2005,2128.65,2110.5,2131.95,2110.35,44.58B,0.0077
6/14/2005,2112.35,2103.65,2113.85,2098.7,38.61B,0.0046
6/13/2005,2102.75,2090.7,2106.65,2081.7,38.79B,0.0058
6/10/2005,2090.6,2103.45,2133.1,2086.3,49.03B,-0.006
6/9/2005,2103.2,2112.25,2118.65,2097.55,53.92B,-0.0044
6/8/2005,2112.4,2094.7,2115.25,2094.05,49.63B,0.0068
6/7/2005,2098.15,2091.95,2102.85,2084.35,36.01B,0.0026
6/6/2005,2092.8,2092,2109.1,2087.4,42.74B,0.0002
6/4/2005,2092.35,2094.1,2098.1,2087,22.47B,-0.0009
6/3/2005,2094.25,2064.1,2097.25,2061.35,52.18B,0.0143
6/2/2005,2064.65,2087.85,2093.45,2062.55,50.47B,-0.011
6/1/2005,2087.55,2087.8,2097.6,2081.2,58.90B,0
5/31/2005,2087.55,2072.5,2091.75,2066.55,45.87B,0.0073
5/30/2005,2072.4,2076.55,2086.85,2064.85,54.67B,-0.0019
5/27/2005,2076.4,2073.25,2099.35,2069.5,73.79B,0.0008
5/26/2005,2074.7,2043.5,2078.65,2025.65,88.19B,0.0151
5/25/2005,2043.85,2028.55,2047.45,2019,76.58B,0.0075
5/24/2005,2028.6,2016,2031.9,2009.55,56.76B,0.0073
5/23/2005,2013.9,1992.1,2019.35,1991.7,37.69B,0.0108
5/20/2005,1992.4,1991.85,1998.2,1975.95,41.64B,0.0008
5/19/2005,1990.85,1983.15,2008.35,1983.15,42.63B,0.0041
5/18/2005,1982.75,1990.65,1990.95,1964.65,51.57B,-0.004
5/17/2005,1990.8,2013.1,2024.6,1984.75,48.67B,-0.0108
5/16/2005,2012.6,1991.5,2014.95,1989.7,38.02B,0.0122
5/13/2005,1988.3,1992.5,1992.75,1978.9,36.65B,-0.0024
5/12/2005,1993.15,1985.95,1999.85,1981.95,36.12B,0.0036
5/11/2005,1985.95,1990.55,1991.85,1975.05,44.57B,-0.0042
5/10/2005,1994.3,2001,2007.8,1989.1,56.04B,-0.0032
5/9/2005,2000.75,1978.05,2003.15,1978.05,51.49B,0.0118
5/6/2005,1977.5,1962.3,1984.4,1947.3,52.72B,0.0072
5/5/2005,1963.3,1942.6,1973.35,1942.05,53.02B,0.0107
5/4/2005,1942.6,1920.5,1944.45,1920.15,48.18B,0.0114
5/3/2005,1920.7,1916.95,1940.1,1911,51.92B,0.0021
5/2/2005,1916.75,1903.1,1925.6,1898.15,60.56B,0.0075
4/29/2005,1902.5,1943.2,1943.2,1896.3,64.31B,-0.02
4/28/2005,1941.3,1935.65,1950.25,1921.05,82.32B,0.003
4/27/2005,1935.4,1959.45,1962.2,1930.35,62.04B,-0.0111
4/26/2005,1957.1,1971.05,1972.85,1951.8,51.30B,-0.007
4/25/2005,1970.95,1968.45,1974.2,1952.4,53.65B,0.0018
4/22/2005,1967.35,1950.6,1972.95,1950,55.29B,0.0096
4/21/2005,1948.55,1930.5,1950,1911.4,58.53B,0.0098
4/20/2005,1929.7,1908.5,1941.85,1902.9,74.60B,0.0106
4/19/2005,1909.4,1927.9,1961.15,1902.8,61.37B,-0.0095
4/18/2005,1927.8,1955.5,1959.25,1914.85,70.75B,-0.0146
4/15/2005,1956.3,2022.5,2022.5,1952.75,64.72B,-0.0341
4/13/2005,2025.45,2024.9,2038.85,2018.1,44.91B,0.0002
4/12/2005,2024.95,2002.75,2027.8,2002.75,35.57B,0.0083
4/11/2005,2008.2,2032.75,2033,2001.85,38.49B,-0.0113
4/8/2005,2031.2,2053.05,2057.5,2024.8,42.15B,-0.0105
4/7/2005,2052.85,2069.15,2084.9,2048.05,48.15B,-0.0079
4/6/2005,2069.3,2054,2073.1,2051.3,53.94B,0.0082
4/5/2005,2052.55,2063.2,2077.95,2043.7,54.69B,-0.0053
4/4/2005,2063.4,2067.65,2076.6,2054.9,64.43B,-0.0021
4/1/2005,2067.65,2035.9,2071.2,2024.25,63.21B,0.0157
3/31/2005,2035.65,1994.5,2043.6,1994.5,91.75B,0.021
3/30/2005,1993.7,1983.65,2000.45,1971.15,69.95B,0.005
3/29/2005,1983.85,2029.4,2032.65,1971.55,69.69B,-0.0225
3/28/2005,2029.45,2015.75,2046.85,2015.25,51.85B,0.007
3/24/2005,2015.4,2026.6,2042.45,2007.35,70.93B,-0.0054
3/23/2005,2026.4,2061.2,2067.45,2019.85,91.45B,-0.0171
3/22/2005,2061.6,2096.75,2099,2056.5,57.63B,-0.0167
3/21/2005,2096.6,2117.95,2124.8,2089.35,62.12B,-0.006
3/18/2005,2109.15,2097.75,2112.25,2077.2,83.94B,0.0051
3/17/2005,2098.5,2123.95,2126.55,2090.45,62.05B,-0.0127
3/16/2005,2125.55,2129.35,2158.9,2121.1,75.51B,-0.0016
3/15/2005,2128.95,2146.55,2151.35,2122,60.05B,-0.0081
3/14/2005,2146.35,2153.8,2164.15,2140.9,73.87B,-0.0036
3/11/2005,2154,2167.7,2182.1,2148.7,70.47B,-0.0062
3/10/2005,2167.4,2160.85,2170.2,2145.75,61.89B,0.0031
3/9/2005,2160.8,2169.1,2183.45,2141.35,81.07B,-0.0038
3/8/2005,2168.95,2160.65,2173.85,2154,78.38B,0.0041
3/7/2005,2160.1,2148.25,2166.85,2143.05,86.79B,0.0056
3/4/2005,2148.15,2129.1,2152.75,2129.1,78.28B,0.0091
3/3/2005,2128.85,2093.4,2132.75,2093.35,84.30B,0.017
3/2/2005,2093.25,2084.6,2096.35,2080.55,78.60B,0.0042
3/1/2005,2084.4,2103.1,2115.1,2073.8,71.29B,-0.009
2/28/2005,2103.25,2061.2,2106.2,2047.7,103.14B,0.0205
2/25/2005,2060.9,2057.3,2081.85,2051.2,66.31B,0.0027
2/24/2005,2055.3,2057.75,2070.5,2052.4,76.50B,-0.0009
2/23/2005,2057.1,2058.7,2065.15,2051.35,52.49B,-0.0006
2/22/2005,2058.4,2043.4,2061.65,2036.6,51.90B,0.0074
2/21/2005,2043.2,2055.15,2065.75,2039.9,46.92B,-0.006
2/18/2005,2055.55,2062.45,2076.7,2048.85,63.67B,-0.0031
2/17/2005,2061.9,2069.1,2069.15,2045.85,63.85B,-0.0033
2/16/2005,2068.8,2090,2103.4,2059.45,68.53B,-0.0101
2/15/2005,2089.95,2098.25,2101.6,2081.2,60.94B,-0.004
2/14/2005,2098.25,2083.05,2110.15,2083.05,86.44B,0.0078
2/11/2005,2082.05,2063.35,2084.5,2063.35,84.99B,0.0091
2/10/2005,2063.35,2070.1,2075.1,2049.85,69.89B,-0.0032
2/9/2005,2070,2055.2,2077.7,2055.2,68.24B,0.0072
2/8/2005,2055.15,2055,2065,2043.6,74.19B,0
2/7/2005,2055.1,2097.45,2098,2049.85,62.13B,-0.011
2/4/2005,2077.95,2079.4,2099.2,2060.8,79.16B,-0.0007
2/3/2005,2079.45,2052.35,2083.75,2052.35,78.10B,0.0133
2/2/2005,2052.25,2062.15,2074.5,2045.5,89.99B,-0.0037
2/1/2005,2059.85,2057.75,2072.5,2045.25,135.57B,0.0011
1/31/2005,2057.6,2008.45,2060.4,2006.35,137.98B,0.0245
1/28/2005,2008.3,1955.25,2014.25,1950.85,106.73B,0.0273
1/27/2005,1955,1931.9,1961.75,1929,135.72B,0.012
1/25/2005,1931.85,1908.85,1934.25,1894.4,88.57B,0.012
1/24/2005,1909,1925.3,1932.75,1902.9,74.82B,-0.0085
1/20/2005,1925.3,1928.1,1940.95,1900.05,96.60B,-0.0007
1/19/2005,1926.65,1934.1,1945.65,1922.35,94.22B,-0.0038
1/18/2005,1934.05,1933.05,1956.95,1925.35,91.87B,0.0006
1/17/2005,1932.9,1931.75,1944.55,1902.45,82.25B,0.0009
1/14/2005,1931.1,1954.9,1961.4,1922.85,86.21B,-0.012
1/13/2005,1954.55,1922.5,1963.4,1916.95,80.90B,0.0214
1/12/2005,1913.6,1953.6,1966.65,1900.85,85.04B,-0.0197
1/11/2005,1952.05,1982.7,1988.9,1947.35,70.27B,-0.0151
1/10/2005,1982,2016.75,2025.9,1974.8,75.66B,-0.0166
1/7/2005,2015.5,1998.25,2021.45,1992.55,76.29B,0.0086
1/6/2005,1998.35,2031.55,2035.65,1984.25,94.32B,-0.0167
1/5/2005,2032.2,2103.75,2105.1,1990.15,109.22B,-0.034
1/4/2005,2103.75,2116.95,2120.15,2100.55,72.72B,-0.0053
1/3/2005,2115,2080,2118.6,2080,70.51B,0.0166
12/31/2004,2080.5,2059.85,2083,2059.85,60.14B,0.01
12/30/2004,2059.8,2070.55,2088.45,2052.25,79.26B,-0.0047
12/29/2004,2069.6,2071.55,2086.15,2062.35,68.71B,-0.0008
12/28/2004,2071.35,2063.6,2074.6,2060.05,85.66B,0.0042
12/27/2004,2062.6,2061.6,2079.05,2046.25,73.52B,0
12/24/2004,2062.7,2045.35,2065.6,2045.3,68.45B,0.0086
12/23/2004,2045.15,2035.6,2049.3,2031.9,57.03B,0.0048
12/22/2004,2035.35,2040.6,2053.9,2029.85,75.62B,-0.0045
12/21/2004,2044.65,2027.8,2047.5,2025.25,73.29B,0.0088
12/20/2004,2026.85,2012.5,2029.5,2007.15,83.22B,0.0073
12/17/2004,2012.1,2032.85,2037.7,2007.2,86.24B,-0.0104
12/16/2004,2033.2,2028.8,2039.2,2019.5,76.51B,0.0022
12/15/2004,2028.7,2006.8,2034.35,2006.8,86.23B,0.0109
12/14/2004,2006.8,1985.2,2008.8,1972.85,80.09B,0.0108
12/13/2004,1985.35,1970.6,1987,1964.8,68.23B,0.0083
12/10/2004,1969,1990.2,1999.7,1964.65,86.93B,-0.0105
12/9/2004,1989.95,1977.8,1995.7,1964.5,87.02B,0.0061
12/8/2004,1977.95,1994.15,2009.7,1973.15,101.91B,-0.0074
12/7/2004,1992.7,1990.6,2002.6,1981.15,91.43B,-0.0002
12/6/2004,1993.15,1996.3,2012.25,1989.95,103.22B,-0.0015
12/3/2004,1996.2,1991.9,2011.9,1990.3,111.13B,-0.0014
12/2/2004,1999,1962.75,2001.55,1962.75,131.74B,0.0188
12/1/2004,1962.05,1960.75,1971.6,1944.5,114.58B,0.0017
11/30/2004,1958.8,1940.25,1963.8,1940.25,119.05B,0.0099
11/29/2004,1939.65,1899.3,1942.95,1894.6,110.66B,0.0203
11/25/2004,1901.05,1904.25,1915.8,1892.6,105.46B,-0.0016
11/24/2004,1904.05,1893.15,1907.35,1889.85,65.66B,0.006
11/23/2004,1892.6,1873.35,1900.05,1873.35,82.13B,0.0103
11/22/2004,1873.35,1872.55,1878.05,1845.1,73.27B,0.0005
11/19/2004,1872.35,1891.95,1898.15,1869.35,83.05B,-0.0104
11/18/2004,1892.05,1890.45,1895.3,1880.8,91.09B,0.0018
11/17/2004,1888.65,1879.05,1892.15,1874.35,77.65B,0.0051
11/16/2004,1879,1872.8,1881.4,1862.8,68.60B,0.0032
11/12/2004,1872.95,1871.9,1885.05,1866.75,21.42B,0.0013
11/11/2004,1870.55,1876.45,1884.65,1866.95,58.87B,-0.003
11/10/2004,1876.1,1859.65,1878.2,1857.7,71.71B,0.0093
11/9/2004,1858.75,1863.55,1869.45,1853.45,63.30B,-0.0022
11/8/2004,1862.8,1852.45,1871.05,1852.45,63.02B,0.0057
11/5/2004,1852.3,1836.05,1854.4,1836,63.62B,0.0095
11/4/2004,1834.85,1837.8,1853.05,1830.5,85.03B,-0.0014
11/3/2004,1837.4,1814.15,1838.4,1814.15,86.22B,0.0131
11/2/2004,1813.7,1798.3,1817.1,1798.3,76.29B,0.0089
11/1/2004,1797.75,1787.3,1800.25,1776.7,79.01B,0.0061
10/29/2004,1786.9,1800.85,1808.85,1783.1,125.11B,-0.0073
10/28/2004,1800.1,1783.9,1808.15,1783.9,113.06B,0.0091
10/27/2004,1783.85,1781.15,1797.55,1774.2,87.52B,0.0016
10/26/2004,1781.05,1777.85,1782.1,1750.3,99.73B,0.0135
10/25/2004,1757.25,1780,1783.55,1753.5,78.09B,-0.0126
10/21/2004,1779.75,1790.35,1795.4,1772.4,69.15B,-0.0058
10/20/2004,1790.05,1808.6,1815.2,1785.45,80.48B,-0.0101
10/19/2004,1808.4,1787.2,1813.9,1787.2,73.75B,0.0125
10/18/2004,1786,1796.05,1806.15,1782.95,64.34B,-0.005
10/15/2004,1795,1794.8,1814.05,1789.55,82.58B,0.0001
10/14/2004,1794.75,1784.8,1805.7,1773,96.79B,0.0044
10/12/2004,1786.9,1808.45,1820.9,1783.05,87.63B,-0.0115
10/11/2004,1807.75,1817.85,1829.45,1803.5,71.94B,-0.0055
10/9/2004,1817.8,1812.85,1824.9,1812.8,25.80B,-0.0013
10/8/2004,1820.2,1815.65,1825.15,1808.75,94.30B,0.0025
10/7/2004,1815.7,1793,1821.85,1793,90.73B,0.0116
10/6/2004,1794.9,1811.7,1824.8,1790.6,106.35B,-0.0097
10/5/2004,1812.45,1805.85,1816.55,1798.6,96.08B,0.0038
10/4/2004,1805.65,1776.75,1813.9,1775.45,94.39B,0.0172
10/1/2004,1775.15,1744.4,1778.65,1737.85,95.83B,0.017
9/30/2004,1745.5,1728.3,1748.2,1728.2,125.08B,0.0102
9/29/2004,1727.95,1700.55,1730.3,1695.7,144.12B,0.0163
9/28/2004,1700.25,1717.45,1717.9,1697.4,98.87B,-0.01
9/27/2004,1717.5,1722.4,1726.15,1707.95,81.16B,-0.0029
9/24/2004,1722.5,1726.15,1736.9,1717.2,101.67B,-0.0021
9/23/2004,1726.15,1753.1,1753.15,1723.4,142.29B,-0.0158
9/22/2004,1753.9,1749.75,1760.8,1736.3,123.80B,0.0021
9/21/2004,1750.2,1728.75,1753,1724.7,122.45B,0.0124
9/20/2004,1728.8,1734.05,1741.55,1725.3,132.55B,-0.0028
9/17/2004,1733.65,1702.7,1736.4,1702.7,159.70B,0.0164
9/16/2004,1705.7,1683.6,1708,1677.35,139.09B,0.0134
9/15/2004,1683.2,1685.7,1694.45,1675.85,104.92B,-0.0014
9/14/2004,1685.55,1675.2,1686.8,1668.45,90.53B,0.0062
9/13/2004,1675.2,1668.25,1681.75,1668.05,81.53B,0.0039
9/10/2004,1668.75,1649.45,1670.95,1642.35,78.60B,0.012
9/9/2004,1649,1656.25,1662.4,1640.25,86.88B,-0.0044
9/8/2004,1656.25,1650.6,1658.85,1648.25,75.59B,0.0037
9/7/2004,1650.15,1643.95,1653.15,1641.8,73.20B,0.0037
9/6/2004,1644,1634.6,1649.15,1634.45,68.88B,0.0061
9/3/2004,1634.1,1629.65,1636.1,1622.1,81.21B,0.0029
9/2/2004,1629.3,1635.5,1641.25,1619.9,73.76B,-0.0038
9/1/2004,1635.45,1631.7,1640.55,1631.1,80.87B,0.0023
8/31/2004,1631.75,1628.5,1634.8,1618.3,92.19B,0.002
8/30/2004,1628.45,1609.45,1629.9,1609.2,62.84B,0.0121
8/27/2004,1609,1610.85,1617.25,1600.15,66.37B,-0.0011
8/26/2004,1610.75,1595.75,1613.25,1593.45,96.02B,0.0094
8/25/2004,1595.7,1592.2,1598.55,1586.35,70.78B,0.0026
8/24/2004,1591.6,1578.2,1597.9,1578.05,94.20B,0.0085
8/23/2004,1578.2,1590.9,1595.55,1573.7,128.55B,-0.0076
8/20/2004,1590.35,1609.2,1610.6,1584.05,108.92B,-0.0117
8/19/2004,1609.2,1581.9,1612.5,1581.9,111.17B,0.0173
8/18/2004,1581.8,1604.15,1604.15,1577.25,105.91B,-0.0141
8/17/2004,1604.35,1624,1628.45,1597.45,139.52B,0.0033
8/16/2004,1599.15,1598.2,1612.7,1591.6,142.52B,0.0006
8/13/2004,1598.2,1598.2,1612.7,1591.6,110.48B,-0.0056
8/12/2004,1607.2,1624.3,1629.15,1599.5,125.12B,-0.0089
8/11/2004,1621.6,1652.1,1658.9,1616.85,138.80B,-0.0185
8/10/2004,1652.15,1642.75,1656.6,1637.7,120.50B,0.0058
8/9/2004,1642.6,1633.25,1644.4,1617.05,107.65B,0.0056
8/6/2004,1633.4,1654.85,1658.7,1626.7,141.54B,-0.013
8/5/2004,1654.95,1626.4,1656.25,1626.4,134.33B,0.0175
8/4/2004,1626.55,1631.3,1635.95,1618.2,105.08B,-0.0025
8/3/2004,1630.6,1639.95,1648.35,1626.3,135.83B,-0.0052
8/2/2004,1639.05,1631.55,1643.8,1627.25,96.48B,0.0041
7/30/2004,1632.3,1618.9,1638.7,1609.9,151.00B,0.0084
7/29/2004,1618.7,1594.7,1624.3,1590.15,167.18B,0.0154
7/28/2004,1594.15,1600.85,1609.45,1586.15,147.02B,-0.0041
7/27/2004,1600.75,1617.95,1629.35,1597.2,167.54B,-0.0107
7/26/2004,1618,1602.15,1620.35,1584.65,138.96B,0.0102
7/23/2004,1601.6,1587.6,1610.85,1587.6,152.83B,0.0022
7/22/2004,1598.1,1581.6,1609.55,1580.95,170.68B,0.0106
7/21/2004,1581.4,1566.15,1600.7,1562.9,112.76B,0.0098
7/20/2004,1566.1,1571.7,1581.05,1555.55,121.19B,-0.0035
7/19/2004,1571.6,1559.2,1582.35,1556.55,112.37B,0.0082
7/16/2004,1558.8,1538.15,1562,1533.65,138.32B,0.0126
7/15/2004,1539.4,1523.1,1543.25,1517.8,141.17B,0.0109
7/14/2004,1522.75,1535.1,1552.25,1519.35,110.00B,-0.0108
7/13/2004,1539.3,1560,1569.75,1530.6,79.36B,-0.0113
7/12/2004,1556.95,1548.6,1562.8,1537.7,82.41B,0.0024
7/9/2004,1553.2,1517.45,1557.75,1472.55,104.35B,0.0231
7/8/2004,1518.15,1567.25,1586.55,1504.5,204.44B,-0.0311
7/7/2004,1566.8,1558.05,1578.5,1551.35,159.59B,0.0055
7/6/2004,1558.25,1526.65,1561,1524.15,131.32B,0.0206
7/5/2004,1526.85,1537.55,1546,1522.9,101.15B,-0.0069
7/2/2004,1537.5,1537.05,1547.65,1516.15,127.49B,0.0002
7/1/2004,1537.2,1506.65,1539.15,1504.55,113.01B,0.021
6/30/2004,1505.6,1518.7,1532.15,1501.7,132.03B,-0.0084
6/29/2004,1518.3,1514.35,1528.5,1503.3,135.42B,0.0026
6/28/2004,1514.35,1488.6,1516.95,1488.6,127.92B,0.0174
6/25/2004,1488.5,1471.5,1494,1459.55,148.72B,0.0121
6/24/2004,1470.75,1445.35,1474.3,1437.9,136.46B,0.017
6/23/2004,1446.1,1474.8,1481.45,1442.55,102.70B,-0.0194
6/22/2004,1474.7,1482.85,1489.6,1467.65,90.06B,-0.0049
6/21/2004,1482,1490.75,1499.8,1478.85,80.29B,-0.0062
6/18/2004,1491.2,1511.95,1515.05,1485.05,89.86B,-0.0138
6/17/2004,1512.05,1494.7,1519.2,1482.2,88.06B,0.0116
6/16/2004,1494.75,1500.95,1525.2,1490.45,88.67B,-0.0042
6/15/2004,1501,1481.45,1507.85,1481,97.74B,0.0133
6/14/2004,1481.35,1508.15,1509.6,1474.65,96.83B,-0.018
6/11/2004,1508.45,1544.95,1547.4,1504.8,85.74B,-0.0235
6/10/2004,1544.75,1547.7,1552.75,1535,78.63B,-0.0023
6/9/2004,1548.3,1550.45,1561.6,1541.6,93.46B,-0.0015
6/8/2004,1550.55,1542.6,1557,1526.45,91.17B,0.0052
6/7/2004,1542.55,1521.6,1557.5,1521.6,105.18B,0.0141
6/4/2004,1521.1,1494.85,1527,1480.8,106.87B,0.0174
6/3/2004,1495.1,1535.8,1566.5,1484.5,112.50B,-0.0261
6/2/2004,1535.2,1508,1543.3,1508,87.16B,0.0181
6/1/2004,1507.9,1483.9,1529.6,1483.9,107.05B,0.0164
5/31/2004,1483.6,1507.05,1509.05,1456.2,127.19B,-0.0167
5/28/2004,1508.75,1586.35,1587.1,1504,134.30B,-0.0489
5/27/2004,1586.4,1590.15,1606,1576.05,101.14B,-0.0078
5/26/2004,1598.8,1608.15,1625.7,1587,101.45B,-0.0049
5/25/2004,1606.7,1608.9,1621.45,1566.4,101.37B,-0.0013
5/24/2004,1608.85,1563.65,1613.6,1563.05,93.13B,0.0312
5/21/2004,1560.2,1545.05,1566.15,1498.1,113.12B,0.0106
5/20/2004,1543.85,1566.5,1591.05,1531.3,134.94B,-0.0153
5/19/2004,1567.85,1508.05,1576.05,1508.05,141.94B,0.0425
5/18/2004,1503.95,1392.95,1517.6,1389.65,148.41B,0.083
5/17/2004,1388.75,1582.5,1583.8,1292.2,114.97B,-0.1224
5/14/2004,1582.4,1717.05,1722.8,1566.95,177.16B,-0.0787
5/13/2004,1717.5,1707.95,1750.3,1625.1,155.58B,0.0037
5/12/2004,1711.1,1699.25,1721.35,1689.85,106.58B,0.0069
5/11/2004,1699.45,1768.7,1768.7,1692.9,98.60B,-0.0394
5/10/2004,1769.1,1804.4,1804.4,1753.8,98.00B,-0.0196
5/7/2004,1804.45,1832.85,1833.15,1796.95,84.07B,-0.0155
5/6/2004,1832.8,1810.3,1837.95,1810.3,83.79B,0.0127
5/5/2004,1809.9,1789.45,1814.35,1788.1,76.70B,0.0094
5/4/2004,1793.1,1769.1,1803.15,1768.8,89.71B,0.0149
5/3/2004,1766.7,1796.1,1801.45,1742.8,105.96B,-0.0164
4/30/2004,1796.1,1820.55,1841.45,1788.3,105.82B,-0.0071
4/29/2004,1808.95,1816.7,1818.9,1793.1,136.95B,-0.0042
4/28/2004,1816.55,1819,1833.95,1801.8,117.15B,-0.0004
4/27/2004,1817.25,1890.05,1893.1,1814,120.42B,-0.0397
4/23/2004,1892.45,1890.85,1912.35,1885.75,127.54B,0.0015
4/22/2004,1889.55,1873.55,1894.6,1871,116.78B,0.0086
4/21/2004,1873.35,1844.35,1876,1838.6,114.89B,0.0158
4/20/2004,1844.25,1844.4,1851,1832,102.77B,0.0001
4/19/2004,1844.05,1868.2,1876.2,1837.4,93.08B,-0.0129
4/17/2004,1868.1,1869.2,1875.95,1864.95,23.01B,-0.0005
4/16/2004,1868.95,1863.85,1882.55,1861.8,83.29B,0.0038
4/15/2004,1861.95,1878.5,1884.5,1855,112.26B,-0.0088
4/13/2004,1878.45,1838.5,1885.15,1819.8,85.83B,0.0219
4/12/2004,1838.2,1860.3,1873.75,1828.95,80.20B,-0.0083
4/8/2004,1853.55,1854,1864.95,1839.7,93.98B,0.0026
4/7/2004,1848.7,1856.4,1865.2,1833.95,86.26B,-0.0013
4/6/2004,1851.15,1870.8,1876.15,1836.9,109.41B,-0.0029
4/5/2004,1856.6,1841.1,1878.8,1840,102.60B,0.0084
4/2/2004,1841.1,1856.1,1856.3,1809,118.74B,0.0118
4/1/2004,1819.65,1771.45,1823.05,1771.45,111.07B,0.0269
3/31/2004,1771.9,1744.6,1775.3,1740.2,93.07B,0.0124
3/30/2004,1750.15,1762.15,1775.4,1746.25,88.67B,-0.0068
3/29/2004,1762.05,1747.35,1766.15,1739.5,81.09B,0.0083
3/26/2004,1747.5,1704.45,1755.45,1703.8,107.61B,0.0253
3/25/2004,1704.45,1691.95,1720.65,1691.95,108.54B,0.0073
3/24/2004,1692.1,1697.4,1700.65,1676.4,88.91B,-0.0025
3/23/2004,1696.4,1685.15,1710.45,1669.7,99.20B,0.0068
3/22/2004,1685,1726.3,1726.35,1678.4,89.14B,-0.0232
3/19/2004,1725.1,1716.3,1738.6,1703.55,98.83B,0.0049
3/18/2004,1716.65,1750,1754.95,1708.3,99.54B,-0.019
3/17/2004,1749.85,1749.6,1765.05,1738.85,98.29B,0.0003
3/16/2004,1749.35,1763.35,1769.5,1730.1,145.24B,-0.008
3/15/2004,1763.4,1812.45,1836,1751.8,134.13B,-0.0269
3/12/2004,1812.2,1805.2,1820.95,1775.9,126.01B,0.0038
3/11/2004,1805.4,1843.95,1843.95,1798.45,116.66B,-0.0211
3/10/2004,1844.35,1866.3,1866.4,1835.8,131.85B,-0.0116
3/9/2004,1866.05,1884.5,1898.7,1843,127.69B,-0.0102
3/8/2004,1885.25,1868.15,1891.95,1867.95,129.10B,0.0094
3/5/2004,1867.7,1843.9,1871.1,1843.9,116.41B,0.0129
3/4/2004,1843.85,1859.3,1867.95,1831.2,112.52B,-0.0089
3/3/2004,1860.4,1852.45,1868.25,1842.45,133.76B,0.0042
3/1/2004,1852.7,1798.35,1856.45,1795.35,113.70B,0.0291
2/27/2004,1800.3,1765.9,1807.45,1763.95,128.74B,0.0195
2/26/2004,1765.8,1787.45,1818.6,1760.55,114.14B,-0.0118
2/25/2004,1786.8,1833.65,1834.1,1779,102.77B,-0.019
2/24/2004,1821.35,1808.4,1826.85,1780.35,132.74B,0.0073
2/23/2004,1808.2,1853,1867.25,1800.2,99.79B,-0.024
2/20/2004,1852.65,1858.25,1872.85,1831.15,130.22B,-0.003
2/19/2004,1858.3,1916.65,1919.7,1851.8,140.47B,-0.0303
2/18/2004,1916.45,1920,1935.8,1912.6,109.07B,-0.0019
2/17/2004,1920.1,1913.55,1926.15,1905.5,122.68B,0.0034
2/16/2004,1913.55,1914.45,1929.5,1909.45,116.67B,0
2/13/2004,1913.6,1875.6,1916.2,1873.25,123.51B,0.015
2/12/2004,1885.3,1892.2,1906.1,1869.25,109.93B,-0.0033
2/11/2004,1891.5,1891.8,1894.8,1874.5,110.96B,0.0057
2/10/2004,1880.75,1880.85,1897,1861.65,130.43B,0
2/9/2004,1880.7,1834.9,1885.2,1833.05,102.13B,0.0257
2/6/2004,1833.65,1804.35,1837.95,1797.95,119.13B,0.0162
2/5/2004,1804.5,1823.5,1846.75,1787.15,152.93B,-0.0097
2/4/2004,1822.2,1769.1,1829.65,1761.75,152.46B,0.0301
2/3/2004,1769,1809.3,1815.95,1755.65,142.15B,-0.0225
1/30/2004,1809.75,1843.7,1860.4,1804.3,137.22B,-0.0184
1/29/2004,1843.6,1863,1883.1,1827.25,158.14B,-0.0105
1/28/2004,1863.1,1903.9,1918.45,1846.35,153.54B,-0.0218
1/27/2004,1904.7,1847.9,1911.3,1844.65,127.78B,0.0309
1/23/2004,1847.55,1771.1,1858.5,1771.1,130.36B,0.0435
1/22/2004,1770.5,1824.7,1854.55,1756.25,164.35B,-0.0297
1/21/2004,1824.6,1895.45,1899.55,1811.35,142.24B,-0.0363
1/20/2004,1893.25,1928.8,1957.65,1876.85,137.95B,-0.0218
1/19/2004,1935.35,1901.9,1943.1,1874.95,120.70B,0.0183
1/16/2004,1900.65,1944.15,1953.05,1887.1,122.45B,-0.0225
1/15/2004,1944.45,1983.2,2000.3,1933.25,121.98B,-0.019
1/14/2004,1982.15,1987.4,1995.2,1970.1,113.21B,0.0094
1/13/2004,1963.6,1944.7,1967.85,1926.1,109.88B,0.0093
1/12/2004,1945.6,1972,1980.55,1936.75,116.68B,-0.0133
1/9/2004,1971.9,1969,2014.65,1957.45,153.06B,0.0017
1/8/2004,1968.55,1918.1,1973.45,1918.1,115.68B,0.027
1/7/2004,1916.75,1927.95,1930.95,1888.1,119.20B,-0.0052
1/6/2004,1926.7,1955.1,1979.05,1908.75,124.02B,-0.0145
1/5/2004,1955,1946.3,1969.2,1930.75,129.70B,0.0046
1/2/2004,1946.05,1912.25,1951.7,1911.05,117.08B,0.0177
1/1/2004,1912.25,1880.35,1917.05,1880.35,102.55B,0.0173
12/31/2003,1879.75,1868.9,1895.65,1852.5,114.76B,0.0035
12/30/2003,1873.25,1878.9,1914.4,1858.55,149.04B,-0.0004
12/29/2003,1874.05,1838.05,1876,1837.65,98.55B,0.0201
12/26/2003,1837.05,1804.7,1840.35,1804.7,114.22B,0.0157
12/24/2003,1808.7,1788.45,1815.6,1780.3,135.00B,0.016
12/23/2003,1780.3,1789.1,1800.9,1751.05,85.98B,-0.0049
12/22/2003,1789.15,1778.85,1794.3,1778.4,93.94B,0.006
12/19/2003,1778.55,1757,1783.7,1755.4,140.66B,0.0128
12/18/2003,1756.1,1733.2,1759,1725.85,114.57B,0.0132
12/17/2003,1733.25,1736.35,1746.2,1725.4,101.35B,-0.0017
12/16/2003,1736.25,1723.9,1740.3,1711.3,105.56B,0.0071
12/15/2003,1723.95,1699.7,1728,1699.7,99.57B,0.0147
12/12/2003,1698.9,1695.8,1705.95,1686.45,95.31B,0.0021
12/11/2003,1695.4,1688.35,1701.7,1678.35,85.83B,0.005
12/10/2003,1686.9,1675.75,1697.3,1672.65,102.33B,0.0066
12/9/2003,1675.85,1646.4,1677.9,1646.4,82.35B,0.018
12/8/2003,1646.25,1644.85,1654.35,1631.85,95.77B,0.0003
12/5/2003,1645.8,1675.5,1688.25,1642.05,100.93B,-0.0176
12/4/2003,1675.2,1670.65,1683.75,1656.1,103.57B,0.0028
12/3/2003,1670.5,1660.7,1676.2,1655.9,97.02B,0.0072
12/2/2003,1658.5,1657.65,1671.85,1639.65,117.86B,0.0005
12/1/2003,1657.65,1615.85,1660.55,1615.7,110.44B,0.0262
11/28/2003,1615.25,1598.55,1618.95,1598.55,99.39B,0.0106
11/27/2003,1598.35,1568.85,1602.6,1568.7,113.55B,0.0189
11/25/2003,1568.65,1543.95,1572.05,1543.95,95.58B,0.016
11/24/2003,1543.9,1541.35,1554.05,1536.5,116.68B,0.0021
11/21/2003,1540.7,1520.4,1547,1509.15,112.86B,0.0121
11/20/2003,1522.3,1542.85,1558.15,1517.9,112.47B,-0.0119
11/19/2003,1540.6,1563.95,1564,1534.35,110.69B,-0.0152
11/18/2003,1564.4,1579.15,1591.25,1557.2,106.24B,-0.0098
11/17/2003,1579.9,1563.1,1584.75,1554.4,89.94B,0.0109
11/15/2003,1562.8,1549.65,1571.3,1542,37.84B,0.008
11/14/2003,1550.45,1577.2,1580.3,1544.75,109.49B,-0.0187
11/13/2003,1579.95,1610.4,1616.15,1573.6,108.84B,-0.0149
11/12/2003,1603.8,1601.3,1617.75,1598,107.39B,0.0017
11/11/2003,1601.15,1594.5,1608.85,1590.95,108.53B,0.0042
11/10/2003,1594.5,1603.55,1603.65,1568.1,62.35B,0.0015
11/7/2003,1592.05,1612.1,1624.5,1585.35,138.36B,-0.0125
11/6/2003,1612.2,1610.55,1630.25,1605.4,174.02B,0.0019
11/5/2003,1609.15,1618.7,1627.6,1592.55,151.58B,-0.0059
11/4/2003,1618.7,1601.3,1626.4,1601.3,205.24B,0.0106
11/3/2003,1601.65,1556.5,1605.6,1556.5,151.95B,0.0294
10/31/2003,1555.9,1517.1,1559.75,1515.55,154.48B,0.0257
10/30/2003,1516.85,1499.25,1524.25,1495.8,202.27B,0.0123
10/29/2003,1498.45,1481.3,1501.7,1477.1,134.07B,0.0113
10/28/2003,1481.75,1485.45,1500.8,1471.3,138.89B,-0.0024
10/27/2003,1485.3,1522.05,1524.05,1482,135.06B,-0.0241
10/25/2003,1521.95,1506.05,1533.05,1506.05,43.19B,0.0106
10/24/2003,1506.05,1485.8,1512.55,1434.75,150.86B,0.0242
10/23/2003,1470.45,1494.75,1503,1466.25,133.91B,-0.0158
10/22/2003,1494.1,1506.75,1522.65,1483,152.76B,-0.0082
10/21/2003,1506.5,1546.2,1549.65,1496.95,196.13B,-0.0235
10/20/2003,1542.7,1569.7,1574.1,1536.5,167.97B,-0.017
10/17/2003,1569.45,1565.2,1574.1,1552.15,200.57B,0.0088
10/16/2003,1555.7,1537.3,1563.4,1537.3,162.78B,0.0122
10/15/2003,1537,1521.45,1543.85,1503,152.16B,0.0107
10/14/2003,1520.8,1548.7,1562.85,1513.75,182.18B,-0.0168
10/13/2003,1546.75,1523.35,1550.9,1516.05,132.23B,0.0155
10/10/2003,1523.1,1507.1,1527.25,1505.1,152.85B,0.014
10/9/2003,1502.1,1487.85,1505.05,1478.4,117.87B,0.0159
10/8/2003,1478.6,1477.85,1493.05,1460.6,147.78B,0.0005
10/7/2003,1477.85,1478.95,1498.45,1467.75,210.47B,-0.0007
10/6/2003,1478.9,1449.45,1481.05,1423.75,145.93B,0.0204
10/3/2003,1449.3,1420.85,1451.2,1420.85,140.54B,0.02
10/1/2003,1420.85,1416.6,1430.9,1407.95,118.75B,0.0026
9/30/2003,1417.1,1400.7,1418.1,1399.8,117.56B,0.0123
9/29/2003,1399.95,1386.9,1422.35,1386.1,139.66B,0.0094
9/26/2003,1386.95,1357.55,1389.3,1357.35,142.17B,0.0219
9/25/2003,1357.2,1371.45,1377.25,1352.8,196.92B,-0.0108
9/24/2003,1372.05,1324.85,1373.9,1322.65,137.40B,0.033
9/23/2003,1328.2,1302.85,1333.7,1290.55,118.68B,0.0194
9/22/2003,1302.9,1319.25,1333.55,1300.25,114.65B,-0.0146
9/19/2003,1322.15,1303.2,1331.05,1285.25,152.26B,0.0152
9/18/2003,1302.35,1341.45,1342.6,1299.25,142.76B,-0.0293
9/17/2003,1341.6,1357.95,1377.45,1332.2,165.35B,-0.012
9/16/2003,1357.95,1330.15,1362.1,1299.5,194.59B,0.0216
9/15/2003,1329.25,1371.75,1371.85,1322.65,144.30B,-0.0312
9/12/2003,1372.1,1405.55,1415.65,1367.15,141.94B,-0.0221
9/11/2003,1403.15,1409.65,1422.4,1399.6,154.18B,-0.0045
9/10/2003,1409.55,1407,1414.1,1389.65,184.18B,0.0018
9/9/2003,1407.05,1417.8,1430.7,1397.65,132.14B,-0.0073
9/8/2003,1417.35,1398.4,1420.25,1398.35,109.01B,0.0136
9/5/2003,1398.4,1373,1400.9,1372.75,139.88B,0.0187
9/4/2003,1372.7,1358.9,1382.6,1355.8,171.39B,0.0098
9/3/2003,1359.35,1387.2,1394.95,1353.6,169.29B,-0.0188
9/2/2003,1385.45,1375.95,1388.95,1366.9,129.85B,0.0069
9/1/2003,1375.95,1356.7,1379.4,1356.65,120.49B,0.0143
8/29/2003,1356.55,1341.2,1365.8,1340.8,187.82B,0.0116
8/28/2003,1341.05,1340.2,1349,1328.35,147.16B,0.0006
8/27/2003,1340.3,1318.75,1346.3,1318.75,186.17B,0.0168
8/26/2003,1318.2,1270.2,1322.95,1269.5,203.04B,0.0371
8/25/2003,1271.1,1311.95,1332.55,1245.85,189.19B,-0.0305
8/22/2003,1311.15,1301.5,1319.45,1298.8,174.01B,0.0078
8/21/2003,1300.95,1288.2,1304.15,1287,147.95B,0.0105
8/20/2003,1287.4,1280.8,1292.95,1280.8,179.40B,0.0076
8/19/2003,1277.7,1286.05,1307.6,1268.1,233.90B,-0.0029
8/18/2003,1281.4,1247.9,1285.7,1247.9,214.89B,0.027
8/14/2003,1247.75,1247,1260.35,1243.4,150.83B,0.0007
8/13/2003,1246.9,1235.35,1249.35,1229.3,127.52B,0.0098
8/12/2003,1234.75,1233.95,1249.35,1229.8,146.06B,0.0015
8/11/2003,1232.85,1222.6,1240.35,1215.75,154.66B,0.0083
8/8/2003,1222.65,1199.7,1224.5,1199.7,130.09B,0.0215
8/7/2003,1196.95,1170.75,1199.7,1170.75,112.32B,0.0221
8/6/2003,1171.05,1184.1,1191.05,1164.75,112.28B,-0.0113
8/5/2003,1184.45,1203.9,1218.5,1181,108.25B,-0.0159
8/4/2003,1203.6,1196.05,1206.1,1185.95,101.51B,0.0066
8/1/2003,1195.75,1185.8,1198.8,1180.3,86.33B,0.0083
7/31/2003,1185.85,1183.3,1198.5,1181.9,117.34B,0.0024
7/30/2003,1183,1175.3,1187.7,1168.45,82.32B,0.007
7/29/2003,1174.75,1169.25,1177.25,1154.8,76.21B,0.0047
7/28/2003,1169.2,1163.25,1180.6,1163.25,82.80B,0.0055
7/25/2003,1162.75,1135.5,1164.7,1135.05,85.40B,0.0204
7/24/2003,1139.45,1119.95,1144.35,1118.55,92.46B,0.0182
7/23/2003,1119.05,1109.6,1124.7,1109.6,93.26B,0.0089
7/22/2003,1109.2,1115.35,1118.25,1089.3,80.61B,-0.0059
7/21/2003,1115.8,1140,1146.4,1112.55,72.12B,-0.0212
7/18/2003,1140,1151.85,1162.6,1130.45,77.57B,-0.0104
7/17/2003,1152,1168.85,1175.95,1145.65,80.35B,-0.0143
7/16/2003,1168.75,1158.7,1170.45,1148.6,67.84B,0.0077
7/15/2003,1159.85,1171.5,1175.55,1148.8,77.64B,-0.0099
7/14/2003,1171.5,1161.2,1173.95,1161.2,69.73B,0.0085
7/11/2003,1161.65,1162.3,1170.75,1157.45,73.79B,-0.0006
7/10/2003,1162.35,1146,1163.6,1146,74.51B,0.0187
7/9/2003,1141.05,1146.35,1155.3,1137.15,53.37B,-0.0042
7/8/2003,1145.9,1141.45,1153.15,1141.3,68.37B,0.0047
7/7/2003,1140.55,1138.9,1145.75,1134.6,57.43B,0.0018
7/4/2003,1138.45,1145.6,1148.85,1134,57.67B,-0.0054
7/3/2003,1144.65,1133.8,1150.75,1126.35,87.42B,0.0096
7/2/2003,1133.8,1131.55,1145.4,1130.2,73.75B,0.0027
7/1/2003,1130.7,1133.95,1139,1125.75,64.85B,-0.003
6/30/2003,1134.15,1125.6,1141.3,1125.5,67.93B,0.0076
6/27/2003,1125.55,1117.45,1126.8,1109.35,87.54B,0.0082
6/26/2003,1116.35,1106.8,1118.9,1106.8,92.15B,0.0088
6/25/2003,1106.65,1085.65,1109.75,1084.35,76.19B,0.0196
6/24/2003,1085.35,1089.2,1092.65,1079.1,61.82B,-0.0035
6/23/2003,1089.2,1100.6,1106.15,1087.65,61.15B,-0.01
6/20/2003,1100.25,1092.65,1101.6,1081.35,70.94B,0.007
6/19/2003,1092.55,1085.95,1097,1078.9,75.60B,0.0053
6/18/2003,1086.75,1082.8,1093.2,1080.9,82.70B,0.0044
6/17/2003,1081.95,1052.3,1083.2,1052.3,72.62B,0.0287
6/16/2003,1051.8,1056.5,1059.8,1045.55,56.08B,-0.0042
6/13/2003,1056.2,1050.95,1059.45,1050.95,61.69B,0.0047
6/12/2003,1051.3,1044.2,1052.6,1043.1,58.63B,0.0069
6/11/2003,1044.1,1038,1048.25,1035,61.66B,0.0061
6/10/2003,1037.8,1052,1056.55,1033.95,76.48B,-0.0136
6/9/2003,1052.1,1046,1057.05,1039.85,58.75B,0.0054
6/6/2003,1046.4,1036.2,1048.85,1035.95,74.62B,0.011
6/5/2003,1035.05,1021.1,1038.3,1021.1,89.52B,0.0137
6/4/2003,1021.05,1010.7,1022.75,1010.1,63.19B,0.0103
6/3/2003,1010.65,1015.9,1016.9,1007.65,56.89B,-0.0044
6/2/2003,1015.15,1006.85,1020.5,1004.7,67.87B,0.0083
5/30/2003,1006.8,1000.05,1013.85,994.65,73.78B,0.0042
5/29/2003,1002.6,990.8,1004.85,989.5,91.56B,0.0119
5/28/2003,990.8,977.65,992.25,977.55,64.76B,0.0143
5/27/2003,976.85,982.35,990,974.25,58.43B,-0.0057
5/26/2003,982.45,967.85,983.9,967.1,54.02B,0.015
5/23/2003,967.9,963.5,972.9,962.4,64.22B,0.0048
5/22/2003,963.25,967.95,972.4,960.05,55.56B,-0.0049
5/21/2003,968,972.05,980.75,965.55,57.37B,-0.0037
5/20/2003,971.55,964.65,974.05,959.8,60.80B,0.0052
5/19/2003,966.55,973.7,979.85,964.6,61.26B,-0.0067
5/16/2003,973.1,959.85,974.4,959.85,53.82B,0.0138
5/15/2003,959.85,952.15,961.6,951.15,49.13B,0.0081
5/14/2003,952.15,944.2,953.45,943.15,50.64B,0.0084
5/13/2003,944.2,936.9,945.8,936.7,55.13B,0.0088
5/12/2003,936,938.5,944.45,934,45.85B,-0.002
5/9/2003,937.85,941.6,941.65,935.8,51.20B,-0.0039
5/8/2003,941.55,950.15,951.3,938.7,66.56B,-0.0091
5/7/2003,950.15,950.4,956.65,948.9,69.37B,-0.0018
5/6/2003,951.85,945.85,955,943.2,71.31B,0.0068
5/5/2003,945.4,937.45,948.95,936.65,65.76B,0.0076
5/2/2003,938.3,930.9,940.2,930.8,62.77B,0.0046
4/30/2003,934.05,935.25,935.55,929.85,63.80B,0.0019
4/29/2003,932.3,929.75,936.9,929.75,57.87B,0.003
4/28/2003,929.5,922.85,931.05,920,62.37B,0.0056
4/25/2003,924.3,929.45,931.35,921.1,65.20B,-0.0058
4/24/2003,929.7,934.2,943.15,927.8,107.33B,-0.0048
4/23/2003,934.2,943.75,951.2,931.5,66.28B,-0.0099
4/22/2003,943.5,947.1,951.4,937.85,65.12B,-0.0039
4/21/2003,947.2,941.5,949.7,941.5,51.70B,0.0069
4/17/2003,940.7,958.65,958.65,936.7,47.28B,-0.0187
4/16/2003,958.65,950.65,961.75,949,52.70B,0.0078
4/15/2003,951.2,951.8,964.2,938.8,59.85B,0.0015
4/11/2003,949.8,958.9,965.15,935.7,83.52B,-0.0129
4/10/2003,962.2,1003.8,1003.8,958.2,73.20B,-0.0424
4/9/2003,1004.85,1018,1018,1002.3,45.37B,-0.013
4/8/2003,1018.1,1032,1032,1016.6,49.37B,-0.013
4/7/2003,1031.5,1017.05,1033.45,1017.05,53.49B,0.0143
4/4/2003,1016.95,1009.15,1018.25,1002.75,55.42B,0.0077
4/3/2003,1009.15,999.55,1010.75,999.55,48.98B,0.0098
4/2/2003,999.4,984.45,1002.1,984.45,49.61B,0.0153
4/1/2003,984.3,977.4,992.05,973.5,50.07B,0.0062
3/31/2003,978.2,1000.6,1000.6,974.1,41.58B,-0.0224
3/28/2003,1000.6,1002.8,1006.3,996.75,41.73B,-0.0021
3/27/2003,1002.7,1013.9,1013.9,999.6,50.31B,-0.011
3/26/2003,1013.85,1011.55,1019.9,1004.85,40.99B,0.0025
3/25/2003,1011.3,1013.5,1013.5,998.4,46.53B,-0.0026
3/24/2003,1013.9,1037.15,1038.55,1011.95,42.05B,-0.0224
3/22/2003,1037.15,1030.6,1039.8,1030.6,19.84B,0.0064
3/21/2003,1030.55,1025.55,1033.7,1022.05,50.21B,0.0052
3/20/2003,1025.25,1003.45,1028.9,1001.75,62.39B,0.0213
3/19/2003,1003.9,993.35,1011.45,992.9,47.89B,0.011
3/17/2003,993,999.7,1000.85,982.7,43.46B,-0.0067
3/13/2003,999.65,1001.5,1006.4,994.2,47.58B,-0.002
3/12/2003,1001.7,1014.25,1017.75,1000.05,44.96B,-0.0127
3/11/2003,1014.55,1006.65,1016.7,998.95,49.64B,0.0078
3/10/2003,1006.7,1017.1,1021.5,1004.35,41.94B,-0.0102
3/7/2003,1017.1,1031.05,1031.05,1014.3,45.65B,-0.0137
3/6/2003,1031.25,1040.3,1040.75,1029.55,41.24B,-0.0091
3/5/2003,1040.7,1046.55,1046.55,1029.9,52.52B,-0.0056
3/4/2003,1046.6,1058.7,1058.7,1045.2,37.23B,-0.0116
3/3/2003,1058.85,1063.55,1070.85,1057.55,46.37B,-0.0043
2/28/2003,1063.4,1053.65,1068.65,1053.65,82.25B,0.0099
2/27/2003,1052.95,1049.6,1057.45,1044.9,63.41B,0.0031
2/26/2003,1049.65,1055.6,1059.6,1048.2,57.56B,-0.0056
2/25/2003,1055.55,1070.1,1073.25,1054.9,34.61B,-0.0136
2/24/2003,1070.15,1066.2,1075.5,1066.2,45.25B,0.0038
2/21/2003,1066.15,1065.6,1069.2,1061.1,49.46B,0.0005
2/20/2003,1065.6,1064.15,1071.7,1058.35,51.01B,0.0012
2/19/2003,1064.3,1059.3,1068.8,1059.3,45.85B,0.0047
2/18/2003,1059.3,1058.95,1065.15,1057.6,48.39B,0.001
2/17/2003,1058.2,1036.2,1060.5,1036.2,49.29B,0.0214
2/14/2003,1036,1044.45,1047.05,1034.1,43.90B,-0.0081
2/12/2003,1044.45,1048.15,1051,1040.4,53.20B,-0.0034
2/11/2003,1048,1048.6,1055.8,1044.55,47.49B,-0.0006
2/10/2003,1048.6,1058.2,1058.75,1047.15,42.87B,-0.0084
2/7/2003,1057.5,1063.75,1065.8,1055.5,55.92B,-0.0057
2/6/2003,1063.6,1047.25,1065.95,1043.7,48.00B,0.0155
2/5/2003,1047.4,1054.3,1054.65,1041.75,53.80B,-0.007
2/4/2003,1054.8,1056.55,1063.7,1050.45,57.86B,-0.0005
2/3/2003,1055.3,1040.25,1056.6,1036.5,47.03B,0.0129
1/31/2003,1041.85,1034.75,1044.25,1026.2,76.71B,0.007
1/30/2003,1034.6,1037.15,1050.55,1031.35,79.53B,-0.0025
1/29/2003,1037.2,1059.8,1059.8,1033.3,71.66B,-0.0086
1/28/2003,1046.2,1036.35,1047.95,1026.75,69.97B,0.0082
1/27/2003,1037.65,1057.8,1059.35,1030.35,63.98B,-0.0174
1/24/2003,1056.05,1070.6,1075.2,1053.4,61.55B,-0.0139
1/23/2003,1070.9,1081.4,1083.15,1069.05,59.86B,-0.0111
1/22/2003,1082.9,1078.45,1086.2,1073.6,48.87B,0.0046
1/21/2003,1077.9,1076.3,1080.5,1074.1,50.16B,0.0014
1/20/2003,1076.35,1086.25,1087,1074.2,44.28B,-0.0093
1/17/2003,1086.5,1089.3,1090.25,1083.2,47.50B,-0.0017
1/16/2003,1088.35,1085.05,1091.35,1083.95,45.42B,0.0031
1/15/2003,1085,1077.9,1087.5,1077.8,45.49B,0.0056
1/14/2003,1078.95,1072.7,1080.8,1070.3,44.51B,0.0048
1/13/2003,1073.75,1080.25,1080.4,1070.75,46.77B,-0.006
1/10/2003,1080.25,1097.6,1103.25,1077.4,54.05B,-0.0156
1/9/2003,1097.35,1089.75,1099.15,1087.75,44.48B,0.0073
1/8/2003,1089.35,1082.4,1091.45,1082.3,51.03B,0.007
1/7/2003,1081.8,1084.4,1089.85,1078.95,53.73B,-0.0024
1/6/2003,1084.35,1089.75,1093.05,1081.25,47.35B,-0.0048
1/3/2003,1089.6,1094.45,1099.85,1087.3,61.48B,-0.0032
1/2/2003,1093.05,1100.55,1105.6,1091.2,63.89B,-0.0065
1/1/2003,1100.15,1093.6,1102.1,1093.6,38.96B,0.0061
12/31/2002,1093.5,1091.85,1100.1,1091.7,46.47B,0.0014
12/30/2002,1091.95,1095.8,1095.8,1084.35,47.67B,-0.0059
12/27/2002,1098.4,1095.65,1103.95,1095.6,61.40B,0.0033
12/26/2002,1094.8,1085.05,1100.4,1085.05,70.34B,0.009
12/24/2002,1085,1075.95,1087,1072.65,46.07B,0.0084
12/23/2002,1076,1079.3,1082.6,1073.35,39.10B,-0.0031
12/20/2002,1079.3,1075.45,1084.95,1075.4,48.15B,0.0031
12/19/2002,1076,1077.85,1079.9,1070.5,60.43B,-0.0018
12/18/2002,1077.95,1073.2,1083.65,1072.85,58.44B,0.0044
12/17/2002,1073.25,1078.7,1084.95,1069,54.16B,-0.0048
12/16/2002,1078.45,1089,1100,1075.55,66.32B,-0.0071
12/13/2002,1086.2,1074.45,1087.35,1074.45,59.30B,0.0085
12/12/2002,1077,1069.95,1078.85,1066.8,64.37B,0.0068
12/11/2002,1069.75,1064.1,1076.95,1062.3,75.86B,0.0057
12/10/2002,1063.7,1058.35,1066.1,1045.65,74.26B,0.0048
12/9/2002,1058.65,1070.5,1085.75,1054.95,98.47B,-0.0104
12/6/2002,1069.8,1047.55,1072.25,1047.55,86.98B,0.0228
12/5/2002,1045.95,1036.75,1052.45,1036.75,66.83B,0.0092
12/4/2002,1036.4,1055.75,1055.75,1034.1,63.80B,-0.0176
12/3/2002,1055,1067.7,1075.75,1051.8,76.92B,-0.0121
12/2/2002,1067.9,1050.15,1070.15,1050.15,74.96B,0.0169
11/29/2002,1050.15,1049.55,1057.45,1040.95,62.33B,0.0004
11/28/2002,1049.7,1031.25,1051.75,1031.25,75.69B,0.018
11/27/2002,1031.1,1036.35,1042.2,1027.7,68.62B,-0.0049
11/26/2002,1036.15,1026.4,1040.45,1026,78.13B,0.0097
11/25/2002,1026.2,1020.9,1030.35,1017.5,65.20B,0.0059
11/22/2002,1020.15,1009.5,1026,1009.5,82.80B,0.0113
11/21/2002,1008.75,1001.8,1012.75,1001.8,70.83B,0.0071
11/20/2002,1001.6,996.85,1007.2,992.3,79.53B,0.0048
11/18/2002,996.85,990.35,1000.3,989.05,65.78B,0.0066
11/15/2002,990.35,972.3,992.05,972.3,71.31B,0.019
11/14/2002,971.9,964.15,974.1,963.5,62.90B,0.0096
11/13/2002,962.65,960.35,965.75,956.9,50.76B,0.0029
11/12/2002,959.85,953.9,960.85,948.05,44.78B,0.0061
11/11/2002,954.05,957.55,958.55,952.1,43.59B,-0.003
11/8/2002,956.95,960.5,960.95,954.35,47.45B,-0.0039
11/7/2002,960.7,962.35,970.2,957.95,61.35B,-0.0017
11/5/2002,962.3,962.85,963.7,957.2,46.55B,0.0002
11/4/2002,962.1,951.6,965.5,951.6,20.40B,0.0112
11/1/2002,951.45,951.45,956.95,946.4,81.89B,0.0001
10/31/2002,951.4,937.35,953.3,937.05,101.28B,0.0146
10/30/2002,937.75,936.15,944.35,935.9,59.33B,0.0009
10/29/2002,936.9,922.55,939.7,921.65,63.15B,0.0154
10/28/2002,922.7,932.35,934.9,920.1,41.86B,-0.0102
10/25/2002,932.2,946.8,946.8,929.25,50.21B,-0.0155
10/24/2002,946.9,957.7,959.8,945,38.78B,-0.0109
10/23/2002,957.35,962.9,963.75,955.45,50.46B,-0.0054
10/22/2002,962.5,967.5,976.35,961.65,35.38B,-0.005
10/21/2002,967.35,971.75,976.2,965.65,32.91B,-0.0044
10/18/2002,971.65,973.8,982.5,968.8,52.62B,-0.0017
10/17/2002,973.3,973.7,976.05,966.55,56.77B,-0.0003
10/16/2002,973.6,972.9,983.6,971.7,49.81B,0.0012
10/14/2002,972.45,971.5,976.5,969,40.66B,0.0014
10/11/2002,971.05,958.45,973.5,958.45,50.97B,0.0131
10/10/2002,958.45,954.8,960.45,945,47.79B,0.0039
10/9/2002,954.75,960.85,968.75,952.95,46.56B,-0.0063
10/8/2002,960.8,954.8,963.15,952.5,54.86B,0.0063
10/7/2002,954.75,947.8,956.35,946.25,40.19B,0.0069
10/4/2002,948.2,948.1,951.8,944.5,44.51B,0
10/3/2002,948.2,955.35,957.9,945.8,41.04B,-0.0073
10/1/2002,955.2,961.15,964.2,950.3,43.09B,-0.0083
9/30/2002,963.15,976.15,976.15,961.55,38.96B,-0.0136
9/27/2002,976.45,969.95,978,969.25,48.53B,0.0068
9/26/2002,969.9,970.1,976.25,968.25,29.51B,-0.0002
9/25/2002,970.05,964.65,971.85,960.5,44.11B,0.004
9/24/2002,966.2,969.95,969.95,960.2,40.93B,-0.0042
9/23/2002,970.3,969.85,974.75,967.35,39.80B,0.0007
9/20/2002,969.6,975.6,975.6,960.7,46.97B,-0.0066
9/19/2002,976.05,983.45,985.25,970.8,40.46B,-0.0077
9/18/2002,983.6,994.15,994.15,981.6,35.93B,-0.0114
9/17/2002,994.9,985.75,996.8,985.75,35.81B,0.0093
9/16/2002,985.75,991.75,997,983.55,30.55B,-0.0063
9/13/2002,992,1001.4,1001.4,989.85,31.25B,-0.0096
9/12/2002,1001.65,998.95,1005.15,998.8,43.06B,0.0028
9/11/2002,998.85,998.6,1002.35,993.35,44.18B,0.0003
9/9/2002,998.55,992.05,1005.85,985.25,51.87B,0.0034
9/6/2002,995.2,1008.45,1008.45,992.7,45.01B,-0.0133
9/5/2002,1008.6,1006.9,1013.45,1004.2,57.44B,0.0016
9/4/2002,1006.95,1000.7,1008.8,990.85,53.16B,0.0058
9/3/2002,1001.1,1013.65,1014.8,999.4,44.81B,-0.0122
9/2/2002,1013.5,1010.9,1024.65,1010.85,56.39B,0.0029
8/30/2002,1010.6,987.65,1012.75,986.7,70.53B,0.0237
8/29/2002,987.25,985.85,989.4,981.45,75.08B,0.0016
8/28/2002,985.7,987.35,988.1,981.1,44.21B,-0.002
8/27/2002,987.7,998.85,1003.3,985.7,54.47B,-0.0112
8/26/2002,998.85,992.4,1001.45,986.15,45.09B,0.0037
8/23/2002,995.2,985.75,996.4,984.7,39.91B,0.0096
8/22/2002,985.7,988.55,995.3,983.45,40.65B,-0.0028
8/21/2002,988.45,988.6,994.25,984.35,55.11B,-0.0001
8/20/2002,988.55,979.75,990.85,979.05,41.50B,0.0089
8/19/2002,979.85,979.4,983.55,978.2,29.70B,0.0006
8/16/2002,979.25,970.75,981.2,968.35,33.89B,0.0099
8/14/2002,969.65,976.05,976.25,967.25,40.79B,-0.0066
8/13/2002,976.05,970.4,977.2,969.9,26.76B,0.0064
8/12/2002,969.85,961.15,971.55,961.15,38.88B,0.0082
8/9/2002,961.95,953.8,963.85,948,53.34B,0.0088
8/8/2002,953.55,969.15,971.75,951.2,42.63B,-0.016
8/7/2002,969.1,967.7,978.6,966.55,44.12B,0.0025
8/6/2002,966.65,963.3,969.55,955.4,40.64B,0.0035
8/5/2002,963.25,954.9,966.5,953.9,42.32B,0.0089
8/2/2002,954.75,957.55,957.55,935.55,42.40B,-0.0031
8/1/2002,957.7,959.2,972.05,954.15,43.35B,-0.0013
7/31/2002,958.9,960.3,964.1,943.6,58.53B,-0.0018
7/30/2002,960.65,973,987.5,956.8,54.99B,-0.0113
7/29/2002,971.65,973,977.95,953.15,55.21B,-0.0019
7/26/2002,973.5,1001.05,1001.05,972.55,59.58B,-0.028
7/25/2002,1001.55,1004.2,1021.3,997.85,77.64B,-0.0025
7/24/2002,1004.05,1021.8,1022.2,1001.9,43.16B,-0.0175
7/23/2002,1021.9,1012.05,1023.65,1005.75,48.05B,0.0098
7/22/2002,1012,1035.2,1035.2,1009,38.10B,-0.0231
7/19/2002,1035.9,1041.35,1041.5,1032.25,38.25B,-0.0052
7/18/2002,1041.3,1032.55,1044,1032.55,32.85B,0.0085
7/17/2002,1032.55,1035.95,1037.5,1025,36.54B,-0.0033
7/16/2002,1035.95,1047.9,1051.85,1033.95,41.56B,-0.0115
7/15/2002,1048,1057.95,1058.45,1043.3,30.06B,-0.0097
7/12/2002,1058.25,1057.1,1064.9,1054.9,31.40B,0.0016
7/11/2002,1056.6,1070.95,1070.95,1055.3,36.45B,-0.0141
7/10/2002,1071.7,1081.55,1087.4,1069.45,40.20B,-0.008
7/9/2002,1080.3,1081.9,1083.65,1077.55,39.64B,-0.0016
7/8/2002,1082.05,1074,1085.3,1072.9,41.66B,0.0077
7/5/2002,1073.8,1071,1076.2,1067.45,31.66B,0.003
7/4/2002,1070.55,1069.95,1078.55,1068.4,39.80B,0.0006
7/3/2002,1069.9,1067.8,1074,1065.55,39.63B,0.0017
7/2/2002,1068.05,1067.9,1071.7,1064.95,42.06B,-0.0008
7/1/2002,1068.95,1058,1070.15,1058,31.62B,0.0105
6/28/2002,1057.8,1049.4,1068.9,1049.4,42.67B,0.0088
6/27/2002,1048.55,1044.5,1053.7,1044,50.09B,0.0042
6/26/2002,1044.2,1055.35,1061.05,1042.2,38.08B,-0.0106
6/25/2002,1055.4,1061.9,1063.3,1048.55,48.99B,-0.0061
6/24/2002,1061.85,1065.6,1065.6,1054.45,29.00B,-0.0007
6/21/2002,1062.55,1069.5,1069.8,1058.95,36.40B,-0.007
6/20/2002,1070.05,1063.1,1074,1056.25,44.43B,0.0067
6/19/2002,1062.9,1074.7,1079.2,1056.45,46.37B,-0.0112
6/18/2002,1074.95,1088.9,1097.4,1073.75,38.29B,-0.0128
6/17/2002,1088.9,1085.8,1097.55,1085.7,35.01B,0.0029
6/14/2002,1085.7,1081.75,1087.6,1079.45,45.12B,0.0026
6/13/2002,1082.85,1093,1102.05,1080.8,36.92B,-0.0091
6/12/2002,1092.8,1097.15,1100.45,1088.5,45.73B,-0.0039
6/11/2002,1097.05,1070.95,1099.5,1070.55,57.80B,0.0254
6/10/2002,1069.9,1049.95,1072.5,1049.95,36.19B,0.0201
6/7/2002,1048.8,1063.75,1063.75,1044.35,34.43B,-0.0146
6/6/2002,1064.35,1064.15,1072,1055.5,49.92B,0.0001
6/5/2002,1064.2,1045.55,1067.5,1045,48.38B,0.018
6/4/2002,1045.4,1040.15,1047.4,1036.55,31.09B,0.0054
6/3/2002,1039.75,1029.25,1047.25,1029.25,35.08B,0.0106
5/31/2002,1028.8,1032.5,1037.7,1020.1,48.91B,-0.0032
5/30/2002,1032.15,1041.4,1049.95,1030.1,56.75B,-0.0091
5/29/2002,1041.65,1038.2,1047.95,1026.5,59.43B,0.0033
5/28/2002,1038.2,1061.9,1062.3,1034.1,47.30B,-0.0231
5/27/2002,1062.7,1067,1071.5,1054.1,45.84B,-0.004
5/24/2002,1067,1026.9,1069.2,1026.9,51.00B,0.0392
5/23/2002,1026.75,1045.2,1045.35,1024.3,40.36B,-0.0177
5/22/2002,1045.3,1049.5,1050.9,1035.5,50.69B,-0.0037
5/21/2002,1049.2,1074.75,1074.85,1028.25,69.84B,-0.0234
5/20/2002,1074.35,1091.7,1097.95,1071.35,43.65B,-0.0149
5/17/2002,1090.65,1092.8,1099.75,1079.95,55.62B,-0.002
5/16/2002,1092.8,1108.25,1111.25,1089.85,48.84B,-0.0135
5/15/2002,1107.8,1115.15,1121.5,1102.65,43.83B,-0.0065
5/14/2002,1115.1,1119.95,1125.95,1111.45,45.79B,-0.0041
5/13/2002,1119.65,1116.8,1121.95,1114.2,35.78B,0.0029
5/10/2002,1116.4,1127.05,1127.3,1111.15,39.47B,-0.0099
5/9/2002,1127.6,1117.7,1136.55,1117.7,41.84B,0.0089
5/8/2002,1117.6,1110.7,1122.7,1110.7,38.16B,0.0062
5/7/2002,1110.7,1100.9,1111.85,1096.65,34.36B,0.0089
5/6/2002,1100.95,1096.95,1102.05,1096.25,33.07B,0.0036
5/3/2002,1096.95,1093.4,1098.6,1091.5,34.20B,0.0033
5/2/2002,1093.3,1084.8,1101.1,1084.8,44.41B,0.0081
4/30/2002,1084.5,1074.25,1085.75,1073.4,35.80B,0.0096
4/29/2002,1074.2,1097.55,1098.65,1073.3,41.59B,-0.0211
4/26/2002,1097.4,1094.25,1103.35,1094.1,30.87B,0.0028
4/25/2002,1094.3,1110.65,1113.85,1089,44.99B,-0.0147
4/24/2002,1110.6,1106.25,1116.85,1105.7,40.70B,0.0042
4/23/2002,1106,1104,1108.8,1095,39.72B,0.0017
4/22/2002,1104.15,1100.5,1107.2,1088.05,38.34B,0.0035
4/19/2002,1100.3,1125.55,1127.05,1097.6,42.13B,-0.0254
4/18/2002,1129,1125.25,1135,1123.8,34.22B,0.0035
4/17/2002,1125.1,1119,1136.6,1118.95,34.38B,0.0057
4/16/2002,1118.75,1130.8,1133.5,1116.65,32.53B,-0.0136
4/15/2002,1134.15,1146.55,1152.55,1130.45,32.84B,-0.0108
4/12/2002,1146.5,1143.25,1151.55,1138.65,38.87B,0.0025
4/11/2002,1143.6,1138.55,1150.2,1138.55,48.51B,0.0045
4/10/2002,1138.5,1126.7,1140.25,1125.75,48.37B,0.0105
4/9/2002,1126.7,1135.15,1137.45,1122.1,37.26B,-0.0075
4/8/2002,1135.25,1141.9,1147.9,1134,31.26B,-0.0059
4/5/2002,1141.95,1146.05,1153.3,1139.9,40.19B,-0.0034
4/4/2002,1145.9,1124.05,1149.65,1123.9,49.47B,0.0199
4/3/2002,1123.5,1136.6,1136.9,1121.45,39.86B,-0.0118
4/2/2002,1136.95,1138.8,1147.3,1132.3,50.73B,-0.0018
4/1/2002,1138.95,1129.85,1143.3,1129.85,41.46B,0.0083
3/28/2002,1129.55,1123.6,1138.45,1123.6,55.36B,0.0055
3/27/2002,1123.35,1130,1134.1,1121.35,41.55B,0.0003
3/26/2002,1123.05,1138.1,1140.2,1117.85,32.69B,-0.0135
3/22/2002,1138.45,1144.5,1148.65,1135.9,36.79B,-0.005
3/21/2002,1144.2,1155.55,1155.55,1141.05,32.47B,-0.0099
3/20/2002,1155.6,1152.05,1158.95,1148.5,41.28B,0.003
3/19/2002,1152.15,1169.4,1170.8,1150.3,40.01B,-0.0147
3/18/2002,1169.3,1169.95,1184.7,1163.75,44.60B,-0.0004
3/15/2002,1169.75,1159.6,1173.75,1159.6,61.76B,0.0089
3/14/2002,1159.45,1156.85,1163.65,1153.15,31.82B,0.0021
3/13/2002,1157.05,1150.2,1165.4,1143.55,41.96B,0.0057
3/12/2002,1150.45,1167.85,1171.2,1144.3,50.38B,-0.0149
3/11/2002,1167.85,1187.5,1192.75,1164.55,50.59B,-0.0167
3/8/2002,1187.65,1193.6,1199.6,1182.55,50.28B,-0.0045
3/7/2002,1193.05,1173.6,1195.2,1173.6,50.21B,0.0174
3/6/2002,1172.6,1176.55,1182.65,1162.75,61.49B,-0.005
3/5/2002,1178.5,1176.4,1193.1,1175.15,63.43B,0.001
3/4/2002,1177.35,1178.45,1201.1,1172.3,74.30B,-0.0006
3/1/2002,1178,1142.05,1181.25,1135.45,68.82B,0.0315
2/28/2002,1142.05,1189.6,1197,1135.2,104.26B,-0.0396
2/27/2002,1189.2,1190.15,1205.95,1180,76.05B,-0.0002
2/26/2002,1189.4,1165.75,1192.65,1165.75,67.00B,0.0206
2/25/2002,1165.45,1163.65,1167.6,1155.45,51.75B,0.0017
2/22/2002,1163.5,1149.85,1165.7,1145.5,53.39B,0.0119
2/21/2002,1149.85,1146.05,1158.05,1146.05,34.46B,0.0034
2/20/2002,1145.95,1158.45,1158.45,1134.65,49.63B,-0.0112
2/19/2002,1158.9,1172.85,1178.1,1155.1,59.28B,-0.0119
2/18/2002,1172.85,1159.85,1177.05,1156.7,59.70B,0.0111
2/15/2002,1159.95,1150.65,1164.1,1150.3,67.68B,0.0087
2/14/2002,1150,1135.5,1151.65,1133.85,60.60B,0.0131
2/13/2002,1135.1,1129.8,1142.3,1129.6,55.75B,0.005
2/12/2002,1129.5,1131.95,1143.3,1125.55,59.33B,-0.0018
2/11/2002,1131.55,1124.85,1144.15,1124.85,61.16B,0.0069
2/8/2002,1123.75,1112.8,1131.85,1104.45,73.01B,0.012
2/7/2002,1110.45,1114.85,1130.95,1104.3,93.83B,-0.0024
2/6/2002,1113.1,1074.4,1117.1,1074,73.87B,0.0362
2/5/2002,1074.25,1076.25,1081.2,1069.4,68.53B,-0.0025
2/4/2002,1076.9,1083.05,1086.95,1074.15,57.89B,-0.0044
2/1/2002,1081.65,1076.95,1088.05,1076.95,58.40B,0.0058
1/31/2002,1075.4,1067.65,1082,1067.65,66.03B,0.0074
1/30/2002,1067.45,1072.85,1072.85,1058.8,50.69B,-0.0039
1/29/2002,1071.65,1071.35,1076.45,1068.85,58.95B,0.0003
1/28/2002,1071.35,1083.25,1088.75,1068.7,49.77B,-0.0081
1/25/2002,1080.1,1085.85,1089.7,1077,59.84B,-0.0048
1/24/2002,1085.3,1089.6,1098.6,1081.7,47.72B,-0.0038
1/23/2002,1089.4,1092.85,1096.95,1087.5,53.73B,-0.0032
1/22/2002,1092.85,1091.35,1099,1090,55.75B,0.0014
1/21/2002,1091.35,1093.25,1099.8,1082.65,64.35B,-0.0016
1/18/2002,1093.15,1109.55,1121.75,1089.05,84.63B,-0.0145
1/17/2002,1109.2,1090.25,1116.05,1078.95,83.52B,0.0173
1/16/2002,1090.3,1094.15,1104.8,1085.3,59.75B,-0.0035
1/15/2002,1094.15,1109.45,1112.6,1090.2,55.22B,-0.0141
1/14/2002,1109.8,1089.45,1118.5,1089.45,60.42B,0.0195
1/11/2002,1088.55,1098.15,1105.9,1073.45,71.15B,-0.0088
1/10/2002,1098.2,1098.8,1105.35,1093.6,68.96B,-0.0042
1/9/2002,1102.8,1110,1119.4,1098.7,74.87B,-0.0064
1/8/2002,1109.9,1100.55,1114.55,1097.9,67.83B,0.0089
1/7/2002,1100.15,1093.05,1111.55,1093.05,61.39B,0.0036
1/4/2002,1096.2,1072.4,1099.25,1072.4,74.41B,0.0223
1/3/2002,1072.25,1063.45,1074.85,1062.9,61.87B,0.0108
1/2/2002,1060.75,1054.95,1065.25,1054.1,49.61B,0.0052
1/1/2002,1055.3,1058.85,1071.15,1052.05,43.95B,-0.0035
12/31/2001,1059.05,1033.9,1062.3,1033.9,53.15B,0.0244
12/28/2001,1033.8,1019.9,1036.35,1010.45,56.36B,0.0135
12/27/2001,1020,1033.85,1037.7,1017.35,60.27B,-0.0138
12/26/2001,1034.25,1048.9,1058.3,1030.5,42.61B,-0.0136
12/24/2001,1048.5,1051,1055,1032.6,41.90B,-0.0022
12/21/2001,1050.85,1061.8,1061.8,1043.65,47.17B,-0.0105
12/20/2001,1062,1060.45,1064.8,1047.5,55.79B,0.0012
12/19/2001,1060.75,1082.5,1086.35,1057.1,49.99B,-0.0199
12/18/2001,1082.3,1089.9,1098,1071.35,47.04B,-0.0051
12/14/2001,1087.85,1098.65,1102.9,1082.75,41.87B,-0.0099
12/13/2001,1098.75,1107.75,1114.15,1069.95,66.16B,-0.008
12/12/2001,1107.65,1110.65,1121.55,1104.75,54.12B,-0.0023
12/11/2001,1110.2,1112.15,1122.85,1107.7,69.18B,-0.0045
12/10/2001,1115.25,1112.15,1123.55,1112.15,54.63B,0.0027
12/7/2001,1112.3,1110.9,1122.65,1109.65,59.28B,0.0017
12/6/2001,1110.45,1105.1,1132.65,1105.1,77.04B,0.0053
12/5/2001,1104.55,1077.95,1107.15,1077.95,67.35B,0.0249
12/4/2001,1077.7,1066.05,1082.6,1065.65,58.42B,0.0115
12/3/2001,1065.4,1067.2,1074.5,1063.25,53.29B,-0.0016
11/29/2001,1067.15,1070.3,1071,1063,60.88B,-0.0034
11/28/2001,1070.8,1076.15,1082.3,1067.65,58.92B,-0.0049
11/27/2001,1076.05,1087.6,1097.6,1071.05,67.61B,-0.0042
11/26/2001,1080.6,1059.25,1084.65,1059.25,52.43B,0.0204
11/23/2001,1059,1063.05,1075.05,1057.3,54.53B,-0.0032
11/22/2001,1062.45,1056.45,1075.9,1056.45,60.06B,0.0058
11/21/2001,1056.35,1050.4,1064.85,1046.3,57.52B,0.0059
11/20/2001,1050.2,1067.3,1082.4,1046.15,72.22B,-0.0168
11/19/2001,1068.15,1034.2,1072,1032.85,73.04B,0.0313
11/15/2001,1035.7,1016.05,1038.35,1015.15,50.50B,0.0196
11/14/2001,1015.8,1005.45,1017.2,1004.7,13.83B,0.0103
11/13/2001,1005.4,1010.95,1013.25,999.85,43.47B,-0.0054
11/12/2001,1010.9,1004.55,1014.25,1003.6,46.43B,0.0068
11/9/2001,1004.05,999.1,1008.95,999.1,62.74B,0.0064
11/8/2001,997.7,987.5,1001.15,985.75,51.43B,0.0103
11/7/2001,987.5,1001.95,1014.1,984.45,44.84B,-0.0144
11/6/2001,1001.9,991.2,1007.4,991.15,50.53B,0.0109
11/5/2001,991.05,997.25,1001.3,987.85,44.01B,-0.0066
11/2/2001,997.6,994.25,1009.55,991.95,57.61B,0.0036
11/1/2001,994,973.55,997.3,973.55,53.18B,0.0227
10/31/2001,971.9,962.85,976.4,959.35,48.40B,0.0091
10/30/2001,963.1,977.35,977.35,960.5,46.82B,-0.0147
10/29/2001,977.45,983.15,996.6,974.05,37.91B,-0.0058
10/25/2001,983.2,991.25,998,979.95,60.24B,-0.0081
10/24/2001,991.2,992.95,1000.95,987.4,59.40B,-0.002
10/23/2001,993.2,976.75,994.15,976.55,51.83B,0.0172
10/22/2001,976.4,980.05,994.15,973.2,44.25B,-0.0003
10/19/2001,976.65,972.2,981,970.85,38.88B,0.0047
10/18/2001,972.05,984.2,984.5,969.35,42.71B,-0.0144
10/17/2001,986.25,971.95,989.05,971.95,53.22B,0.0154
10/16/2001,971.25,963.4,973.25,962.5,47.17B,0.0081
10/15/2001,963.4,963.65,966.15,954.35,43.54B,0.0031
10/12/2001,960.4,958.4,969.9,956.85,55.20B,0.0058
10/11/2001,954.9,940.45,959.75,940.45,49.85B,0.0155
10/10/2001,940.35,915.5,942.8,912.9,53.38B,0.0303
10/9/2001,912.7,903,914.3,902.55,36.54B,0.0119
10/8/2001,901.95,911.2,913.05,884.65,36.38B,-0.0138
10/5/2001,914.6,911.6,919.75,903.05,38.68B,0.0032
10/4/2001,911.65,899.65,914.25,899.65,47.79B,0.0133
10/3/2001,899.65,910.05,915.05,896.25,40.48B,-0.0115
10/1/2001,910.1,914.65,919.2,905.5,49.60B,-0.0041
9/28/2001,913.85,891.75,922.55,891,63.99B,0.0268
9/27/2001,890,873.15,893.05,868.3,51.71B,0.0187
9/26/2001,873.7,861.35,877,859.2,52.83B,0.0143
9/25/2001,861.4,869.15,893.35,858.85,54.35B,-0.0088
9/24/2001,869.05,853,878.6,853,48.76B,0.0174
9/21/2001,854.2,903.75,903.75,849.95,47.90B,-0.0496
9/20/2001,898.8,910.2,910.35,873.7,55.77B,-0.0147
9/19/2001,912.2,899.7,915,899.7,52.49B,0.0133
9/18/2001,900.2,872.15,910.35,868.5,71.87B,0.032
9/17/2001,872.25,916.15,916.15,861.05,46.03B,-0.0516
9/14/2001,919.7,972.05,974.5,902.7,49.97B,-0.0535
9/13/2001,971.7,982.2,993.05,969,41.79B,-0.0107
9/12/2001,982.2,1023.25,1023.25,957.95,34.98B,-0.0403
9/11/2001,1023.4,1033.35,1037.45,1020.7,36.49B,-0.0097
9/10/2001,1033.4,1035,1045.3,1031.45,36.06B,-0.0017
9/7/2001,1035.2,1036.35,1037.35,1026.45,49.22B,-0.0009
9/6/2001,1036.1,1047.7,1048.2,1033.4,47.39B,-0.0085
9/5/2001,1045,1047.25,1051.55,1043.3,35.51B,-0.0031
9/4/2001,1048.2,1048.2,1053.25,1043.3,39.74B,0.0001
9/3/2001,1048.05,1054.65,1059.9,1046.35,29.92B,-0.0054
8/31/2001,1053.75,1064.1,1064.1,1051.75,34.37B,-0.0098
8/30/2001,1064.15,1068.3,1070.25,1061.9,38.78B,-0.0031
8/29/2001,1067.45,1070.55,1074.5,1066.45,28.19B,-0.003
8/28/2001,1070.65,1072.35,1076.85,1069.6,31.74B,-0.0018
8/27/2001,1072.55,1064.05,1078.35,1064.05,35.80B,0.0032
8/24/2001,1069.15,1071.5,1076.7,1064.9,42.20B,-0.0022
8/23/2001,1071.5,1068.7,1079,1065.7,29.66B,0.0026
8/21/2001,1068.7,1063.65,1071.2,1062.3,34.64B,0.0047
8/20/2001,1063.75,1062.5,1067.95,1061,30.73B,-0.0051
8/17/2001,1069.2,1079,1084,1067.6,51.09B,-0.009
8/16/2001,1078.95,1075.2,1083.7,1072.95,48.32B,0.0032
8/14/2001,1075.5,1063.05,1076.6,1062.2,42.86B,0.0118
8/13/2001,1063,1070.95,1081.4,1061.05,21.61B,-0.0076
8/10/2001,1071.15,1070.65,1076.7,1069.05,25.91B,0.0005
8/9/2001,1070.65,1068.1,1072.6,1061.4,26.83B,0.0025
8/8/2001,1068,1071.75,1072.1,1059.55,28.80B,-0.0038
8/7/2001,1072.1,1074.35,1079.3,1070.2,26.87B,-0.0029
8/6/2001,1075.25,1074.2,1082.4,1072.55,37.04B,0.0006
8/3/2001,1074.6,1066.4,1077.55,1066.2,43.83B,0.0081
8/2/2001,1066,1064.25,1070.05,1059.55,43.29B,0.0027
8/1/2001,1063.15,1073,1077.7,1059.75,53.43B,-0.009
7/31/2001,1072.85,1061.45,1076.35,1053.6,34.61B,0.0107
7/30/2001,1061.45,1051.45,1062.8,1050.9,26.46B,0.0093
7/27/2001,1051.7,1053.2,1061.2,1046.9,28.24B,-0.0016
7/26/2001,1053.4,1063.9,1066.55,1050.15,32.44B,-0.0101
7/25/2001,1064.2,1072.45,1073.95,1062.15,27.92B,-0.0078
7/24/2001,1072.55,1065.95,1074.75,1064.5,22.14B,0.0018
7/23/2001,1070.65,1076.15,1076.15,1063.4,1.40B,-0.0065
7/20/2001,1077.7,1085.95,1089.95,1072.75,28.96B,-0.0076
7/19/2001,1085.9,1091.35,1091.35,1079.55,29.24B,-0.0055
7/18/2001,1091.95,1103.1,1108.45,1088.1,26.61B,-0.0101
7/17/2001,1103.1,1103.55,1106.05,1092.5,23.68B,-0.0022
7/16/2001,1105.55,1110.35,1116.7,1102.45,28.11B,-0.0044
7/13/2001,1110.45,1105.7,1127.15,1103.3,39.25B,0.0045
7/12/2001,1105.5,1083.8,1109,1083.8,37.17B,0.0202
7/11/2001,1083.65,1072.15,1088.5,1068.35,24.69B,0.0108
7/10/2001,1072.05,1059.95,1078.1,1059.25,21.88B,0.0118
7/9/2001,1059.5,1064.8,1064.8,1052.1,18.02B,-0.0053
7/6/2001,1065.1,1069.15,1069.15,1059.6,23.38B,-0.0043
7/5/2001,1069.75,1068.35,1079.35,1066.95,27.27B,0.0017
7/4/2001,1067.95,1068.05,1074.6,1062.2,26.71B,-0.0017
7/3/2001,1069.8,1097.4,1097.4,1066.05,30.62B,-0.0281
7/2/2001,1100.75,1108.35,1119.55,1097.95,18.08B,-0.0065
6/29/2001,1107.9,1094.05,1114.35,1091.05,39.50B,0.0127
6/28/2001,1094,1095.85,1101,1090.2,31.05B,-0.0019
6/27/2001,1096.1,1096.6,1102.8,1086.75,46.77B,-0.0005
6/26/2001,1096.6,1066.4,1099.8,1060.05,50.43B,0.0277
6/25/2001,1067,1087.1,1087.1,1064.4,39.75B,-0.019
6/22/2001,1087.65,1095.85,1097.8,1081.3,37.68B,-0.0069
6/21/2001,1095.2,1097.9,1102.45,1090.25,37.93B,-0.0022
6/20/2001,1097.6,1096.35,1100.55,1084.7,31.01B,0.0009
6/19/2001,1096.65,1078.25,1099.7,1075.45,37.83B,0.017
6/18/2001,1078.3,1087.75,1087.75,1064.4,42.08B,-0.0087
6/15/2001,1087.75,1112.7,1112.7,1084.2,45.84B,-0.0225
6/14/2001,1112.75,1128.95,1128.95,1110.15,40.35B,-0.0144
6/13/2001,1129,1127.1,1132.95,1126.9,32.96B,0.0016
6/12/2001,1127.15,1131.05,1133.3,1121.8,39.27B,-0.0035
6/11/2001,1131.1,1126.55,1134.8,1122.35,35.44B,0.004
6/8/2001,1126.6,1112.45,1128.9,1112.45,47.21B,0.0128
6/7/2001,1112.35,1115.05,1116.1,1095.45,43.85B,-0.003
6/6/2001,1115.7,1117.5,1132.95,1114,34.92B,0.0001
6/5/2001,1115.6,1127.15,1130.65,1106.8,44.90B,-0.0103
6/4/2001,1127.2,1148,1154.45,1125.35,39.21B,-0.0182
6/1/2001,1148.05,1168.1,1175.8,1146.9,45.59B,-0.017
5/31/2001,1167.9,1177.5,1177.5,1154.9,51.33B,-0.0082
5/30/2001,1177.55,1199.5,1207,1173.75,53.46B,-0.0174
5/29/2001,1198.45,1193.25,1202.05,1193.25,44.86B,0.0044
5/28/2001,1193.2,1174.95,1194.5,1174.45,45.58B,0.0156
5/25/2001,1174.9,1181.95,1188.5,1171.35,44.05B,-0.0059
5/24/2001,1181.85,1179.1,1190.15,1177.55,49.24B,0.0023
5/23/2001,1179.1,1168.25,1181.8,1167,40.54B,0.0094
5/22/2001,1168.1,1169.5,1176.2,1165.65,37.28B,-0.0012
5/21/2001,1169.45,1172.95,1182.65,1166.7,43.13B,-0.0029
5/18/2001,1172.8,1175,1187.65,1169.2,53.43B,-0.0018
5/17/2001,1174.95,1151.2,1179,1150.6,62.57B,0.0207
5/16/2001,1151.15,1147.1,1163.15,1146.05,48.49B,0.0051
5/15/2001,1145.3,1140.75,1147.75,1096.25,45.13B,0.0039
5/14/2001,1140.8,1140.45,1146.25,1134.05,32.68B,0.0003
5/11/2001,1140.5,1144.1,1146.85,1136.9,42.03B,-0.0039
5/10/2001,1144.95,1149.1,1151.6,1139.25,37.68B,-0.0037
5/9/2001,1149.25,1149.9,1164.3,1145.25,55.61B,0.0003
5/8/2001,1148.95,1139.25,1151.95,1138.2,43.30B,0.0086
5/7/2001,1139.2,1130.05,1145.4,1130.05,35.26B,0.0081
5/4/2001,1130.05,1121.45,1131.95,1113.65,42.01B,0.0071
5/3/2001,1122.05,1137.15,1139.85,1117.7,35.70B,-0.0133
5/2/2001,1137.2,1125.45,1150.65,1125.25,43.26B,0.0106
4/30/2001,1125.25,1101.45,1127.9,1101.45,42.75B,0.0217
4/27/2001,1101.3,1143.65,1143.65,1078.1,56.50B,-0.0371
4/26/2001,1143.75,1155.4,1170.2,1138.85,55.93B,-0.01
4/25/2001,1155.35,1146.5,1162.85,1142.3,52.93B,0.0079
4/24/2001,1146.3,1149.6,1149.6,1128.4,42.01B,-0.003
4/23/2001,1149.75,1144.05,1162.05,1137.3,48.55B,0.005
4/20/2001,1144,1145.75,1156.45,1120.6,49.36B,-0.0004
4/19/2001,1144.45,1103.6,1159.3,1103.6,70.68B,0.0372
4/18/2001,1103.4,1066.5,1106.3,1063.05,55.98B,0.0341
4/17/2001,1067,1044.85,1072.9,1037.7,50.80B,0.0214
4/16/2001,1044.6,1024,1049.4,1000.1,44.79B,0.0192
4/12/2001,1024.9,1066.75,1066.75,1001.8,47.08B,-0.0393
4/11/2001,1066.8,1104.9,1116.85,1056.1,39.18B,-0.0329
4/10/2001,1103.05,1129.1,1129.75,1093.05,35.20B,-0.0224
4/9/2001,1128.35,1137.6,1138.55,1116.1,28.40B,-0.0099
4/6/2001,1139.6,1137.55,1171.85,1133.05,36.17B,0.0026
4/4/2001,1136.65,1146.1,1146.15,1120.35,27.09B,-0.011
4/3/2001,1149.25,1136.65,1153.1,1128.1,29.80B,0.0098
4/2/2001,1138.1,1148.1,1148.1,1094.35,40.16B,-0.0088
3/30/2001,1148.2,1195.05,1195.25,1144.65,33.96B,-0.0392
3/29/2001,1195.1,1204.9,1210.1,1185,31.58B,-0.0092
3/28/2001,1206.2,1177.55,1209.6,1177.55,31.73B,0.0242
3/27/2001,1177.75,1161.6,1182.7,1157.25,34.35B,0.014
3/26/2001,1161.5,1159.85,1165.65,1147.5,22.76B,0.0002
3/23/2001,1161.3,1187.6,1196.55,1139.65,35.58B,-0.0221
3/22/2001,1187.55,1206.45,1218.35,1184.95,33.69B,-0.0162
3/21/2001,1207.1,1168.8,1212.2,1156.15,30.17B,0.0309
3/20/2001,1170.95,1186.8,1193.35,1162.35,29.32B,-0.0133
3/19/2001,1186.7,1192.85,1201.7,1173.15,29.20B,-0.0057
3/16/2001,1193.55,1216.9,1233.4,1179.6,51.15B,-0.0194
3/15/2001,1217.15,1191.6,1219.7,1170.7,47.03B,0.0192
3/14/2001,1194.2,1125.15,1200.25,1114.6,42.82B,0.0618
3/13/2001,1124.7,1197.85,1201.15,1098.75,69.14B,-0.0611
3/12/2001,1197.95,1253.25,1253.25,1193.95,54.09B,-0.0453
3/9/2001,1254.75,1292.7,1292.7,1219.35,60.12B,-0.0295
3/8/2001,1292.85,1290.85,1307.95,1279.3,60.22B,0.0018
3/7/2001,1290.5,1272.8,1311.1,1249.45,104.38B,0.015
3/5/2001,1271.45,1304.85,1316.45,1259.1,121.53B,-0.0267
3/2/2001,1306.35,1360.25,1386.75,1301.8,124.76B,-0.0381
3/1/2001,1358.05,1351.75,1399.55,1345.05,136.40B,0.0049
2/28/2001,1351.4,1295.3,1362.25,1294.6,150.44B,0.0431
2/27/2001,1295.55,1312.45,1324,1281.9,106.03B,-0.0128
2/26/2001,1312.4,1320.9,1325.2,1299.05,86.95B,-0.0061
2/23/2001,1320.45,1355.1,1362.8,1314.1,109.21B,-0.0256
2/22/2001,1355.1,1370.05,1370.05,1335.65,100.05B,-0.0109
2/21/2001,1370.1,1383.9,1389.55,1364.25,101.08B,-0.0099
2/20/2001,1383.85,1384.85,1392.8,1380.4,100.05B,-0.0007
2/19/2001,1384.8,1381.4,1392.05,1369.45,78.67B,0.0025
2/16/2001,1381.35,1415.85,1422.95,1376.15,113.02B,-0.025
2/15/2001,1416.7,1393.35,1421,1393.35,104.60B,0.0168
2/14/2001,1393.35,1393.15,1396.35,1380.65,82.94B,0.0015
2/13/2001,1391.2,1402.2,1412.7,1386.65,101.74B,-0.0078
2/12/2001,1402.2,1405.7,1416.45,1397.6,93.54B,-0.0025
2/9/2001,1405.7,1395.55,1416.3,1395.55,145.05B,0.0073
2/8/2001,1395.5,1370.65,1396.8,1365.05,112.78B,0.018
2/7/2001,1370.8,1387.3,1391.85,1368.05,113.03B,-0.0118
2/6/2001,1387.1,1382.7,1395.4,1382.7,87.85B,0.0033
2/5/2001,1382.6,1378.8,1392.15,1373.45,99.31B,0.0027
2/2/2001,1378.85,1359.1,1384.9,1355.3,116.26B,0.0145
2/1/2001,1359.15,1371.5,1373.5,1340.95,111.15B,-0.0091
1/31/2001,1371.7,1385.85,1396.05,1369,100.05B,-0.0058
1/30/2001,1379.7,1342.1,1382.55,1342.05,96.52B,0.0281
1/29/2001,1342.05,1368.55,1368.55,1312.1,87.20B,-0.0205
1/25/2001,1370.1,1366.05,1374.2,1353.5,108.88B,0.003
1/24/2001,1365.95,1355.35,1371.1,1355.35,114.57B,0.0079
1/23/2001,1355.2,1347.95,1362.05,1346.5,98.01B,0.0053
1/22/2001,1348,1329.3,1351.85,1329.3,99.48B,0.0142
1/19/2001,1329.1,1306,1333.5,1306,107.08B,0.0177
1/18/2001,1305.95,1297.95,1309.95,1297.95,80.94B,0.0062
1/17/2001,1297.9,1299.4,1312.35,1295.3,72.32B,0.0038
1/16/2001,1293.05,1287,1302.6,1279.85,78.83B,0.0049
1/15/2001,1286.75,1286.85,1295.2,1277.85,73.89B,0
1/12/2001,1286.75,1280.45,1298.85,1279.4,82.04B,0.005
1/11/2001,1280.4,1287.5,1296.75,1275.95,83.10B,-0.0054
1/10/2001,1287.3,1311.65,1324.35,1285.3,81.32B,-0.0186
1/9/2001,1311.65,1309.2,1323.4,1304.9,90.81B,0.0018
1/8/2001,1309.25,1327.35,1334.2,1303.35,96.10B,-0.0136
1/5/2001,1327.25,1307.55,1330.3,1306.25,98.83B,0.015
1/4/2001,1307.65,1291.3,1331.35,1291.3,106.44B,0.0127
1/3/2001,1291.25,1271.8,1293.55,1263.95,99.08B,0.0153
1/2/2001,1271.8,1254.25,1279.6,1248.55,72.27B,0.014
1/1/2001,1254.3,1263.5,1276.15,1250.65,60.53B,-0.0073
12/29/2000,1263.55,1249,1265.9,1242.25,68.27B,0.0117
12/28/2000,1248.95,1229.35,1253.6,1229.35,61.90B,0.0168
12/27/2000,1228.3,1212.15,1239,1208.75,59.26B,0.0134
12/26/2000,1212,1242.05,1248.5,1207.95,71.78B,-0.0242
12/22/2000,1242,1278.95,1292.8,1237.3,89.71B,-0.0277
12/21/2000,1277.4,1294.25,1294.25,1257.1,81.45B,-0.0138
12/20/2000,1295.25,1312.8,1313.4,1285.45,64.92B,-0.0116
12/19/2000,1310.5,1317.75,1325.6,1307,79.67B,-0.0054
12/18/2000,1317.6,1310.15,1321.65,1297.2,71.85B,0.0038
12/15/2000,1312.6,1349.25,1349.25,1308.15,106.56B,-0.0272
12/14/2000,1349.35,1354.45,1369.5,1346.15,107.92B,-0.0037
12/13/2000,1354.3,1333.8,1360.8,1333.8,81.30B,0.0157
12/12/2000,1333.35,1332.2,1341.75,1327.6,78.40B,0.0009
12/11/2000,1332.15,1313.7,1333.5,1313.7,77.52B,0.014
12/8/2000,1313.7,1303.3,1317.2,1303.3,92.77B,0.0086
12/7/2000,1302.5,1298.9,1308.45,1295.1,86.89B,0.003
12/6/2000,1298.55,1284.85,1319.85,1284.85,82.72B,0.0108
12/5/2000,1284.65,1275.7,1288.2,1275.5,66.90B,0.0071
12/4/2000,1275.6,1276.25,1290,1273.65,68.39B,-0.0005
12/1/2000,1276.2,1268.1,1280.5,1255.2,93.88B,0.0063
11/30/2000,1268.15,1264.75,1272.1,1258.4,75.25B,0.0027
11/29/2000,1264.75,1272.25,1281,1253.45,83.44B,-0.0063
11/28/2000,1272.75,1252.9,1275.45,1248.9,81.85B,0.0158
11/27/2000,1252.9,1225.4,1254.45,1225.35,67.01B,0.0226
11/24/2000,1225.2,1216.05,1230,1216.05,69.64B,0.0076
11/23/2000,1216,1221.2,1223.05,1209.85,60.19B,-0.0052
11/22/2000,1222.35,1235.85,1247.5,1220.05,56.32B,-0.0102
11/21/2000,1235,1236.95,1237.85,1224.3,54.13B,-0.0021
11/20/2000,1237.6,1236,1241.75,1231.05,53.53B,0.0013
11/17/2000,1236,1232.35,1238,1216.9,56.34B,0.0022
11/16/2000,1233.25,1246.6,1254.55,1228.6,62.68B,-0.0111
11/15/2000,1247.05,1245,1270.1,1243.2,71.82B,0.0034
11/14/2000,1242.85,1207.2,1246.9,1207.05,71.32B,0.0288
11/13/2000,1208.05,1239.35,1239.35,1199.95,56.91B,-0.0254
11/10/2000,1239.55,1271.35,1271.4,1237.5,62.55B,-0.0239
11/9/2000,1269.95,1266.75,1275.55,1255.95,61.83B,0.0025
11/8/2000,1266.8,1246.65,1277.25,1246.65,75.24B,0.0161
11/7/2000,1246.75,1239,1249.1,1232.35,52.94B,0.0052
11/6/2000,1240.25,1242.15,1261.4,1236.65,71.32B,-0.0014
11/3/2000,1242.05,1225,1249.2,1225,76.27B,0.014
11/2/2000,1224.85,1201.25,1226.35,1199.75,67.71B,0.02
11/1/2000,1200.8,1178.25,1203.85,1177.1,57.07B,0.0239
10/31/2000,1172.75,1167.2,1175.6,1155.15,46.35B,0.0048
10/30/2000,1167.15,1178.75,1185.8,1164.25,38.38B,-0.0098
10/27/2000,1178.7,1186.95,1192.9,1171.85,42.73B,-0.0064
10/26/2000,1186.3,1182.8,1188.2,1176.6,14.45B,0.002
10/25/2000,1183.9,1158.2,1190.4,1157.25,61.46B,0.0273
10/24/2000,1152.45,1143,1155.35,1132.9,48.20B,0.0074
10/23/2000,1143.95,1171.75,1172.15,1141.45,48.68B,-0.0239
10/20/2000,1172,1166.2,1202.7,1166.2,67.68B,0.005
10/19/2000,1166.15,1135.65,1171.5,1108.2,67.02B,0.0265
10/18/2000,1136,1157.05,1157.05,1122.8,46.52B,-0.019
10/17/2000,1158.05,1174.3,1174.3,1140.6,60.52B,-0.0148
10/16/2000,1175.45,1177.85,1228.8,1173.35,55.53B,-0.0011
10/13/2000,1176.75,1205.7,1205.7,1167.5,55.25B,-0.0245
10/12/2000,1206.25,1201.3,1214.35,1185.1,58.85B,0.0036
10/11/2000,1201.9,1232.85,1234.1,1193.8,50.47B,-0.0299
10/10/2000,1238.95,1268.7,1272.75,1230.05,48.90B,-0.0224
10/9/2000,1267.3,1285.05,1286.35,1264.2,35.06B,-0.0138
10/6/2000,1285,1284.35,1287.85,1262.65,51.77B,0.0002
10/5/2000,1284.75,1296.1,1306.45,1282.5,46.46B,-0.0101
10/4/2000,1297.8,1281.45,1300.05,1275.8,42.23B,0.0123
10/3/2000,1282,1270.75,1288.15,1254.35,53.47B,0.0081
9/29/2000,1271.65,1267.3,1284.15,1264.4,49.22B,0.0041
9/28/2000,1266.4,1292.4,1302.75,1260.8,60.96B,-0.0202
9/27/2000,1292.55,1267.45,1299,1249.35,49.80B,0.0194
9/26/2000,1267.9,1292.9,1298.25,1261,46.21B,-0.0191
9/25/2000,1292.55,1268.4,1305.1,1268.4,42.39B,0.0206
9/22/2000,1266.45,1329.1,1329.1,1261.2,53.88B,-0.0477
9/21/2000,1329.85,1341.65,1347.4,1325.75,37.26B,-0.0097
9/20/2000,1342.9,1317.8,1351.1,1311.1,42.01B,0.0197
9/19/2000,1317,1351.8,1361.7,1295.3,61.40B,-0.0276
9/18/2000,1354.35,1416.05,1416.05,1352.1,44.61B,-0.0443
9/15/2000,1417.2,1443.25,1451.05,1411.55,48.42B,-0.0194
9/14/2000,1445.3,1456.75,1466.65,1437.85,48.93B,-0.0075
9/13/2000,1456.15,1467.65,1482,1452.6,40.90B,-0.0078
9/12/2000,1467.65,1457.1,1470.55,1447.8,44.77B,0.0078
9/11/2000,1456.35,1449.35,1469,1448.95,48.90B,0.0043
9/8/2000,1450.05,1440.6,1453.15,1440.6,48.95B,0.0072
9/7/2000,1439.75,1434.7,1450.2,1424.35,50.58B,0.0031
9/6/2000,1435.35,1430.9,1444.45,1421,55.57B,0.005
9/5/2000,1428.25,1428.05,1434.65,1420.9,46.66B,0.0004
9/4/2000,1427.75,1395.95,1433.15,1395.95,59.12B,0.0241
8/31/2000,1394.1,1376.5,1397.3,1375.9,41.75B,0.0132
8/30/2000,1375.95,1369.9,1384.85,1369.8,43.64B,0.006
8/29/2000,1367.7,1368.65,1373.55,1360.65,38.51B,-0.0016
8/28/2000,1369.85,1379.6,1383.45,1368.25,37.28B,-0.0083
8/25/2000,1381.25,1387.35,1396.1,1377.75,50.25B,-0.0041
8/24/2000,1386.95,1386.3,1390.45,1374.9,44.51B,0.0006
8/23/2000,1386.05,1381.6,1398.9,1376.9,61.61B,0.0035
8/22/2000,1381.2,1370.75,1394.9,1370.75,52.20B,0.008
8/21/2000,1370.25,1358.75,1374.5,1358.75,49.04B,0.009
8/18/2000,1358.05,1342,1360.65,1339.05,48.69B,0.0124
8/17/2000,1341.4,1351.5,1363.05,1334.95,53.41B,-0.0074
8/16/2000,1351.45,1319.35,1354.95,1319.35,40.97B,0.0255
8/14/2000,1317.9,1312.25,1321.55,1295.45,43.86B,0.0055
8/11/2000,1310.75,1328.15,1328.15,1306.6,36.41B,-0.013
8/10/2000,1328,1345.25,1360.4,1325.15,44.33B,-0.0126
8/9/2000,1344.95,1345.95,1363.95,1341.05,44.99B,-0.0005
8/8/2000,1345.6,1312.1,1348.25,1311.15,38.05B,0.0265
8/7/2000,1310.8,1319.7,1321.7,1299.9,33.74B,-0.0059
8/4/2000,1318.55,1320.25,1333.15,1302.65,38.82B,-0.002
8/3/2000,1321.25,1330.7,1339.4,1319,37.08B,-0.008
8/2/2000,1331.9,1323.7,1333.85,1312.25,30.38B,0.0038
8/1/2000,1326.85,1332.85,1344.5,1322.6,32.54B,-0.0045
7/31/2000,1332.85,1333.3,1343.65,1317.3,28.94B,-0.0007
7/28/2000,1333.8,1337.7,1359.4,1327.95,44.54B,-0.0032
7/27/2000,1338.05,1317,1342.75,1291.3,41.44B,0.015
7/26/2000,1318.25,1350.8,1371.8,1315.15,35.75B,-0.0227
7/25/2000,1348.9,1317.35,1363.45,1269.25,52.15B,0.0236
7/24/2000,1317.75,1397.05,1397.05,1310.85,41.61B,-0.0569
7/21/2000,1397.25,1424.9,1435.2,1394.3,47.90B,-0.0189
7/20/2000,1424.2,1434.95,1443.25,1416,44.96B,-0.0081
7/19/2000,1435.8,1464.55,1468.55,1432.85,38.46B,-0.0187
7/18/2000,1463.1,1479.3,1482.9,1458.6,39.63B,-0.0112
7/17/2000,1479.65,1509.25,1512.25,1475.15,39.54B,-0.0199
7/14/2000,1509.75,1522.2,1534.35,1505.9,50.97B,-0.0084
7/13/2000,1522.6,1535.55,1564.75,1513.65,47.99B,-0.007
7/12/2000,1533.35,1518.7,1537.1,1507.95,41.65B,0.0097
7/11/2000,1518.55,1510.55,1523.1,1506.15,47.33B,0.0059
7/10/2000,1509.65,1518.15,1523.2,1502.7,40.34B,-0.0052
7/7/2000,1517.6,1517,1528.15,1513.4,40.34B,0.0005
7/6/2000,1516.8,1525.15,1525.15,1504.05,42.00B,-0.0061
7/5/2000,1526.05,1511.5,1530.9,1511.5,51.28B,0.0098
7/4/2000,1511.3,1496.15,1516.8,1494.8,37.92B,0.0107
7/3/2000,1495.25,1473.45,1498.7,1473.45,39.58B,0.0162
6/30/2000,1471.45,1490.2,1490.65,1462.45,39.15B,-0.014
6/29/2000,1492.35,1471.35,1505.75,1471.35,41.36B,0.0152
6/28/2000,1470,1453.7,1474.7,1445.6,25.72B,0.0108
6/27/2000,1454.3,1452.8,1467.15,1448.95,41.44B,0.0018
6/26/2000,1451.65,1472.15,1472.15,1431.25,28.89B,-0.014
6/23/2000,1472.2,1487.85,1499.85,1462.75,62.81B,-0.0108
6/22/2000,1488.25,1475.65,1491.4,1461.3,42.45B,0.0089
6/21/2000,1475.15,1524.05,1539.1,1470.4,30.55B,-0.0212
6/20/2000,1507.1,1498,1518.05,1497.05,32.05B,0.0056
6/19/2000,1498.75,1477.55,1510.45,1477.55,37.01B,0.0145
6/16/2000,1477.3,1443.15,1480.85,1441.6,39.63B,0.0222
6/15/2000,1445.25,1437,1452.8,1422.4,30.33B,0.0068
6/14/2000,1435.5,1434.95,1459.15,1423.95,37.37B,0.0018
6/13/2000,1432.9,1438.8,1438.8,1411.9,37.25B,-0.0052
6/12/2000,1440.4,1464.4,1477.55,1437.15,28.47B,-0.0183
6/9/2000,1467.2,1464.3,1485.5,1458.9,55.39B,0.0024
6/8/2000,1463.65,1430.5,1468.7,1430.5,39.57B,0.0233
6/7/2000,1430.35,1423.4,1442.7,1413.8,32.12B,0.006
6/6/2000,1421.75,1405.45,1426.15,1392.7,28.12B,0.0122
6/5/2000,1404.6,1390.95,1461.05,1390.95,46.68B,0.011
6/2/2000,1389.25,1350.15,1395.35,1350.15,40.14B,0.0298
6/1/2000,1349,1380.4,1380.4,1345.1,29.62B,-0.0228
5/31/2000,1380.45,1355.35,1410.75,1355.35,46.44B,0.0265
5/30/2000,1344.85,1310.8,1347.3,1304.95,35.58B,0.0258
5/29/2000,1311.05,1273.7,1317.75,1267.4,47.53B,0.028
5/26/2000,1275.35,1247.1,1278.75,1232.85,33.05B,0.0222
5/25/2000,1247.65,1237,1269.8,1235.7,35.46B,0.0095
5/24/2000,1235.9,1224.5,1246.25,1201.5,30.85B,0.0094
5/23/2000,1224.4,1229.25,1230.9,1203.2,21.79B,-0.007
5/22/2000,1233,1267.85,1267.85,1228.4,18.68B,-0.0276
5/19/2000,1268,1293.45,1293.45,1252.7,27.40B,-0.0196
5/18/2000,1293.4,1311.3,1316.2,1289.55,23.24B,-0.0139
5/17/2000,1311.65,1310.8,1347.7,1303.75,25.38B,0.0037
5/16/2000,1306.85,1300.2,1310.45,1287.8,17.41B,0.0058
5/15/2000,1299.25,1281.3,1311.7,1220.7,21.76B,0.0128
5/12/2000,1282.8,1305.3,1326.3,1276.4,23.38B,-0.0167
5/11/2000,1304.55,1359.1,1359.1,1295.95,23.83B,-0.043
5/10/2000,1363.15,1380.4,1391.35,1359.65,22.18B,-0.0112
5/9/2000,1378.55,1362.45,1385.7,1328.05,24.90B,0.0099
5/8/2000,1365.05,1423.25,1436.6,1358.8,23.97B,-0.0403
5/5/2000,1422.4,1381.9,1428.6,1381.9,35.56B,0.0303
5/4/2000,1380.55,1317.95,1385.15,1317.95,29.96B,0.049
5/3/2000,1316.05,1330.15,1342.15,1258.1,34.71B,-0.013
5/2/2000,1333.45,1410,1421.5,1319.65,39.38B,-0.052
4/28/2000,1406.55,1419.9,1438,1396.55,27.46B,-0.0073
4/27/2000,1416.9,1436.15,1455.85,1400.65,51.77B,-0.0134
4/26/2000,1436.1,1362.5,1439.05,1362.5,45.03B,0.0564
4/25/2000,1359.45,1383.8,1383.8,1311.3,40.51B,-0.0206
4/24/2000,1388,1416.05,1431.8,1371.85,34.27B,-0.0195
4/20/2000,1415.65,1405.7,1425.55,1339.75,43.87B,0.0076
4/19/2000,1404.95,1417.75,1469.05,1375.05,38.87B,-0.007
4/18/2000,1414.8,1443.55,1478.85,1410,30.06B,-0.0199
4/17/2000,1443.55,1518.55,1518.55,1412.45,47.79B,-0.0495
4/13/2000,1518.65,1587.95,1587.95,1502.7,20.99B,-0.0465
4/12/2000,1592.7,1624.4,1628.55,1586,35.32B,-0.0197
4/11/2000,1624.65,1613,1631.6,1550.85,34.97B,0.0072
4/10/2000,1613,1557.55,1636.95,1557.55,67.96B,0.0359
4/7/2000,1557.15,1453.3,1558.05,1453.3,49.47B,0.0717
4/6/2000,1452.95,1436.15,1475.25,1381.05,40.87B,0.0128
4/5/2000,1434.65,1428.5,1467.4,1391.65,49.40B,0.0046
4/4/2000,1428.1,1534.05,1534.05,1420.85,42.18B,-0.0695
4/3/2000,1534.75,1528.7,1555.5,1510.75,50.91B,0.0041
3/31/2000,1528.45,1545.55,1545.55,1493.9,49.68B,-0.0136
3/30/2000,1549.5,1556.95,1557.85,1489.1,38.87B,-0.0056
3/29/2000,1558.25,1569.3,1609.4,1553.4,32.29B,-0.0066
3/28/2000,1568.6,1563.3,1575.85,1527.55,28.17B,0.0036
3/27/2000,1562.95,1570.45,1593.3,1555.75,19.05B,-0.0042
3/24/2000,1569.55,1554.2,1579.4,1540.45,15.41B,0.0104
3/23/2000,1553.4,1590.3,1629.2,1544.5,21.31B,-0.0228
3/22/2000,1589.6,1551.05,1604,1551.05,26.94B,0.0212
3/21/2000,1556.6,1563.3,1585.25,1542.65,30.77B,-0.0036
3/16/2000,1562.2,1620.4,1621.2,1554.3,33.98B,-0.0357
3/15/2000,1620.1,1546.8,1630.95,1538.7,28.90B,0.0339
3/14/2000,1567.05,1561.55,1571.3,1503.2,37.97B,0.0041
3/13/2000,1560.7,1601.4,1645,1553.45,32.02B,-0.0262
3/10/2000,1602.75,1647.85,1680.45,1588.2,23.71B,-0.0264
3/9/2000,1646.25,1667.45,1692.25,1595.45,27.73B,-0.0121
3/8/2000,1666.35,1717.75,1765.25,1654.45,30.25B,-0.0214
3/7/2000,1702.75,1711.85,1730.85,1684.9,36.86B,0.0084
3/6/2000,1688.5,1656,1721,1656,32.43B,0.0196
3/3/2000,1656,1696.45,1719.15,1644.4,29.50B,-0.0239
3/2/2000,1696.55,1713.65,1773.85,1690.05,42.28B,-0.0094
3/1/2000,1712.7,1661.5,1727.9,1630,37.59B,0.035
2/29/2000,1654.8,1722.85,1783.3,1626.35,49.50B,-0.0393
2/28/2000,1722.55,1711.15,1726.65,1670.75,27.27B,0.0071
2/25/2000,1710.45,1734.05,1757.05,1699.25,19.46B,-0.0124
2/24/2000,1732,1696.4,1751.6,1693.1,23.49B,0.021
2/23/2000,1696.4,1745.2,1818.15,1689.2,27.91B,-0.0245
2/22/2000,1739.05,1754.2,1781.05,1733.55,33.43B,-0.0082
2/21/2000,1753.5,1719.55,1767.8,1719.55,26.02B,0.0208
2/18/2000,1717.8,1742.3,1764.15,1713.45,24.49B,-0.0139
2/17/2000,1742.1,1710.05,1753.1,1710.05,28.33B,0.0181
2/16/2000,1711.1,1704.85,1742.8,1704.15,31.31B,0.005
2/15/2000,1702.55,1744.5,1744.5,1694.45,39.14B,-0.024
2/14/2000,1744.5,1777.75,1795.45,1738.75,31.62B,-0.0065
2/11/2000,1756,1712.85,1771.65,1712.85,33.41B,0.0262
2/10/2000,1711.2,1692.1,1713.7,1692.1,30.11B,0.0128
2/9/2000,1689.65,1666.95,1731.65,1666.7,41.77B,0.0162
2/8/2000,1662.75,1636.6,1676.1,1636.6,40.72B,0.016
2/7/2000,1636.6,1599.8,1645.9,1599.8,34.67B,0.023
2/4/2000,1599.75,1598.5,1621.35,1596.45,30.46B,0.0012
2/3/2000,1597.9,1591.25,1616.7,1591.25,40.83B,0.0062
2/2/2000,1588,1554.2,1605.9,1554.2,39.36B,0.0248
2/1/2000,1549.5,1546.2,1554.15,1521.4,37.16B,0.0021
1/31/2000,1546.2,1598.35,1598.35,1538.7,36.15B,-0.0331
1/28/2000,1599.1,1603.65,1610.9,1592.7,46.56B,-0.003
1/27/2000,1603.9,1600.5,1633.55,1600.05,38.10B,0.011
1/25/2000,1586.4,1612.95,1613.65,1579.55,36.88B,-0.0169
1/24/2000,1613.6,1623.05,1645,1608.3,34.73B,-0.0043
1/21/2000,1620.6,1601.25,1626.5,1593.2,39.72B,0.0122
1/20/2000,1601.1,1634.65,1644.4,1596.65,42.62B,-0.0206
1/19/2000,1634.85,1610.05,1644.45,1608.85,42.98B,0.0175
1/18/2000,1606.7,1611.65,1615.15,1587.85,37.56B,-0.003
1/17/2000,1611.6,1623.5,1668.45,1604.65,42.68B,-0.0069
1/14/2000,1622.75,1622.15,1627.4,1591.4,43.29B,0.0008
1/13/2000,1621.4,1627.85,1671.15,1613.65,44.74B,-0.0021
1/12/2000,1624.8,1572.3,1631.55,1571.7,38.36B,0.0333
1/11/2000,1572.5,1633.25,1639.9,1548.25,49.12B,-0.037
1/10/2000,1632.95,1615.65,1662.1,1614.95,45.01B,0.0122
1/7/2000,1613.3,1616.6,1628.25,1597.2,54.32B,-0.0027
1/6/2000,1617.6,1595.8,1639,1595.8,51.27B,0.0137
1/5/2000,1595.8,1634.55,1635.5,1555.05,62.15B,-0.0262
1/4/2000,1638.7,1594.4,1641.95,1594.4,38.79B,0.0292
1/3/2000,1592.2,1482.15,1592.9,1482.15,25.36B,0.0755
12/30/1999,1480.45,1489.2,1504.95,1476.75,14.71B,0.0028
12/29/1999,1476.35,1443.9,1483.4,1443.9,19.75B,0.0237
12/28/1999,1442.2,1427.45,1451.35,1418.85,28.57B,0.0071
12/27/1999,1432.1,1459.65,1460.5,1427.7,21.85B,-0.0184
12/24/1999,1459,1488.05,1489.9,1453.35,25.67B,-0.0197
12/23/1999,1488.35,1481.6,1510.85,1481.6,17.18B,0.0045
12/22/1999,1481.7,1429.15,1486.9,1429.15,44.34B,0.0422
12/21/1999,1421.7,1422.6,1437.6,1413.85,30.19B,-0.0005
12/20/1999,1422.45,1419.45,1435.55,1418.75,31.08B,0.0022
12/17/1999,1419.3,1420.1,1439.25,1414.15,29.85B,-0.0003
12/16/1999,1419.7,1404.05,1428.5,1402.75,23.55B,0.0131
12/15/1999,1401.4,1396.6,1410.8,1376.75,27.41B,0.0023
12/14/1999,1398.25,1427.9,1431.25,1391.1,36.43B,-0.0206
12/13/1999,1427.65,1440.2,1444.95,1421.85,25.63B,-0.0084
12/10/1999,1439.7,1448.05,1462.6,1437,30.86B,-0.0054
12/9/1999,1447.55,1437.1,1451.5,1428.05,28.32B,0.0062
12/8/1999,1438.65,1451.1,1486.15,1420.95,55.49B,-0.0045
12/7/1999,1445.15,1443.2,1455.4,1439.65,40.66B,0.0016
12/6/1999,1442.85,1418.3,1445.6,1418.3,36.33B,0.0175
12/3/1999,1418,1409.05,1436.65,1409.05,41.86B,0.0065
12/2/1999,1408.85,1388.2,1420.7,1387.2,35.59B,0.0145
12/1/1999,1388.75,1375.05,1401.1,1374.7,30.99B,0.0092
11/30/1999,1376.15,1384.9,1386.75,1370.55,31.63B,-0.0061
11/29/1999,1384.65,1399.8,1401.25,1382.2,29.33B,-0.0107
11/26/1999,1399.6,1409.35,1418.15,1395.5,34.64B,-0.0064
11/25/1999,1408.65,1395.85,1417.65,1395.85,36.85B,0.0098
11/24/1999,1394.95,1376.5,1404.05,1376.5,41.97B,0.0143
11/22/1999,1375.25,1362.4,1378.1,1358.2,30.07B,0.0098
11/19/1999,1361.85,1365.25,1381.05,1360.05,25.39B,-0.0018
11/18/1999,1364.25,1353.4,1366.25,1342.25,24.29B,0.0089
11/17/1999,1352.25,1367.65,1381.5,1352.25,28.94B,-0.0041
11/16/1999,1357.75,1362.3,1362.3,1351.4,24.94B,-0.0036
11/15/1999,1362.7,1372.75,1381.1,1358.15,21.00B,-0.0079
11/12/1999,1373.55,1389.25,1389.4,1368.85,24.59B,-0.0116
11/11/1999,1389.6,1389.2,1402.7,1382.3,36.51B,0.0004
11/10/1999,1389.1,1371.6,1392.55,1371.6,28.09B,0.0131
11/9/1999,1371.2,1370.5,1374.8,1345.25,36.47B,0.0012
11/7/1999,1369.6,1364.7,1382.25,1364.7,14.70B,0.0037
11/5/1999,1364.55,1336.75,1369.65,1336.55,42.07B,0.0208
11/4/1999,1336.8,1326.85,1339.75,1313.6,36.10B,0.0078
11/3/1999,1326.4,1332.7,1353.55,1303.25,51.55B,-0.0044
11/2/1999,1332.2,1269.3,1335.6,1239.8,49.34B,0.049
11/1/1999,1270,1325.9,1332.7,1260.8,42.51B,-0.0418
10/29/1999,1325.45,1367.9,1370.8,1296.7,54.90B,-0.0309
10/28/1999,1367.7,1411.2,1411.45,1361.05,38.44B,-0.031
10/27/1999,1411.4,1419.1,1440.7,1400.75,46.64B,-0.0021
10/26/1999,1414.35,1426.6,1431.5,1410.95,43.55B,-0.0083
10/25/1999,1426.2,1449.85,1457.2,1410.85,50.23B,-0.0163
10/23/1999,1449.8,1430.75,1451.85,1429.1,13.42B,0.0137
10/22/1999,1430.25,1452.6,1452.6,1421.4,47.32B,-0.0159
10/21/1999,1453.35,1478,1496.45,1448.35,57.11B,-0.0164
10/20/1999,1477.65,1446.2,1498.7,1446.2,56.37B,0.0233
10/18/1999,1444.05,1454.9,1461.45,1426.15,48.45B,-0.0072
10/15/1999,1454.55,1505.7,1512,1448.95,33.57B,-0.0336
10/14/1999,1505.2,1497.3,1522.85,1496.65,40.80B,0.0059
10/13/1999,1496.3,1485.45,1510.5,1466,61.67B,0.0084
10/12/1999,1483.85,1484.4,1493.15,1472.35,55.86B,-0.0001
10/11/1999,1484,1480.8,1504.55,1479.1,50.44B,0.0032
10/8/1999,1479.25,1470,1502.65,1462.75,55.10B,0.0065
10/7/1999,1469.75,1394.35,1475.45,1394.35,62.42B,0.0553
10/6/1999,1392.7,1377.65,1419.75,1377.15,57.10B,0.0106
10/5/1999,1378.15,1372.4,1384.35,1358.95,46.22B,0.0043
10/4/1999,1372.3,1403.45,1406.35,1367.85,39.01B,-0.022
10/1/1999,1403.2,1414.65,1419.1,1389.05,49.44B,-0.007
9/30/1999,1413.1,1415.55,1432.55,1409.55,57.21B,-0.0016
9/29/1999,1415.3,1380.7,1429.05,1380.3,58.49B,0.0262
9/28/1999,1379.15,1389.25,1389.45,1363.45,55.04B,-0.0074
9/27/1999,1389.5,1413.8,1427.15,1387.05,46.40B,-0.0161
9/24/1999,1412.25,1397.45,1427.75,1396.75,53.62B,0.0102
9/23/1999,1398,1387.95,1403.55,1387.45,40.01B,0.0083
9/22/1999,1386.45,1350.7,1400,1350.7,34.76B,0.0265
9/21/1999,1350.6,1358.45,1367.75,1348.6,36.61B,-0.0053
9/20/1999,1357.85,1359.8,1379.05,1356.3,30.80B,-0.0014
9/17/1999,1359.7,1350.35,1364.05,1329.7,34.65B,0.0063
9/16/1999,1351.2,1374.45,1375.35,1347.3,31.30B,-0.0171
9/15/1999,1374.7,1371,1392.35,1371,35.09B,0.003
9/14/1999,1370.55,1391.9,1397.45,1366.25,43.75B,-0.0148
9/10/1999,1391.1,1397.15,1398.6,1388.85,40.90B,-0.0042
9/9/1999,1396.9,1400.15,1402.25,1388.65,41.09B,-0.0019
9/8/1999,1399.5,1385.55,1413.45,1385.55,43.97B,0.0117
9/7/1999,1383.25,1391.2,1403.75,1378.95,40.41B,-0.005
9/6/1999,1390.2,1375.45,1392.05,1372.5,30.64B,0.0111
9/3/1999,1374.95,1375.7,1384.25,1370.95,31.51B,-0.0007
9/2/1999,1375.85,1410,1410,1372.5,32.97B,-0.0247
9/1/1999,1410.7,1412.05,1430.8,1397.7,43.99B,-0.0009
8/31/1999,1412,1422.65,1424.05,1409.55,38.97B,-0.0075
8/30/1999,1422.6,1417.8,1435.5,1417.8,46.99B,0.0036
8/27/1999,1417.5,1402.6,1425.2,1402.6,36.61B,0.0107
8/26/1999,1402.5,1371.9,1408.15,1371.9,38.22B,0.0225
8/25/1999,1371.65,1383.45,1414,1341.35,50.30B,-0.008
8/24/1999,1382.65,1370.05,1385.6,1369.9,45.41B,0.0095
8/23/1999,1369.7,1347.75,1375.95,1347.75,46.43B,0.0166
8/20/1999,1347.3,1345.6,1350.3,1332.4,28.90B,0.0017
8/19/1999,1345,1363.5,1375.45,1341.55,43.35B,-0.0135
8/18/1999,1363.35,1326,1371.9,1326,46.82B,0.0307
8/17/1999,1322.7,1310.3,1327.9,1310.3,34.96B,0.0098
8/16/1999,1309.9,1292.35,1314.15,1292.35,34.65B,0.014
8/13/1999,1291.85,1309.7,1317.1,1290.3,26.03B,-0.0135
8/12/1999,1309.5,1315.9,1321.55,1308.05,27.26B,-0.0044
8/11/1999,1315.3,1308.75,1328.2,1295.2,34.51B,0.0042
8/10/1999,1309.75,1328.15,1328.4,1305.85,33.65B,-0.0136
8/9/1999,1327.75,1316.9,1332.9,1312.8,37.62B,0.0083
8/6/1999,1316.8,1323.15,1326,1315.15,30.09B,-0.0049
8/5/1999,1323.3,1326.75,1345.85,1317.5,33.02B,-0.0023
8/4/1999,1326.4,1285.9,1329.3,1285.9,43.24B,0.0322
8/3/1999,1285.05,1289.2,1290.8,1277.85,39.01B,-0.0035
8/2/1999,1289.6,1309.85,1310.8,1282.85,25.88B,-0.0157
7/30/1999,1310.15,1325.55,1325.55,1302.5,34.29B,-0.0117
7/29/1999,1325.7,1320.75,1329.75,1312.55,46.82B,0.0042
7/28/1999,1320.1,1309.75,1337,1309.75,40.24B,0.0078
7/27/1999,1309.85,1325.4,1327,1304.4,40.02B,-0.0123
7/26/1999,1326.15,1342.6,1342.6,1314.8,30.65B,-0.0125
7/23/1999,1342.95,1350,1367.3,1339.6,38.45B,-0.0046
7/22/1999,1349.2,1339.05,1358.25,1337.55,43.14B,0.0068
7/21/1999,1340.15,1314.8,1346.65,1302.8,40.17B,0.0194
7/20/1999,1314.7,1349.6,1350.35,1310.85,50.20B,-0.0259
7/19/1999,1349.6,1325.35,1357.85,1325.35,47.69B,0.0191
7/16/1999,1324.25,1318.3,1331.75,1312.3,47.85B,0.005
7/15/1999,1317.7,1335.55,1367.95,1310.45,71.34B,-0.0131
7/14/1999,1335.15,1322.9,1341.1,1306.2,62.49B,0.0104
7/13/1999,1321.45,1315.75,1338.15,1315.75,69.96B,0.0046
7/12/1999,1315.35,1254.1,1318.05,1254.1,66.69B,0.0489
7/9/1999,1254,1244.4,1260.7,1244.4,65.22B,0.008
7/8/1999,1244.05,1243.9,1251.15,1238.4,56.92B,0.0003
7/7/1999,1243.7,1241.65,1255.75,1238.15,59.20B,0.002
7/6/1999,1241.25,1230.3,1246.4,1230.3,46.09B,0.0089
7/5/1999,1230.25,1197.95,1232.4,1197.95,55.95B,0.027
7/2/1999,1197.85,1183.65,1204.15,1183.65,51.74B,0.0124
7/1/1999,1183.2,1187.85,1197,1179.3,36.95B,-0.0038
6/30/1999,1187.7,1191.45,1193.9,1179.65,31.86B,-0.003
6/29/1999,1191.3,1192.2,1198.7,1185.3,36.79B,-0.0008
6/28/1999,1192.2,1177.05,1194.9,1177.05,31.13B,0.0129
6/25/1999,1177,1181.6,1197,1174.2,44.87B,-0.0036
6/24/1999,1181.3,1192.55,1193.1,1171.3,42.20B,-0.0099
6/23/1999,1193.15,1215.95,1228.55,1188.65,51.12B,-0.0174
6/22/1999,1214.3,1202.95,1219.45,1201.2,47.53B,0.01
6/21/1999,1202.3,1175.3,1203.35,1175.3,43.40B,0.0231
6/18/1999,1175.15,1177.15,1189.2,1172.2,48.31B,-0.001
6/17/1999,1176.35,1148.95,1181.9,1148.95,55.86B,0.0246
6/16/1999,1148.15,1120.35,1152.35,1109.7,61.56B,0.0247
6/15/1999,1120.5,1127.4,1143.3,1113.3,48.33B,-0.0057
6/14/1999,1126.9,1140.75,1140.75,1099.85,37.23B,-0.0131
6/11/1999,1141.9,1161.8,1162.95,1140.25,45.66B,-0.0178
6/10/1999,1162.6,1163.7,1175.95,1159.6,46.93B,-0.0005
6/9/1999,1163.2,1180,1192.05,1159.25,50.77B,-0.0134
6/8/1999,1178.95,1145.9,1178.95,1138.05,49.67B,0.0193
6/7/1999,1156.65,1159.55,1164.15,1150.2,39.20B,0.0014
6/4/1999,1155.05,1150.05,1162,1149.1,55.68B,0.0162
6/3/1999,1136.65,1129.9,1141.05,1127.3,48.74B,0.0102
6/2/1999,1125.15,1120.65,1127.65,1107.2,37.66B,0.0012
6/1/1999,1123.8,1125.55,1139.8,1113,52.30B,-0.0075
5/31/1999,1132.3,1098,1132.8,1097.85,45.14B,0.047
5/28/1999,1081.5,1088,1098.25,1049.95,53.63B,-0.0091
5/27/1999,1091.45,1132.85,1147.95,1091.45,43.73B,-0.0388
5/26/1999,1135.5,1165.15,1170.1,1122.6,49.53B,-0.0213
5/25/1999,1160.2,1148.05,1164.2,1147.4,50.70B,0.0075
5/24/1999,1151.6,1147.4,1154.5,1132.5,39.33B,0.005
5/21/1999,1145.85,1176.95,1177,1139.1,51.66B,-0.018
5/20/1999,1166.9,1181,1201.3,1166.9,63.58B,-0.0113
5/19/1999,1180.25,1169.6,1189.2,1161.6,76.33B,0.0173
5/18/1999,1160.15,1155.75,1176.3,1153.45,59.04B,0.0072
5/17/1999,1151.9,1164.45,1171.1,1120.7,71.28B,-0.0115
5/14/1999,1165.35,1157.6,1173.55,1144.9,72.33B,0.015
5/13/1999,1148.1,1131.95,1149.6,1130.85,55.93B,0.0335
5/12/1999,1110.9,1135.45,1142.1,1086.7,60.73B,-0.0046
5/11/1999,1116,1102.2,1121.95,1100.5,45.79B,0.0199
5/10/1999,1094.2,1070.75,1094.2,1070.35,39.31B,0.0294
5/7/1999,1062.9,1065.4,1080.7,1059.05,44.52B,0.0152
5/6/1999,1046.95,1024.95,1048.05,1023.95,38.42B,0.0269
5/5/1999,1019.55,1014.65,1034.55,1004.9,41.62B,0.0111
5/4/1999,1008.35,971.9,1008.35,971.8,27.44B,0.0387
5/3/1999,970.75,979.8,986.4,968.25,23.77B,-0.0076
4/30/1999,978.2,970.9,980.75,969.6,26.83B,0.012
4/29/1999,966.6,950.25,966.6,948.4,38.93B,0.0245
4/28/1999,943.5,928.85,944.45,916,18.55B,0.013
4/26/1999,931.35,945.9,955.5,931.3,24.33B,-0.0516
4/23/1999,982,987.05,994.3,968.15,21.27B,0.0004
4/22/1999,981.65,999.55,1012,971.9,20.91B,-0.0151
4/21/1999,996.65,997.35,1003.4,990.95,16.54B,0.0013
4/20/1999,995.4,995.65,1003.7,983.7,22.58B,0.0015
4/19/1999,993.9,961.3,1000.6,955.75,21.63B,0.0279
4/17/1999,966.95,1065.5,1069.55,961.4,38.24B,-0.0742
4/16/1999,1044.45,970.95,1044.85,965.15,23.36B,0.0783
4/15/1999,968.6,968.4,980.65,964.35,13.79B,-0.0258
4/13/1999,994.25,991.05,1006.15,989.9,17.91B,-0.004
4/12/1999,998.2,984.55,999.65,972.7,13.24B,0.0048
4/9/1999,993.4,1021.55,1022.15,989.75,17.73B,-0.0264
4/8/1999,1020.35,1033,1036.95,1015.3,14.70B,-0.0104
4/7/1999,1031.05,1027.35,1043.4,1027,23.96B,0.0067
4/6/1999,1024.2,999.8,1025.95,993,24.93B,0.0127
4/5/1999,1011.4,1030.65,1036.45,1008.35,19.41B,-0.0489
4/1/1999,1063.45,1082.55,1084.05,1062.45,21.15B,-0.0135
3/31/1999,1078.05,1076.95,1090.4,1073.65,29.69B,0.0222
3/30/1999,1054.6,1036,1054.65,1028.45,35.05B,0.0128
3/26/1999,1041.25,1054.95,1057.8,1033,22.54B,-0.0129
3/25/1999,1054.9,1057.95,1068.15,1053.3,20.30B,-0.0074
3/24/1999,1062.8,1091.15,1091.9,1047.05,32.96B,-0.0095
3/23/1999,1072.95,1063.95,1079.85,1063.9,34.87B,0.0094
3/22/1999,1063,1052.6,1066.6,1044.1,24.38B,0.0025
3/20/1999,1060.35,1063.15,1063.65,1053.6,5.49B,-0.0024
3/19/1999,1062.9,1080.7,1083.15,1056.4,34.87B,-0.0109
3/18/1999,1074.6,1061.4,1074.6,1058.25,32.80B,0.0132
3/17/1999,1060.65,1078.2,1088.55,1057.75,33.75B,0.0071
3/16/1999,1053.15,1068.85,1075.7,1052.9,39.90B,-0.0194
3/15/1999,1073.95,1073.15,1082.5,1063.45,34.70B,0.0012
3/12/1999,1072.65,1066.85,1074.15,1057.1,35.76B,0.0123
3/11/1999,1059.6,1080.15,1085.4,1059.6,39.36B,-0.0178
3/10/1999,1078.85,1099.15,1099.8,1062.7,48.97B,0.0005
3/9/1999,1078.35,1074.25,1084.65,1071.75,44.68B,0.0058
3/8/1999,1072.1,1064.35,1080.3,1056.85,53.11B,0.0167
3/5/1999,1054.45,1043.45,1061.4,1033.8,55.46B,0.0127
3/4/1999,1041.2,1056.85,1060.55,1030.45,42.62B,-0.0101
3/3/1999,1051.85,1066.4,1073.05,1051.8,57.52B,0.0355
3/1/1999,1015.8,992.45,1018.4,984.45,47.63B,0.0352
2/27/1999,981.3,947.35,981.55,932.2,59.55B,0.0426
2/26/1999,941.2,955.4,955.75,938.2,32.20B,-0.0137
2/25/1999,954.3,954.7,962.6,951.9,34.38B,-0.0035
2/24/1999,957.65,959.8,961.4,947.95,36.95B,0.0084
2/23/1999,949.65,949.3,952.65,938.65,37.79B,-0.0044
2/22/1999,953.85,978.5,978.85,953.6,34.74B,-0.023
2/19/1999,976.3,979.4,985.4,975.85,40.21B,0.0029
2/18/1999,973.45,974.15,989.15,968.7,40.51B,0.0045
2/17/1999,969.05,970.1,978.75,953.1,37.83B,0.0106
2/16/1999,958.9,952.55,960.25,951.5,29.40B,0.0046
2/15/1999,954.55,974.1,976.85,954.55,31.55B,-0.0162
2/12/1999,970.25,965.7,972.75,962.35,26.22B,0.0106
2/11/1999,960.05,966.85,973.7,958.15,40.02B,0.0006
2/10/1999,959.45,938.8,959.6,935.2,33.20B,0.0375
2/9/1999,924.75,914.7,924.75,907.45,29.54B,0.009
2/8/1999,916.5,937.75,940.9,916.5,23.98B,-0.0211
2/5/1999,936.3,939.65,943.7,930.1,23.47B,-0.0036
2/4/1999,939.7,957.15,958.8,937.5,29.43B,-0.0133
2/3/1999,952.4,948,955.55,940.75,27.34B,0.0228
2/2/1999,931.2,940.1,945.15,924.95,30.67B,-0.0095
2/1/1999,940.15,962.4,968.05,940.15,23.18B,-0.027
1/29/1999,966.2,956.8,966.35,952.7,24.05B,0.0116
1/28/1999,955.1,971.2,976.75,954.25,27.41B,-0.0167
1/27/1999,971.3,968.55,985.25,967.65,41.78B,0.0226
1/25/1999,949.8,954.35,956.65,935,40.89B,-0.0076
1/22/1999,957.05,976.6,980.45,955.15,40.61B,-0.0105
1/21/1999,967.2,935.15,967.2,932.8,49.36B,0.0466
1/19/1999,924.1,944.15,948,923.2,39.49B,-0.022
1/18/1999,944.9,938.65,945.05,922.8,34.51B,0.0113
1/15/1999,934.3,961.7,967.85,932.25,40.47B,-0.0214
1/14/1999,954.75,948,968.4,944.5,45.30B,-0.0067
1/13/1999,961.2,980.3,986.25,958.05,47.24B,-0.0034
1/12/1999,964.45,976.7,985.55,953.9,48.16B,-0.0215
1/11/1999,985.6,1005.15,1016.3,985.6,68.20B,-0.0045
1/8/1999,990.05,969.95,990.05,966.4,65.94B,0.037
1/7/1999,954.7,932.95,961.15,932.95,65.48B,0.0285
1/6/1999,928.25,923.3,930.55,915.65,43.23B,0.0232
1/5/1999,907.2,901,907.2,893.15,36.72B,0.0105
1/4/1999,897.8,896.4,905.45,895.75,32.22B,0.0079
1/1/1999,890.8,886.75,892.2,882.6,31.36B,0.0074
12/31/1998,884.25,900.55,902.9,884.25,34.69B,-0.0174
12/30/1998,899.95,887.4,903.85,887,45.23B,0.0313
12/29/1998,872.65,876.9,881.25,867.8,32.69B,-0.0082
12/28/1998,879.85,869.75,882.7,866.25,38.54B,0.0218
12/24/1998,861.1,856.3,863.5,854.75,32.97B,0.0028
12/23/1998,858.7,866.25,874.65,858.7,31.99B,0.0016
12/22/1998,857.3,864.55,864.9,851.35,32.82B,0.0011
12/21/1998,856.4,845.6,859.55,845.25,26.35B,0.0254
12/18/1998,835.2,830.3,838.8,827.3,27.46B,0.006
12/17/1998,830.25,835.45,845.1,827.9,35.30B,-0.025
12/16/1998,851.55,844.65,851.55,836.85,29.02B,0.0077
12/15/1998,845.05,861,861.1,844.55,30.90B,-0.0215
12/14/1998,863.6,871.65,874.75,861.95,25.68B,-0.0074
12/11/1998,870,867.15,874.2,865.7,31.46B,0.0065
12/10/1998,864.4,858.6,865.8,858.5,23.90B,0.0092
12/9/1998,856.55,855.95,864.7,855.1,32.20B,0.0042
12/8/1998,853,844.95,853.85,840.5,28.67B,0.0093
12/7/1998,845.15,829.75,846,828.2,29.17B,0.0203
12/4/1998,828.35,816.15,828.35,813.1,30.71B,0.0138
12/3/1998,817.05,821.3,822.5,814.5,19.87B,-0.005
12/2/1998,821.15,820.35,826.05,817.35,30.21B,0.0055
12/1/1998,816.65,816.55,820.85,812.25,27.86B,-0.0013
11/30/1998,817.75,808.6,817.75,800.1,27.22B,0.0085
11/28/1998,810.85,812.7,817.4,804.3,20.34B,-0.002
11/27/1998,812.45,823.3,824.65,810.3,35.28B,-0.0146
11/26/1998,824.45,838.85,843.55,821.4,31.10B,-0.0206
11/24/1998,841.75,850.05,851.55,840.75,31.23B,-0.0068
11/23/1998,847.55,856.4,856.4,844.85,23.06B,-0.0113
11/21/1998,857.2,857.2,857.8,854.55,6.79B,-0.0009
11/20/1998,857.95,864.3,867.7,855.4,35.06B,-0.0073
11/19/1998,864.3,875.25,878.8,864.3,46.82B,-0.0123
11/18/1998,875.05,862.9,876.15,862.9,30.29B,0.0166
11/17/1998,860.75,855.45,861.65,854.55,31.83B,0.0063
11/16/1998,855.35,866.5,866.5,854.3,30.89B,-0.0137
11/13/1998,867.25,871.7,877.25,865,47.81B,-0.0052
11/12/1998,871.75,868.45,874.2,857.2,44.86B,0.0033
11/11/1998,868.85,869.45,882.1,866.6,39.87B,0.0002
11/10/1998,868.7,864.8,871.6,859.7,33.37B,0.0047
11/9/1998,864.65,841.3,870.5,841.3,45.12B,0.0284
11/6/1998,840.8,829.2,842.15,829.2,42.43B,0.0141
11/5/1998,829.15,821.35,830.4,821.35,29.84B,0.01
11/3/1998,820.9,823.2,825.3,818.6,32.84B,-0.0028
11/2/1998,823.2,824.2,829.1,812.3,29.89B,-0.0016
10/31/1998,824.55,820.25,824.7,819.9,12.58B,-0.0052
10/30/1998,828.85,832.65,839.2,826.85,38.29B,-0.0041
10/29/1998,832.25,833.55,834,818.95,28.36B,-0.0019
10/28/1998,833.85,842.8,857.75,831.55,34.89B,-0.0092
10/27/1998,841.6,845.45,848.25,835.7,31.47B,-0.0043
10/26/1998,845.25,817.6,854.1,817.6,31.77B,0.0332
10/23/1998,818.05,811.85,820.35,804.7,35.96B,0.0079
10/22/1998,811.6,809.3,825.2,805.7,28.08B,0.0036
10/20/1998,808.7,831.15,831.45,803.3,29.71B,-0.0271
10/19/1998,831.25,839.7,840,830.1,9.08B,-0.0098
10/16/1998,839.5,836.25,844.7,829.25,27.61B,0.0046
10/15/1998,835.65,843.65,845.9,832.1,27.18B,-0.0094
10/14/1998,843.55,816.55,846.75,816.55,31.67B,0.0328
10/13/1998,816.75,835.45,835.75,810,36.45B,-0.0228
10/12/1998,835.8,849.7,860.9,832.1,28.13B,-0.0157
10/9/1998,849.1,847.95,861.55,842.1,35.21B,0.0014
10/8/1998,847.95,874.65,885.25,845.1,38.66B,-0.0301
10/7/1998,874.25,846.15,875.75,846.05,29.68B,0.0337
10/6/1998,845.75,839.95,848.2,820.1,28.95B,0.0059
10/5/1998,840.75,904.75,904.75,839.3,22.44B,-0.0709
9/30/1998,904.95,908.3,912.25,896.05,24.83B,-0.0038
9/29/1998,908.4,928.3,932.5,902.4,29.57B,-0.021
9/28/1998,927.9,935.6,941.45,926,26.17B,-0.0075
9/25/1998,934.95,935.3,945.25,933,34.92B,0.0002
9/24/1998,934.8,908.2,936.5,908.2,34.32B,0.0298
9/23/1998,907.75,897.9,910.75,897.9,20.94B,0.0117
9/22/1998,897.25,897.85,900.8,891.4,27.85B,-0.0005
9/21/1998,897.7,902.1,908.05,895.85,26.97B,-0.0044
9/18/1998,901.65,910,910,899.95,24.65B,-0.0093
9/17/1998,910.1,914.45,919.95,908.55,24.93B,-0.0048
9/16/1998,914.5,921.4,926.55,912.6,26.57B,-0.0068
9/15/1998,920.8,920.1,923.2,915.6,25.55B,0.0003
9/14/1998,920.5,900.2,921.65,900.2,31.31B,0.0231
9/11/1998,899.7,907.1,907.1,893.3,25.93B,-0.0085
9/10/1998,907.4,903.15,913.2,897.35,30.95B,0.0042
9/9/1998,903.6,900.2,916.8,900.2,34.19B,0.0041
9/8/1998,899.95,887.25,902.05,882.6,28.27B,0.0145
9/7/1998,887.1,866.9,889.45,866.9,35.26B,0.0238
9/4/1998,866.5,846.9,868.05,846.9,37.68B,0.0237
9/3/1998,846.45,842.3,852.05,838.75,25.06B,0.0047
9/2/1998,842.5,834.55,847.95,834.55,16.88B,0.0095
9/1/1998,834.55,852.75,852.75,832.05,26.43B,-0.0214
8/31/1998,852.8,850.3,858.6,841.1,19.78B,0.0035
8/28/1998,849.8,877.15,877.15,847.15,31.49B,-0.0315
8/27/1998,877.45,872.15,889.7,872.15,32.07B,0.0064
8/25/1998,871.9,859.85,874.15,859.85,27.81B,0.0141
8/24/1998,859.8,855.2,860.95,845.35,21.96B,0.0051
8/21/1998,855.45,868.55,871.15,853.4,37.41B,-0.0153
8/20/1998,868.7,839.3,871.15,839.3,34.01B,0.0363
8/19/1998,838.3,832.85,853.9,830.15,36.17B,0.007
8/18/1998,832.45,854.55,854.8,831.1,26.63B,-0.0259
8/17/1998,854.55,864.35,873.2,853.05,19.02B,-0.0111
8/14/1998,864.1,872.85,876.8,863.55,17.90B,-0.0093
8/13/1998,872.25,859.8,878.4,854.5,23.53B,0.0141
8/12/1998,860.1,866.35,871.4,853.1,23.44B,-0.0074
8/11/1998,866.5,878.7,878.7,863.65,23.65B,-0.0139
8/10/1998,878.75,895.15,895.15,877.55,19.26B,-0.0188
8/7/1998,895.55,902.75,903.55,892.9,22.25B,-0.008
8/6/1998,902.75,907.9,919,900.2,27.18B,-0.0052
8/5/1998,907.45,905.65,911.8,890.95,22.29B,0.0014
8/4/1998,906.2,905.65,913.45,903.15,19.66B,0.0002
8/3/1998,906,930.8,930.8,903.5,18.36B,-0.0273
7/31/1998,931.4,932.6,939.6,925.25,24.75B,-0.0013
7/30/1998,932.6,938.15,949.85,926.8,23.82B,-0.0056
7/29/1998,937.85,917.4,940.15,917.4,27.98B,0.0225
7/28/1998,917.25,899.1,920,897.65,28.31B,0.0199
7/27/1998,899.35,919.4,929.45,895.85,24.34B,-0.0226
7/24/1998,920.1,933.5,934.75,915.5,27.51B,-0.0153
7/23/1998,934.4,965.35,965.35,931.75,26.41B,-0.0324
7/22/1998,965.7,965.55,976.5,959.5,21.58B,0.0002
7/21/1998,965.5,977.65,983.4,960.85,26.91B,-0.0121
7/20/1998,977.3,1001.9,1002.4,973.75,20.88B,-0.0236
7/17/1998,1000.95,1005.1,1015.55,996.6,32.61B,-0.0031
7/16/1998,1004.05,972,1005.9,969.55,28.15B,0.0336
7/15/1998,971.4,968.05,988.55,968.05,24.90B,0.0042
7/14/1998,967.35,964.1,970.3,954.5,23.63B,0.0031
7/13/1998,964.35,980.3,991.7,959.4,31.76B,-0.0161
7/10/1998,980.15,961.65,982.2,961.65,34.69B,0.0199
7/9/1998,961.05,944.1,966.1,944.1,26.54B,0.0179
7/8/1998,944.15,925.15,948.3,924.95,25.04B,0.021
7/7/1998,924.7,917.45,936,917.45,29.37B,0.008
7/6/1998,917.35,901,919.5,900.9,17.28B,0.0187
7/3/1998,900.55,920.05,920.05,898.65,17.72B,-0.021
7/2/1998,919.9,941.65,941.65,918.1,15.83B,-0.0237
7/1/1998,942.25,941.6,945.55,916.5,19.34B,0.0006
6/30/1998,941.65,949.45,952.75,933,28.72B,-0.0078
6/29/1998,949.1,923.2,951.2,916.65,26.26B,0.0268
6/26/1998,924.35,931.8,932.5,914.45,22.79B,-0.0084
6/25/1998,932.15,908.65,939.15,908.65,27.32B,0.026
6/24/1998,908.5,875.45,910.05,873.6,25.45B,0.0376
6/23/1998,875.6,882.2,882.2,853.05,31.60B,-0.0052
6/22/1998,880.2,912.9,912.9,853.3,25.71B,-0.0362
6/19/1998,913.25,955.05,955.05,910.55,26.78B,-0.0449
6/18/1998,956.15,977,990.15,952.65,27.62B,-0.0208
6/17/1998,976.5,910.9,980.3,910.9,30.37B,0.073
6/16/1998,910.1,916.25,916.25,862.15,38.57B,-0.0073
6/15/1998,916.8,970.95,970.95,914.3,25.51B,-0.056
6/12/1998,971.15,961.6,987.3,961.6,27.89B,0.0102
6/11/1998,961.35,962.15,964.65,929.95,31.75B,-0.0016
6/10/1998,962.9,994.55,998.65,959.6,32.96B,-0.0323
6/9/1998,995.05,968.9,1002.45,964.7,36.85B,0.0273
6/8/1998,968.6,993.5,1003.15,936.55,45.56B,-0.0251
6/5/1998,993.5,1026.6,1026.6,989.2,41.66B,-0.0326
6/4/1998,1027,1034.1,1044.4,1023.35,32.70B,-0.0067
6/3/1998,1033.9,1019.35,1037.3,1009.95,46.09B,0.014
6/2/1998,1019.6,1053.4,1053.65,1016.25,54.41B,-0.0324
6/1/1998,1053.75,1064.1,1100,1049.4,52.12B,-0.0088
5/29/1998,1063.15,1075.35,1077.15,1037.95,48.70B,-0.0115
5/28/1998,1075.55,1090.5,1097,1073.3,35.19B,-0.0141
5/27/1998,1090.95,1104.05,1107.2,1089,32.87B,-0.0122
5/26/1998,1104.45,1123.15,1123.15,1101.55,25.22B,-0.0165
5/25/1998,1122.95,1125.9,1127,1111.2,19.98B,-0.0032
5/22/1998,1126.55,1126.1,1131.25,1118.5,25.80B,0.0004
5/21/1998,1126.15,1141.65,1146.35,1120.35,29.49B,-0.0133
5/20/1998,1141.3,1121.7,1142.95,1121.7,28.29B,0.0174
5/19/1998,1121.75,1119.8,1125.15,1116.2,27.34B,0.0017
5/18/1998,1119.8,1110.65,1130,1110.65,23.78B,0.0087
5/15/1998,1110.1,1119.15,1130.4,1104.2,35.34B,-0.0076
5/14/1998,1118.65,1094.05,1121.75,1081.6,45.35B,0.0224
5/13/1998,1094.1,1132.1,1132.1,1091.25,37.02B,-0.0337
5/12/1998,1132.25,1160.15,1160.15,1100.1,41.83B,-0.0242
5/11/1998,1160.3,1162.2,1162.95,1156.45,18.26B,-0.0011
5/8/1998,1161.55,1172.1,1172.2,1157.3,26.99B,-0.0093
5/6/1998,1172.45,1188,1196.7,1169.15,28.95B,-0.0132
5/5/1998,1188.1,1185.2,1191.25,1177.3,27.78B,0.0025
5/4/1998,1185.15,1159.8,1185.75,1159.8,27.34B,0.0223
4/30/1998,1159.35,1151.4,1161,1137.8,27.87B,0.0072
4/29/1998,1151.1,1151.3,1178.05,1147,32.23B,0.0037
4/28/1998,1146.8,1164.1,1164.3,1144.55,37.42B,-0.0151
4/27/1998,1164.35,1173.85,1180.2,1161.2,32.96B,-0.0081
4/24/1998,1173.8,1182.15,1183.75,1144.85,39.94B,-0.007
4/23/1998,1182.1,1210.25,1211.3,1179.75,33.22B,-0.0237
4/22/1998,1210.8,1212.95,1247.15,1208,42.63B,-0.0016
4/21/1998,1212.75,1207.2,1218.95,1207.2,35.67B,0.0046
4/20/1998,1207.15,1210.05,1222.55,1202.2,32.87B,-0.0024
4/17/1998,1210,1197.05,1211.8,1189.75,36.50B,0.0108
4/16/1998,1197.05,1206.35,1215.05,1194.5,33.01B,-0.0077
4/15/1998,1206.3,1159.55,1210.6,1159.55,41.79B,0.0404
4/13/1998,1159.45,1191.65,1191.65,1156.85,44.46B,-0.0276
4/10/1998,1192.4,1209.75,1209.9,1189.45,40.18B,-0.0142
4/9/1998,1209.6,1189.4,1224.25,1189.4,56.38B,0.0184
4/7/1998,1187.8,1187.35,1199.55,1184,49.89B,0.0006
4/6/1998,1187.1,1173.55,1191.55,1173.55,43.16B,0.0116
4/3/1998,1173.45,1157.9,1174.55,1157.3,42.06B,0.0139
4/2/1998,1157.4,1150.4,1169.55,1150.4,42.31B,0.0063
4/1/1998,1150.1,1117.15,1151,1117.15,37.87B,0.0297
3/31/1998,1116.9,1124.75,1127.5,1111.85,42.70B,-0.0071
3/30/1998,1124.85,1140.6,1146.65,1122.95,33.08B,-0.0136
3/27/1998,1140.35,1129.5,1142.1,1121.2,35.11B,0.0096
3/26/1998,1129.5,1147.65,1156.7,1127.3,40.29B,-0.0152
3/25/1998,1146.95,1121.45,1149.35,1121.45,41.32B,0.0233
3/24/1998,1120.85,1124.25,1137.8,1117.35,45.07B,-0.0029
3/23/1998,1124.1,1110.1,1124.8,1110.1,9.18B,0.0131
3/20/1998,1109.6,1105.5,1112.4,1097.75,36.37B,0.0034
3/19/1998,1105.8,1103.8,1113.45,1099.8,35.31B,0.0022
3/18/1998,1103.35,1083.85,1108.2,1083.85,34.70B,0.0185
3/17/1998,1083.3,1090.25,1090.25,1072.7,36.06B,-0.0066
3/16/1998,1090.45,1077.75,1102.6,1077.75,35.10B,0.012
3/12/1998,1077.5,1083.35,1083.95,1072.4,37.96B,-0.0051
3/11/1998,1083,1086.65,1102.6,1074.55,44.41B,-0.0028
3/10/1998,1086.05,1099.35,1102.85,1082.7,43.62B,-0.0122
3/9/1998,1099.5,1081.95,1100.4,1081.95,46.02B,0.0167
3/6/1998,1081.45,1083.3,1086,1073.25,29.67B,-0.0018
3/5/1998,1083.35,1091.95,1098.9,1079.95,30.73B,-0.0082
3/4/1998,1092.35,1062.7,1094.45,1062.7,39.83B,0.0271
3/3/1998,1063.5,1099.25,1101.95,1046.75,48.97B,-0.0316
3/2/1998,1098.2,1060.9,1100.8,1060.9,49.45B,0.0353
2/27/1998,1060.75,1045.85,1064.15,1045.75,44.48B,0.0143
2/26/1998,1045.8,1036.3,1048.55,1032.4,29.64B,0.0094
2/25/1998,1036.05,1014.1,1037.15,1014.1,31.61B,0.0216
2/24/1998,1014.1,1009.5,1017.55,1007.4,29.76B,0.0045
2/23/1998,1009.6,994.1,1011.7,994.1,21.60B,0.0161
2/20/1998,993.65,997.1,1006.25,991.85,24.11B,-0.0039
2/19/1998,997.55,988.95,1001.1,988.95,28.31B,0.0088
2/18/1998,988.85,992.15,997.8,984,29.28B,-0.0029
2/17/1998,991.7,974.65,1002.15,974.65,30.89B,0.0176
2/13/1998,974.55,956.8,978.15,956.8,27.99B,0.0187
2/12/1998,956.65,959.05,960.25,949.65,23.25B,-0.0023
2/11/1998,958.9,964.25,971.75,956,25.11B,-0.005
2/10/1998,963.7,976.1,976.1,962,24.27B,-0.0127
2/9/1998,976.1,977.55,980.75,973.1,23.99B,-0.0016
2/6/1998,977.65,976.1,981.2,971.9,31.13B,0.0016
2/5/1998,976.1,968.15,980.45,968.15,26.14B,0.0084
2/4/1998,967.95,975.9,988.4,965.45,40.63B,-0.0075
2/3/1998,975.25,977.05,979.55,967.85,34.73B,-0.0014
2/2/1998,976.6,963.45,978.05,962.25,31.34B,0.0136
1/30/1998,963.45,941.4,965.3,941.4,30.65B,0.0235
1/29/1998,941.35,944.55,944.55,929.05,26.13B,-0.0037
1/28/1998,944.8,962.65,969.7,940.1,40.29B,-0.0192
1/27/1998,963.3,986.9,988,959.4,30.14B,-0.0238
1/23/1998,986.8,992.2,992.45,984.55,27.24B,-0.0056
1/22/1998,992.35,1012.2,1012.2,990.85,30.49B,-0.0198
1/21/1998,1012.4,1011.6,1017.75,1003.9,26.66B,0.0009
1/20/1998,1011.45,1017.25,1029.65,1008.8,39.47B,-0.0057
1/19/1998,1017.25,998.3,1019.75,992.05,39.09B,0.0195
1/16/1998,997.8,990.05,999.8,987.1,40.38B,0.0082
1/15/1998,989.65,997.5,1001.3,975.65,42.79B,-0.0079
1/14/1998,997.55,999.45,1019.85,990.75,41.53B,-0.0016
1/13/1998,999.1,995.7,1016.8,995.7,40.45B,0.0033
1/12/1998,995.8,1033.2,1033.2,992.5,43.26B,-0.0365
1/9/1998,1033.55,1057.65,1057.65,1028.7,52.84B,-0.0229
1/8/1998,1057.75,1082.05,1082.05,1054,45.96B,-0.0228
1/7/1998,1082.4,1079.95,1097.3,1071.75,41.51B,0.003
1/6/1998,1079.15,1091.25,1091.25,1074.1,33.05B,-0.0115
1/5/1998,1091.65,1086.6,1102.15,1086.6,31.89B,0.005
1/2/1998,1086.2,1081,1091.3,1081,25.93B,0.0046
1/1/1998,1081.2,1078.95,1084.5,1074.15,24.61B,0.0017
12/31/1997,1079.4,1058.45,1083.35,1057.75,35.19B,0.0197
12/30/1997,1058.5,1078.75,1080.2,1054.55,35.07B,-0.019
12/29/1997,1079,1061.65,1081.5,1060.2,32.24B,0.0165
12/26/1997,1061.45,1054.15,1066,1054.15,37.99B,0.0069
12/24/1997,1054.15,1054.8,1055.5,1032.95,31.66B,-0.0006
12/23/1997,1054.8,1051.45,1066.25,1049.55,37.09B,0.0032
12/22/1997,1051.4,1028.45,1053.4,1028.45,37.17B,0.0224
12/19/1997,1028.4,1009.3,1029.75,1006.8,30.81B,0.0185
12/18/1997,1009.7,1013.5,1023.85,1008.15,38.61B,-0.0034
12/17/1997,1013.15,1002.25,1017.6,1002.15,31.34B,0.0108
12/16/1997,1002.35,980,1007.75,979.8,41.40B,0.023
12/15/1997,979.85,965,980.65,957.2,37.94B,0.0152
12/12/1997,965.15,973.7,979.1,963.85,47.06B,-0.0087
12/11/1997,973.65,971.7,978.8,943,55.95B,0.0018
12/10/1997,971.9,983.2,983.2,965.85,36.43B,-0.0123
12/9/1997,984.05,1008.5,1011.5,979.7,54.35B,-0.0245
12/8/1997,1008.8,1006.65,1014.15,1003.2,40.75B,0.0025
12/5/1997,1006.3,1011.4,1024.35,1002.45,48.23B,-0.0054
12/4/1997,1011.75,1030.2,1036.6,1007.8,60.98B,-0.0184
12/3/1997,1030.7,1030.2,1037.4,1022.05,42.01B,0.0009
12/2/1997,1029.8,1033.15,1041.25,1024.85,43.43B,-0.0028
12/1/1997,1032.65,1023.85,1033.9,1008.45,36.59B,0.0085
11/28/1997,1023.95,1046.35,1046.35,1014.85,55.51B,-0.0218
11/27/1997,1046.75,1016.95,1048.95,1011.9,54.72B,0.0294
11/26/1997,1016.85,1011.4,1028.9,1011.05,44.52B,0.0061
11/25/1997,1010.7,981.1,1015.2,974.7,63.87B,0.03
11/24/1997,981.25,1005.7,1010.65,979.75,46.40B,-0.0244
11/21/1997,1005.75,994.85,1014.5,990.4,56.87B,0.0107
11/20/1997,995.15,987.7,1004.8,974.2,55.63B,0.0074
11/19/1997,987.85,1009.55,1009.55,971.2,47.42B,-0.0217
11/18/1997,1009.8,1025.3,1025.4,1004.2,38.59B,-0.0148
11/17/1997,1024.95,1022.3,1028.5,1014.55,34.32B,0.0025
11/13/1997,1022.4,1044.55,1044.55,1013.1,49.14B,-0.0216
11/12/1997,1045,1073.3,1073.3,1042.35,39.84B,-0.0264
11/11/1997,1073.35,1065.9,1076.5,1064.3,32.15B,0.007
11/10/1997,1065.9,1074.5,1074.5,1064.4,24.16B,-0.0083
11/7/1997,1074.8,1081.15,1081.45,1072.15,28.28B,-0.0057
11/6/1997,1080.95,1084.8,1085.2,1068.4,35.24B,-0.0037
11/5/1997,1085,1091.2,1096.05,1081.9,37.02B,-0.0048
11/4/1997,1090.2,1083.8,1097.05,1079.55,49.37B,0.0057
11/3/1997,1084,1085.75,1096.05,1071.2,34.13B,-0.0012
10/30/1997,1085.25,1106.9,1106.9,1080.15,21.16B,-0.0196
10/29/1997,1107,1033,1108.5,1033,59.05B,0.0721
10/28/1997,1032.6,1120.6,1120.6,1028.2,63.95B,-0.0787
10/27/1997,1120.8,1136,1136,1116,40.48B,-0.0139
10/24/1997,1136.65,1151.45,1151.45,1122.55,56.98B,-0.013
10/23/1997,1151.65,1169.4,1171.05,1140.8,46.66B,-0.0156
10/22/1997,1169.85,1175.55,1184.9,1168.3,39.49B,-0.0043
10/21/1997,1174.95,1188.2,1192,1171.2,59.46B,-0.0112
10/20/1997,1188.2,1177.5,1189.4,1172.05,48.21B,0.0088
10/17/1997,1177.8,1168.75,1181.15,1168.7,53.92B,0.0081
10/16/1997,1168.35,1150.45,1171.6,1150.45,53.55B,0.0156
10/15/1997,1150.45,1138.45,1152.65,1138.45,42.09B,0.011
10/14/1997,1137.9,1156.45,1158.8,1131,59.61B,-0.0165
10/13/1997,1156.95,1165.5,1177.5,1153.85,67.81B,-0.0057
10/10/1997,1163.55,1135.3,1166.05,1133.6,71.97B,0.0256
10/9/1997,1134.55,1119.1,1135.95,1118.65,40.21B,0.0178
10/1/1997,1114.7,1123.45,1123.45,1102.45,33.34B,-0.0081
9/30/1997,1123.8,1125.65,1125.65,1112.5,38.10B,-0.0017
9/29/1997,1125.7,1124.9,1133.4,1122.6,40.31B,0.0086
9/26/1997,1116.1,1111.65,1122.25,1111.65,34.68B,0.0043
9/25/1997,1111.35,1100.85,1112.4,1098.35,41.70B,0.0095
9/24/1997,1100.85,1089.15,1108.15,1089.15,29.92B,0.0112
9/23/1997,1088.65,1084.4,1090.95,1079.6,34.74B,0.0034
9/22/1997,1085,1104.25,1104.25,1082.5,33.94B,-0.0175
9/19/1997,1104.3,1109.6,1115.15,1099.6,32.87B,-0.0046
9/18/1997,1109.35,1133.6,1133.6,1101.65,35.46B,-0.0219
9/17/1997,1134.2,1140.3,1141.75,1132.75,6.78B,-0.0052
9/16/1997,1140.15,1141.1,1149.25,1137.8,40.37B,-0.0007
9/15/1997,1141,1142.75,1143.35,1136.3,26.85B,-0.0016
9/12/1997,1142.85,1154.2,1154.2,1138.25,33.31B,-0.0099
9/11/1997,1154.3,1154.6,1163.3,1152.55,39.30B,-0.0002
9/10/1997,1154.55,1159,1159,1143.95,36.39B,-0.0043
9/9/1997,1159.55,1158.3,1168.35,1154.95,45.64B,0.0011
9/8/1997,1158.25,1148.7,1160.85,1136.85,36.17B,0.0078
9/5/1997,1149.25,1137.2,1152.3,1137.2,49.76B,0.0106
9/4/1997,1137.15,1134.3,1138.8,1123.7,42.32B,0.0022
9/3/1997,1134.7,1118.45,1145.4,1118.45,54.90B,0.0157
9/2/1997,1117.15,1104.9,1125.85,1102.45,53.38B,0.0113
9/1/1997,1104.7,1105.45,1115,1097.95,48.04B,-0.0003
8/29/1997,1105,1134.2,1134.2,1098.9,66.42B,-0.0261
8/28/1997,1134.65,1168.4,1168.4,1132.25,48.03B,-0.0289
8/27/1997,1168.4,1152.4,1184.85,1152.4,41.33B,0.0145
8/26/1997,1151.75,1144.55,1160.45,1144.05,45.30B,0.0065
8/25/1997,1144.3,1160.4,1160.4,1119.65,53.76B,-0.0139
8/22/1997,1160.45,1181.55,1181.6,1158.45,41.58B,-0.0178
8/21/1997,1181.5,1198.8,1212.15,1179.3,39.21B,-0.0139
8/20/1997,1198.2,1179.55,1200.25,1178.65,38.30B,0.0148
8/19/1997,1180.7,1201.5,1203.15,1177.1,42.45B,-0.0173
8/18/1997,1201.45,1228.4,1228.45,1198.75,29.11B,-0.0215
8/14/1997,1227.9,1244.4,1245.8,1226.1,30.42B,-0.0134
8/13/1997,1244.6,1248.3,1251.4,1240.9,28.31B,-0.0031
8/12/1997,1248.45,1258.5,1272,1243.95,50.21B,-0.0079
8/11/1997,1258.35,1256.85,1260,1247.65,40.34B,0.0011
8/8/1997,1256.95,1269.55,1269.55,1253.2,34.35B,-0.01
8/7/1997,1269.65,1292.8,1292.8,1259.05,55.76B,-0.018
8/6/1997,1292.95,1273.65,1297.1,1273.65,10.63B,0.0156
8/5/1997,1273.15,1250.5,1275.45,1249.7,56.50B,0.0182
8/4/1997,1250.4,1238.75,1254.5,1237.95,57.18B,0.0146
8/1/1997,1232.4,1224.4,1233.85,1219.9,60.69B,0.0089
7/31/1997,1221.5,1203.95,1224.7,1201.85,56.42B,0.0197
7/30/1997,1197.9,1196.65,1205.8,1195.85,41.31B,0.0064
7/29/1997,1190.3,1182.6,1190.55,1180.1,45.25B,0.0073
7/28/1997,1181.65,1185.25,1187.85,1176.95,39.62B,-0.0029
7/25/1997,1185.05,1194.75,1195.95,1179,49.25B,-0.0124
7/24/1997,1199.95,1204.35,1213.4,1195.2,52.90B,-0.0006
7/23/1997,1200.7,1184.05,1201.75,1183.9,53.16B,0.0234
7/22/1997,1173.25,1169.55,1176.4,1165.15,45.72B,0.0071
7/21/1997,1165,1171.35,1171.35,1153.75,41.90B,-0.0139
7/17/1997,1181.4,1182.85,1185.3,1173,57.65B,-0.0014
7/16/1997,1183,1195.55,1207,1179.25,58.67B,-0.0003
7/15/1997,1183.35,1190.5,1195.4,1180.75,53.41B,-0.0031
7/14/1997,1187.05,1212.4,1215.6,1176.6,65.04B,-0.0279
7/11/1997,1221.1,1233.5,1233.5,1217,43.43B,-0.0146
7/10/1997,1239.15,1248.1,1252.7,1234.95,53.76B,0.0021
7/9/1997,1236.55,1211.6,1239.55,1211.6,55.54B,0.032
7/8/1997,1198.25,1205.1,1205.8,1193.35,48.81B,-0.0095
7/7/1997,1209.7,1217.4,1226.6,1208.25,50.91B,-0.0053
7/4/1997,1216.1,1218.95,1222.6,1209.45,53.07B,0.001
7/3/1997,1214.9,1222.45,1235.45,1209.45,54.58B,-0.0066
7/2/1997,1222.95,1214.7,1237.05,1212.6,66.33B,0.0187
7/1/1997,1200.45,1201.3,1206.1,1193.55,64.49B,0.0068
6/30/1997,1192.4,1167.45,1194.75,1164.5,48.36B,0.0195
6/27/1997,1169.65,1168.3,1174.75,1165.95,44.35B,0.0012
6/26/1997,1168.2,1164,1177.6,1160.25,80.96B,0.0054
6/25/1997,1161.9,1166.1,1175,1158.9,53.34B,0.0057
6/24/1997,1155.3,1154.95,1161.95,1146.85,42.54B,0.0014
6/23/1997,1153.7,1159.6,1163,1149.3,48.52B,-0.004
6/20/1997,1158.35,1162.7,1174.15,1154.3,72.30B,-0.0013
6/19/1997,1159.8,1151.95,1161.7,1145.35,61.70B,0
6/18/1997,1159.8,1162.2,1171,1156.05,55.27B,0.0184
6/17/1997,1138.8,1134.9,1145.8,1127.15,56.46B,0.0081
6/16/1997,1129.7,1135.3,1141.05,1121.85,49.68B,-0.0058
6/13/1997,1136.3,1124.95,1147.5,1122.75,70.40B,0.0139
6/12/1997,1120.7,1106.1,1122.2,1105.75,48.10B,0.0146
6/11/1997,1104.6,1090.45,1108.95,1090.45,47.36B,0.0217
6/10/1997,1081.1,1075.3,1084.15,1075.2,39.96B,0.006
6/9/1997,1074.65,1082.95,1082.95,1071.55,38.20B,-0.0075
6/6/1997,1082.75,1087.5,1091.05,1081.3,37.10B,-0.0035
6/5/1997,1086.6,1089.85,1095.5,1082.85,50.59B,0.0008
6/4/1997,1085.75,1081.55,1090.95,1078.8,42.31B,0.0112
6/3/1997,1073.75,1067.65,1081.75,1067.55,55.25B,0.0083
6/2/1997,1064.95,1053.05,1066.15,1051.05,45.58B,0.0134
5/30/1997,1050.9,1039.85,1051.2,1038.3,46.86B,0.0122
5/29/1997,1038.2,1024.75,1040.05,1023.8,40.84B,0.0109
5/28/1997,1027,1032.5,1035.35,1024.55,30.93B,0.0013
5/27/1997,1025.7,1027.5,1031.5,1023.45,37.22B,-0.0012
5/26/1997,1026.9,1032.15,1035.8,1025.5,25.03B,-0.0066
5/23/1997,1033.7,1037,1039,1028.75,37.95B,-0.0034
5/22/1997,1037.2,1042.45,1043.8,1034.35,32.62B,-0.0046
5/21/1997,1042,1047.5,1049.7,1040.55,37.03B,-0.0084
5/20/1997,1050.85,1051.55,1053.25,1045.3,31.74B,0
5/19/1997,1050.8,1052.2,1059.25,1048.05,43.80B,0.0023
5/16/1997,1048.4,1043.4,1049.75,1041.1,37.27B,0.0033
5/15/1997,1045,1041.65,1049,1036.25,41.61B,0.0032
5/14/1997,1041.65,1030.35,1044.15,1018.15,44.97B,0.0103
5/13/1997,1031.05,1041.05,1042.25,1027.5,32.12B,-0.0091
5/12/1997,1040.5,1052.8,1056.5,1039.05,30.57B,-0.0122
5/9/1997,1053.35,1054.6,1063,1048.05,29.14B,-0.0007
5/8/1997,1054.05,1043.7,1055.4,1039.8,26.53B,0.0092
5/7/1997,1044.4,1053.1,1055.05,1042.55,33.41B,-0.0038
5/6/1997,1048.4,1045.8,1050.55,1038.75,37.31B,0.0028
5/5/1997,1045.5,1061.8,1061.8,1043.55,37.24B,-0.022
5/2/1997,1069,1074.7,1074.7,1063.75,28.80B,-0.01
4/30/1997,1079.85,1081.1,1088.4,1075.95,39.89B,0.0212
4/29/1997,1057.45,1063.6,1065.4,1052.8,34.58B,-0.0075
4/28/1997,1065.4,1068.6,1070.7,1061.2,34.44B,-0.0037
4/25/1997,1069.4,1065.4,1071.05,1062.95,33.85B,0.0021
4/24/1997,1067.2,1071.4,1075.9,1063.3,33.62B,-0.0036
4/23/1997,1071.05,1065.95,1078.05,1063.85,45.20B,0.0106
4/22/1997,1059.8,1066.7,1073.9,1056.4,54.75B,-0.0008
4/21/1997,1060.6,1041.45,1061.8,1041.25,44.88B,0.0245
4/17/1997,1035.2,1020.4,1036.15,1018.25,41.26B,0.02
4/15/1997,1014.9,1010.65,1018.6,1010.65,35.73B,0.0116
4/12/1997,1003.25,1004.9,1009.9,999.3,24.80B,-0.01
4/11/1997,1013.4,993.3,1017.2,985.65,45.47B,0.005
4/10/1997,1008.35,1024.45,1024.7,1000.3,49.31B,-0.0213
4/9/1997,1030.3,1009.95,1031.15,1009.95,32.98B,0.0398
4/7/1997,990.9,997.5,998,988,22.27B,-0.0101
4/4/1997,1001,1001.9,1002,996.6,19.92B,-0.0095
4/3/1997,1010.65,1004.3,1012.75,1000.55,30.30B,0.0084
4/2/1997,1002.2,982.1,1004.65,982.1,34.67B,0.033
4/1/1997,970.15,931.95,973.85,931.5,43.68B,0.0019
3/31/1997,968.3,1012.15,1012.15,966.8,6.63B,-0.0846
3/27/1997,1057.8,1057.45,1059,1047.7,28.28B,-0.0013
3/26/1997,1059.2,1062.5,1067.2,1057.5,36.19B,0.0008
3/25/1997,1058.35,1064.5,1067.25,1054.5,39.65B,-0.0029
3/21/1997,1061.4,1058.7,1069.5,1058.55,42.52B,0.0063
3/20/1997,1054.8,1049,1059.5,1040.95,58.86B,0.0026
3/19/1997,1052.05,1074.25,1079.6,1050,42.51B,-0.0116
3/18/1997,1064.35,1072.3,1074.5,1061.05,53.28B,-0.0077
3/17/1997,1072.6,1071.95,1076.25,1065.45,48.97B,0.0023
3/14/1997,1070.1,1062.2,1076.65,1057.55,60.18B,0.0034
3/13/1997,1066.5,1076.85,1078.6,1062.7,34.83B,-0.0072
3/12/1997,1074.2,1066.55,1088.65,1065.25,48.95B,0.0211
3/11/1997,1052,1073.8,1083.35,1046.3,60.25B,-0.0248
3/10/1997,1078.7,1118.8,1118.8,1075.05,50.44B,-0.0431
3/6/1997,1127.25,1127,1135.75,1119.3,49.30B,-0.005
3/5/1997,1132.9,1144.25,1167.95,1122.25,72.36B,0.014
3/4/1997,1117.3,1111.75,1121.4,1098.2,55.91B,0.0087
3/3/1997,1107.7,1102.45,1140.65,1095.9,64.40B,0.0043
3/1/1997,1102.95,1070.8,1106.6,1070.8,60.59B,0.1044
2/28/1997,998.65,998.25,1006.6,996,62.99B,0.0059
2/27/1997,992.75,972.35,994.5,972.05,43.87B,0.0247
2/26/1997,968.85,963.95,970.5,956.75,37.93B,0.0028
2/25/1997,966.1,962.6,975.25,954.5,53.38B,0.0014
2/24/1997,964.75,988.7,988.9,961.95,41.02B,-0.027
2/21/1997,991.55,1000.75,1002,989.5,34.24B,-0.0115
2/20/1997,1003.1,1009.55,1009.6,1000.55,37.45B,-0.0086
2/19/1997,1011.85,1004.05,1013.05,993.85,47.33B,0.0111
2/18/1997,1000.75,1020.75,1020.85,998.9,47.72B,-0.019
2/17/1997,1020.1,1017.75,1024.3,1015.1,44.42B,0.0106
2/14/1997,1009.45,1001.3,1011.85,1001.1,33.07B,0.0073
2/13/1997,1002.15,998.45,1005.1,995.35,31.74B,0.0011
2/12/1997,1001,991.65,1008.8,990.9,47.17B,0.0083
2/11/1997,992.75,980.95,996.05,978.85,40.53B,0.0115
2/10/1997,981.45,981,986.75,975.15,45.82B,0.0027
2/7/1997,978.8,969.5,980.95,966.5,47.45B,0.0114
2/6/1997,967.75,960.75,972.4,953.95,49.66B,0.0055
2/5/1997,962.5,970.75,984.8,959.5,44.91B,0.0044
2/4/1997,958.3,947,963.2,944.45,55.62B,0.0107
2/3/1997,948.2,967.9,967.9,944.2,53.19B,-0.0251
1/31/1997,972.65,988.7,988.7,965.85,59.78B,-0.0273
1/30/1997,1000,1010.6,1012.85,993.5,61.83B,-0.0169
1/29/1997,1017.2,1038.1,1043.9,1007.1,69.06B,-0.0045
1/28/1997,1021.8,1016,1025.1,1007.95,54.18B,0.0125
1/27/1997,1009.15,993.15,1017.3,990.3,63.13B,0.0236
1/24/1997,985.9,991.05,991.4,979.55,49.86B,-0.0012
1/22/1997,987.1,971.4,992.9,971.4,51.95B,0.0277
1/21/1997,960.5,972.1,980.2,956.45,51.64B,-0.0169
1/20/1997,977,1004.1,1005.55,973.95,48.11B,-0.0247
1/17/1997,1001.75,994.1,1009.7,976.35,68.74B,-0.0076
1/16/1997,1009.4,1064.05,1085.75,995.35,77.68B,-0.0311
1/15/1997,1041.8,997.5,1042.75,997.05,53.37B,0.0531
1/14/1997,989.3,984,994.4,977.7,49.91B,0.0088
1/13/1997,980.7,978.55,982.25,965.5,40.18B,0.0004
1/10/1997,980.35,962.7,984.1,962.7,52.00B,0.0248
1/9/1997,956.6,945.15,959.75,943.6,39.57B,0.0105
1/8/1997,946.7,937.35,953.1,937.35,49.52B,0.0193
1/7/1997,928.8,926.35,935.15,922.25,44.47B,0.0011
1/6/1997,927.8,932.45,937.95,925.65,26.32B,-0.0041
1/3/1997,931.65,924.3,932.6,919.55,35.26B,0.005
1/2/1997,927.05,941.95,944,925.05,49.12B,-0.0133
1/1/1997,939.55,905.2,941.4,905.2,38.95B,0.045
12/31/1996,899.1,918.15,922.1,895.6,0,-0.0139
12/26/1996,911.8,887.95,913.35,887.95,0,0.0314
12/24/1996,884.05,881.85,887.5,874.05,0,0.0023
12/23/1996,882,884.4,890.65,878.1,0,-0.0027
12/20/1996,884.38,864.25,887.92,864.25,0,0.0277
12/19/1996,860.58,858.03,864.54,853.47,0,0.0002
12/18/1996,860.4,850.69,871.84,850.69,0,0.0114
12/17/1996,850.74,846.06,853.36,841,0,0.0041
12/16/1996,847.27,823.71,848.88,823.71,0,0.0275
12/13/1996,824.62,826.54,826.54,814.89,0,-0.0032
12/12/1996,827.25,838.86,847.36,825.52,0,-0.0117
12/11/1996,837.07,806.46,839.13,803.68,0,0.0422
12/10/1996,803.2,807.73,808.53,797.66,0,-0.0068
12/9/1996,808.69,809.03,816.2,804.97,0,0.0006
12/6/1996,808.19,805.51,815.03,805.47,0,0.0074
12/5/1996,802.23,786.37,808.21,781.54,0,0.0179
12/4/1996,788.15,805.4,805.82,775.43,0,-0.0263
12/3/1996,809.43,819.77,819.77,804.46,0,-0.0132
12/2/1996,820.25,830.48,834.92,818.61,0,-0.0121
11/29/1996,830.32,825.59,833.81,825.59,0,0.0059
11/28/1996,825.47,829.28,835.15,823.26,0,-0.0044
11/27/1996,829.08,848.17,848.21,822.17,0,-0.0309
11/26/1996,855.48,856.31,870.84,847.6,0,0.0038
11/25/1996,852.26,850.24,859.24,826.99,0,0.0023
11/22/1996,850.33,867.82,868.18,848.13,0,-0.0224
11/21/1996,869.82,876.36,878.26,866.97,0,-0.0077
11/20/1996,876.61,897.99,897.99,875.36,0,-0.0234
11/19/1996,897.58,904.5,905.61,895.86,0,-0.0072
11/18/1996,904.05,893.95,904.89,893.95,0,0.0109
11/15/1996,894.31,888.58,894.62,885.62,0,0.0055
11/14/1996,889.39,895.67,897.92,885.21,0,-0.0083
11/13/1996,896.84,895.98,898.54,889.47,0,0.0062
11/11/1996,891.27,879.28,895.64,876.83,0,0.0124
11/10/1996,880.36,885.21,886.84,878.57,0,-0.0048
11/8/1996,884.64,876.11,885.68,876.11,0,0.0111
11/7/1996,874.89,867.24,876.25,866.76,0,0.0096
11/6/1996,866.57,879.81,880.15,851.77,0,-0.017
11/5/1996,881.57,890.19,894.4,878.29,0,-0.0096
11/4/1996,890.13,906.56,906.56,886.68,0,-0.0183
11/1/1996,906.68,910.32,915.39,904.95,0,-0.0029
10/31/1996,909.29,927.31,927.31,897.23,0,-0.0185
10/29/1996,926.39,936.78,936.78,922.89,0,-0.0102
10/28/1996,935.89,936.84,948.37,934.64,0,-0.0011
10/25/1996,936.95,929.42,939.73,929.42,0,0.0045
10/24/1996,932.77,953.48,956.45,928.45,0,-0.0195
10/23/1996,951.29,924.2,953.44,924.2,0,0.035
10/22/1996,919.09,896.87,924.83,896.87,0,0.0269
10/18/1996,895,892.61,899.51,888.61,0,0.0033
10/17/1996,892.07,891.42,893.33,880.76,0,-0.0008
10/16/1996,892.77,896.63,905.11,891.16,0,-0.0056
10/15/1996,897.77,892.07,902.74,885.23,0,0.0064
10/14/1996,892.05,907.26,907.26,890.71,0,-0.0184
10/11/1996,908.79,900.11,915.59,897.6,0,0.0115
10/10/1996,898.42,874.2,900.53,872.83,0,0.0271
10/9/1996,874.72,873.18,875.85,859.35,0,0.0009
10/8/1996,873.9,872.57,876.78,850.52,0,-0.0001
10/7/1996,874,905.76,905.76,859.65,0,-0.0333
10/4/1996,904.12,924.93,925.93,898.47,0,-0.0225
10/3/1996,924.92,937.16,943.38,921.18,0,-0.0121
10/1/1996,936.27,944.51,945.66,933.56,0,-0.0081
9/30/1996,943.96,945.68,948.41,932.27,0,-0.0035
9/27/1996,947.23,958.79,958.83,942.05,0,-0.0126
9/26/1996,959.31,970.76,970.89,955.6,0,-0.0123
9/25/1996,971.29,967.98,981.75,967.98,0,0.0025
9/24/1996,968.91,968.78,972.74,965.69,0,0.0001
9/23/1996,968.84,976.08,976.08,963.19,0,-0.0084
9/20/1996,977.03,979.14,984.45,973.09,0,-0.0007
9/19/1996,977.76,996.41,1001.25,975.85,0,-0.0168
9/18/1996,994.43,972.73,996.97,969.67,0,0.0239
9/17/1996,971.21,965.02,975.19,962.93,0,0.0093
9/16/1996,962.27,980.69,980.69,959.65,0,-0.0188
9/13/1996,980.72,991.65,991.86,979.8,0,-0.0087
9/12/1996,989.28,990.88,992.68,981.01,0,-0.0021
9/11/1996,991.34,1001.86,1008.79,989.71,0,-0.0098
9/10/1996,1001.15,1014.87,1014.87,996.75,0,-0.0126
9/9/1996,1013.88,1030.42,1031.22,1012.34,0,-0.0176
9/6/1996,1032.09,1038.04,1038.79,1029.96,0,-0.0052
9/5/1996,1037.47,1028.06,1038.31,1028.06,0,0.0108
9/4/1996,1026.41,1022.37,1028.26,1012.15,0,0.0031
9/3/1996,1023.27,1039.84,1046.51,1017.46,0,-0.0132
9/2/1996,1036.95,1028.91,1039.98,1028.91,0,0.0077
8/30/1996,1029,1025.91,1029.89,1023.44,0,0.0031
8/29/1996,1025.86,1028.7,1035.59,1024.67,0,-0.0012
8/28/1996,1027.09,1015.01,1029.49,1015.01,0,0.0122
8/27/1996,1014.68,1009.9,1016.59,1006.02,0,0.0056
8/26/1996,1009.04,1011.12,1016.63,1007.25,0,-0.0036
8/23/1996,1012.71,1001.38,1014.78,1000.49,0,0.0105
8/22/1996,1002.17,1001.45,1010.4,999.85,0,0.003
8/21/1996,999.19,980.23,1001.84,980.23,0,0.0224
8/20/1996,977.34,973.13,980.78,968.76,0,0.0017
8/19/1996,975.66,1001.19,1001.19,972.96,0,-0.0265
8/16/1996,1002.25,1018.28,1019.64,1001.35,0,-0.0159
8/14/1996,1018.48,1021.18,1027.95,1017.43,0,-0.0058
8/13/1996,1024.43,1031.05,1031.05,1021.67,0,-0.0075
8/12/1996,1032.17,1038.11,1039.93,1030.4,0,-0.0055
8/9/1996,1037.91,1038.76,1042.25,1033.46,0,-0.0013
8/8/1996,1039.24,1050.43,1054.29,1037.94,0,-0.0089
8/7/1996,1048.59,1036.59,1050.54,1033.52,0,0.0126
8/6/1996,1035.51,1031.8,1038.04,1023.73,0,0.0031
8/5/1996,1032.29,1035.73,1038.2,1030.34,0,-0.0006
8/2/1996,1032.94,1036.34,1036.48,1024.8,0,-0.0036
8/1/1996,1036.63,1047.47,1054.08,1035.3,0,-0.0059
7/31/1996,1042.81,1017.06,1047.04,1004.76,0,0.0275
7/30/1996,1014.91,1031.01,1031.01,999.03,0,-0.0184
7/29/1996,1033.97,1054.51,1057.84,1030.87,0,-0.0164
7/26/1996,1051.24,1062.04,1066.12,1046.46,0,-0.0108
7/25/1996,1062.68,1069.27,1075.79,1060.6,0,-0.0063
7/24/1996,1069.43,1090.74,1090.74,1049.88,0,-0.0208
7/23/1996,1092.14,1125.15,1127.08,1086.28,0,-0.0261
7/22/1996,1121.37,1125.81,1127.13,1115.06,0,0.0019
7/19/1996,1119.27,1118.92,1126.71,1112.35,0,0.0005
7/18/1996,1118.68,1109.17,1126.14,1109.17,0,0.0091
7/17/1996,1108.58,1087.07,1117.95,1087.07,0,0.0232
7/16/1996,1083.47,1100.14,1105.94,1076.92,0,-0.0091
7/15/1996,1093.38,1089,1098.35,1081.22,0,0.0037
7/12/1996,1089.35,1096.85,1099.2,1086.07,0,-0.0074
7/11/1996,1097.44,1089.45,1103.19,1089.45,0,0.01
7/10/1996,1086.62,1083.49,1093.27,1072.48,0,-0.002
7/9/1996,1088.76,1104.01,1104.13,1082.41,0,-0.0133
7/8/1996,1103.47,1095.08,1106.36,1095.08,0,0.0096
7/5/1996,1093,1089,1104,1088,0,0.0046
7/4/1996,1088,1080,1099,1056,0,0.0074
7/3/1996,1080,1100,1100,1076,0,-0.0182
7/2/1996,1100,1109,1111,1098,0,-0.0081
7/1/1996,1109,1121,1121,1105,0,-0.0116
6/28/1996,1122,1128,1136,1119,0,-0.0044
6/27/1996,1127,1119,1130,1107,0,0.0064
6/26/1996,1119.85,1127.43,1134.43,1116.96,0,-0.007
6/25/1996,1127.78,1147.28,1154.22,1123.79,0,-0.0166
6/24/1996,1146.78,1157.92,1159.92,1138.88,0,-0.0092
6/21/1996,1157.42,1168.72,1170.01,1155.56,0,-0.0103
6/20/1996,1169.48,1163.68,1170.54,1150.4,0,0.0012
6/19/1996,1168.03,1180.78,1190.03,1163.46,0,-0.0118
6/18/1996,1181.95,1176.48,1184.18,1173.66,0,-0.0029
6/17/1996,1185.37,1202.58,1203.11,1184.36,0,-0.0089
6/14/1996,1196.06,1169.26,1198.35,1169.26,0,0.0237
6/13/1996,1168.4,1166.37,1172.34,1164.66,0,0.0039
6/12/1996,1163.87,1164.83,1171.01,1163.58,0,0.0182
6/11/1996,1143.06,1137.74,1145.68,1136.77,0,0.0015
6/10/1996,1141.35,1136.86,1144.15,1136.86,0,0.007
6/7/1996,1133.44,1126.39,1134.86,1126.39,0,0.0032
6/6/1996,1129.82,1129.17,1132.62,1127.52,0,0.015
6/5/1996,1113.14,1108.78,1115.06,1104.45,0,0.0068
6/4/1996,1105.64,1114.55,1118.13,1104.32,0,-0.0029
6/3/1996,1108.87,1098.18,1109.99,1098.18,0,0.0174
5/31/1996,1089.92,1086.46,1089.92,1083.73,0,0.0065
5/30/1996,1082.84,1095.86,1095.86,1082.58,0,-0.0127
5/29/1996,1096.76,1074.23,1100.59,1074.23,0,0.0314
5/28/1996,1063.36,1054.62,1065.61,1046.95,0,-0.0018
5/27/1996,1065.29,1080.55,1080.55,1065.29,0,-0.0182
5/24/1996,1085.03,1079.77,1087.77,1077.87,0,0.0077
5/23/1996,1076.71,1079.89,1079.89,1073.76,0,-0.0041
5/22/1996,1081.13,1082.25,1086.07,1079.61,0,0.0058
5/21/1996,1074.86,1077.18,1082.52,1074.19,0,-0.0081
5/20/1996,1083.67,1094.6,1094.6,1083.56,0,-0.0286
5/17/1996,1115.54,1122.42,1122.42,1113.59,0,-0.0116
5/16/1996,1128.59,1128.45,1141.64,1126.29,0,0.0113
5/15/1996,1115.97,1107,1117.41,1095.67,0,0.0095
5/14/1996,1105.47,1087.94,1107.44,1085.85,0,0.016
5/13/1996,1088.1,1081.68,1090.16,1080.68,0,0.0088
5/10/1996,1078.63,1076.97,1080.91,1063.75,0,-0.0109
5/9/1996,1090.53,1101.41,1107.41,1089.87,0,-0.0162
5/8/1996,1108.53,1082.78,1113.62,1075.94,0,0.0141
5/7/1996,1093.09,1086.66,1094.97,1086.66,0,0.0045
5/6/1996,1088.22,1108,1108,1087.86,0,-0.0279
5/3/1996,1119.48,1126.08,1127.99,1119.34,0,-0.0111
5/2/1996,1132.05,1131.96,1132.05,1123.15,0,-0.0051
5/1/1996,1137.86,1141.65,1141.65,1133.92,0,0.0211
4/30/1996,1114.36,1118.1,1118.23,1112.44,0,-0.0036
4/29/1996,1118.37,1112.7,1118.69,1107.51,0,-0.0047
4/26/1996,1123.63,1133.17,1133.17,1106.29,0,0.0025
4/25/1996,1120.82,1157.94,1160.16,1110.61,0,-0.0212
4/24/1996,1145.11,1136.97,1145.11,1126.77,0,0.045
4/23/1996,1095.82,1090.04,1100.51,1090.04,0,-0.01
4/22/1996,1106.93,1136.28,1136.28,1102.83,0,-0.0219
4/19/1996,1131.74,1124.3,1142.26,1124.3,0,0.009
4/18/1996,1121.68,1107.76,1124.93,1107.76,0,0.0232
4/17/1996,1096.28,1067.93,1096.28,1067.93,0,0.0355
4/16/1996,1058.71,1046.8,1060.85,1046.8,0,0.0117
4/15/1996,1046.45,1038.03,1050.48,1038.03,0,0.0138
4/12/1996,1032.19,1023.84,1033.17,1023.84,0,0.0068
4/11/1996,1025.18,1024.37,1026.52,1022.31,0,-0.004
4/10/1996,1029.28,1030.57,1035.79,1027.07,0,0.0002
4/9/1996,1029.07,1035.61,1041.05,1028.78,0,-0.003
4/8/1996,1032.13,1024.4,1034.72,1024.4,0,0.021
4/4/1996,1010.94,1012.29,1012.29,1000.9,0,-0.0025
4/3/1996,1013.47,1013.41,1019.09,1012.79,0,0.0102
4/2/1996,1003.28,996.07,1005.68,996.07,0,0.0085
4/1/1996,994.8,988.33,995.01,988.33,0,0.0096
3/29/1996,985.3,998.16,998.16,985.3,0,-0.0121
3/28/1996,997.32,976.91,997.32,976.91,0,0.0238
3/27/1996,974.17,965.84,975.6,965.84,0,0.0178
3/26/1996,957.14,952.87,958.58,949.28,0,0.0033
3/25/1996,953.98,956.89,957.19,952.25,0,-0.0022
3/22/1996,956.11,962.34,962.34,950.07,0,-0.0098
3/21/1996,965.57,957.88,967.75,957.88,0,0.0195
3/19/1996,947.09,961.12,964.08,945.07,0,-0.0156
3/18/1996,962.09,977.71,977.71,961.37,0,-0.0201
3/15/1996,981.87,989.55,989.98,981.67,0,-0.0094
3/14/1996,991.14,993.72,1002.68,990.41,0,-0.001
3/13/1996,992.14,973.75,992.54,972.77,0,0.0163
3/12/1996,976.22,974.71,976.46,969.15,0,0.001
3/11/1996,975.26,981.16,981.16,966.28,0,-0.0135
3/8/1996,988.62,993.93,993.93,981.6,0,-0.0098
3/7/1996,998.45,1005.06,1010.5,998.45,0,-0.0044
3/6/1996,1002.91,999.67,1003.72,997.86,0,0.0041
3/4/1996,998.84,1000.58,1002.41,996.51,0,-0.0006
3/1/1996,999.47,994.66,1002.19,989.78,0,0.007
2/29/1996,992.51,1024.14,1024.14,992.48,0,-0.034
2/28/1996,1027.39,1034.49,1037.53,1027.39,0,-0.0001
2/27/1996,1027.45,1034.28,1034.28,1024.65,0,-0.007
2/26/1996,1034.73,1035.02,1045.15,1034.52,0,0.0057
2/23/1996,1028.84,1025.36,1029.64,1019.45,0,0.0038
2/22/1996,1024.91,1006.84,1025.44,1006.84,0,0.0248
2/20/1996,1000.13,1021.08,1021.08,999.93,0,-0.0208
2/19/1996,1021.38,1027.2,1028.26,1019.93,0,-0.0017
2/16/1996,1023.08,1040.84,1040.84,1020.46,0,-0.0221
2/15/1996,1046.24,1048.14,1053.19,1042.36,0,-0.0055
2/14/1996,1051.99,1040.91,1067.49,1040.91,0,0.024
2/13/1996,1027.36,1019.69,1030.3,1006.28,0,0.0087
2/12/1996,1018.51,1032.47,1045.81,1018.51,0,-0.014
2/9/1996,1033.02,1001.85,1033.02,980.27,0,0.0538
2/8/1996,980.27,936.72,983.25,936.72,0,0.0518
2/7/1996,932.02,918.97,932.02,913.22,0,0.0068
2/6/1996,925.71,943.75,947.89,919.99,0,-0.0184
2/5/1996,943.08,933.14,949.16,927.65,0,0.027
2/2/1996,918.31,878.5,919.82,878.5,0,0.0561
2/1/1996,869.54,848.28,869.54,848.28,0,0.0249
1/31/1996,848.42,843.19,852.75,843.19,0,0.0022
1/30/1996,846.57,836.14,848.13,836.14,0,0.0189
1/29/1996,830.88,813.12,832.23,813.12,0,0.0196
1/25/1996,814.92,819.56,819.56,814.34,0,-0.0046
1/24/1996,818.69,831.17,831.17,816,0,-0.0171
1/23/1996,832.9,846.05,846.05,830.83,0,-0.0135
1/22/1996,844.31,844.83,847.12,844.04,0,0.0004
1/19/1996,843.99,846.66,847.17,840.18,0,-0.0057
1/18/1996,848.83,853.28,853.28,841.79,0,-0.0097
1/17/1996,857.11,866,866,857.11,0,-0.0131
1/16/1996,868.52,871.29,871.29,866.64,0,-0.0032
1/15/1996,871.32,878.74,878.74,870.98,0,-0.0044
1/12/1996,875.15,875.11,877.6,872.1,0,0.0022
1/11/1996,873.27,862.62,873.72,861.97,0,0.011
1/10/1996,863.8,863.86,869.01,863.8,0,-0.0061
1/9/1996,869.12,864.84,870.71,856.77,0,-0.0007
1/8/1996,869.7,883.64,883.64,868.44,0,-0.017
1/5/1996,884.73,887.79,887.79,881.74,0,-0.0056
1/4/1996,889.67,891.37,891.37,884.1,0,-0.007
1/3/1996,895.96,901.66,904.48,895.48,0,-0.0049
1/2/1996,900.38,906.78,906.78,899.52,0,-0.0084
1/1/1996,908.01,913.11,913.11,906.15,0,-0.0006
12/29/1995,908.53,912.72,912.72,906.32,0,-0.0066
12/28/1995,914.55,923.67,927.6,913.76,0,-0.0086
12/27/1995,922.5,908.81,923.09,908.81,0,0.019
12/26/1995,905.33,899.87,906.47,898.41,0,0.0052
12/22/1995,900.65,900.86,906.63,899.38,0,0.0002
12/21/1995,900.5,888.25,900.5,887.73,0,0.0169
12/20/1995,885.53,883.68,887.19,883.68,0,0.002
12/19/1995,883.72,882.35,884.19,879.54,0,0.0012
12/18/1995,882.63,883.29,883.58,881.17,0,-0.0009
12/15/1995,883.41,876.95,883.85,875.5,0,-0.0011
12/14/1995,884.34,890.81,891.98,884.31,0,-0.0055
12/13/1995,889.26,881.3,889.26,881.3,0,0.0111
12/12/1995,879.49,878.99,880.08,875.43,0,0.0024
12/11/1995,877.41,882.58,882.58,874.37,0,-0.0109
12/8/1995,887.12,900.28,908.12,886.54,0,-0.0128
12/7/1995,898.62,881.97,901.25,881.97,0,0.0224
12/6/1995,878.93,870.39,878.93,868.12,0,0.0143
12/5/1995,866.52,860.02,867.59,854.47,0,0.0033
12/4/1995,863.7,870.29,873.05,861.97,0,-0.0107
12/1/1995,873.05,867.99,877.41,866.37,0,0.0127
11/30/1995,862.1,840.87,863.98,838.36,0,0.0201
11/29/1995,845.12,845.36,845.36,822.54,0,0.0017
11/28/1995,843.68,854.5,854.5,841.44,0,-0.0204
11/27/1995,861.25,871.94,878.58,858.93,0,-0.0113
11/24/1995,871.11,849.6,874.97,849.6,0,0.0254
11/23/1995,849.5,856.2,856.2,842.33,0,-0.0173
11/22/1995,864.42,878,878,856.92,0,-0.0139
11/21/1995,876.59,891.96,891.96,876,0,-0.0181
11/20/1995,892.79,896.27,898.86,892.05,0,-0.0068
11/17/1995,898.86,898.72,900.41,885.31,0,-0.0058
11/16/1995,904.08,915.96,915.96,900.83,0,-0.01
11/15/1995,913.21,901.33,913.54,901.33,0,0.0118
11/14/1995,902.56,916.66,916.66,897.52,0,-0.016
11/13/1995,917.26,949.29,949.29,916.48,0,-0.0333
11/10/1995,948.82,951.93,951.93,946,0,-0.0045
11/9/1995,953.07,960.32,960.32,952.13,0,-0.0113
11/8/1995,964.01,976.28,976.28,962.98,0,-0.0145
11/7/1995,978.22,987.17,987.17,977.05,0,-0.0108
11/6/1995,988.92,1001.53,1001.53,988.92,0,-0.0111
